Time (ms),Avg stress (kPa),Upper (kPa),Lower (kPa)
0,-5.65279,-1.816444,-9.489135
5.005005,-5.70517,-1.872923,-9.537417
10.01001,-5.75755,-1.929316,-9.585785
15.01502,-5.80993,-1.985621,-9.634239
20.02002,-5.86231,-2.04184,-9.682781
25.02503,-5.91469,-2.097971,-9.73141
30.03003,-5.967071,-2.154015,-9.780127
35.03504,-6.019451,-2.20997,-9.828931
40.04004,-6.071831,-2.265838,-9.877824
45.04505,-6.124211,-2.321617,-9.926805
50.05005,-6.176591,-2.377308,-9.975874
55.05506,-6.228971,-2.43291,-10.02503
60.06006,-6.281351,-2.488423,-10.07428
65.06507,-6.333732,-2.543847,-10.12362
70.07007,-6.386112,-2.599181,-10.17304
75.07508,-6.438492,-2.654425,-10.22256
80.08008,-6.490872,-2.70958,-10.27216
85.08509,-6.543252,-2.764644,-10.32186
90.09009,-6.595632,-2.819619,-10.37165
95.0951,-6.648012,-2.874502,-10.42152
100.1001,-6.700392,-2.929295,-10.47149
105.1051,-6.752773,-2.983998,-10.52155
110.1101,-6.805153,-3.038609,-10.5717
115.1151,-6.857533,-3.093129,-10.62194
120.1201,-6.909913,-3.147558,-10.67227
125.1251,-6.961686,-3.200561,-10.72281
130.1301,-6.989793,-3.201265,-10.77832
135.1351,-7.0179,-3.201612,-10.83419
140.1401,-7.046006,-3.201612,-10.8904
145.1451,-7.06695,-3.197355,-10.93655
150.1502,-7.086408,-3.192166,-10.98065
155.1552,-7.105867,-3.186881,-11.02485
160.1602,-7.125325,-3.1815,-11.06915
165.1652,-7.144783,-3.176027,-11.11354
170.1702,-7.164241,-3.170462,-11.15802
175.1752,-7.183699,-3.164807,-11.20259
180.1802,-7.203157,-3.159064,-11.24725
185.1852,-7.222615,-3.153235,-11.292
190.1902,-7.242074,-3.147321,-11.33683
195.1952,-7.261532,-3.141324,-11.38174
200.2002,-7.28099,-3.135245,-11.42674
205.2052,-7.300448,-3.129085,-11.47181
210.2102,-7.319906,-3.122847,-11.51697
215.2152,-7.339364,-3.116532,-11.5622
220.2202,-7.358822,-3.110141,-11.6075
225.2252,-7.378281,-3.103675,-11.65289
230.2302,-7.397739,-3.097136,-11.69834
235.2352,-7.352176,-2.96298,-11.74137
240.2402,-7.108187,-2.433906,-11.78247
245.2452,-6.864198,-1.896941,-11.83146
250.2503,-6.616437,-1.352775,-11.8801
255.2553,-6.297008,-0.7938173,-11.8002
260.2603,-5.977579,-0.2346355,-11.72052
265.2653,-5.658151,0.3247437,-11.64105
270.2703,-5.338722,0.8842976,-11.56174
275.2753,-5.019293,1.444007,-11.48259
280.2803,-4.699864,2.003854,-11.40358
285.2853,-4.380436,2.563826,-11.3247
290.2903,-4.061007,3.123909,-11.24592
295.2953,-3.741578,3.684093,-11.16725
300.3003,-3.422149,4.244368,-11.08867
305.3053,-3.10272,4.804726,-11.01017
310.3103,-2.783292,5.36516,-10.93174
315.3153,-2.463863,5.925663,-10.85339
320.3203,-2.144434,6.486229,-10.7751
325.3253,-1.825005,7.046853,-10.69686
330.3303,-1.505576,7.607531,-10.61868
335.3353,-1.186148,8.168258,-10.54055
340.3403,-0.8667189,8.72903,-10.46247
345.3453,-0.4004712,9.544253,-10.3452
350.3504,0.4651032,11.06137,-10.13116
355.3554,1.330678,12.59206,-9.930702
360.3604,2.261146,14.12528,-9.602991
365.3654,3.36547,15.6388,-8.907864
370.3704,4.469795,17.15245,-8.212863
375.3754,5.574119,18.66621,-7.517975
380.3804,6.678444,20.18008,-6.823192
385.3854,7.782768,21.69404,-6.128503
390.3904,8.887093,23.20809,-5.433901
395.3954,9.991418,24.72221,-4.739377
400.4004,11.09574,26.23641,-4.044927
405.4054,12.20007,27.75068,-3.350544
410.4104,13.30439,29.26501,-2.656223
415.4154,14.40872,30.77939,-1.961959
420.4204,15.51304,32.29383,-1.267748
425.4254,16.61736,33.80832,-0.573586
430.4304,17.72169,35.32285,0.1205298
435.4354,18.82601,36.83742,0.814603
440.4404,19.93034,38.35204,1.508636
445.4454,21.03466,39.86669,2.202632
450.4505,22.13899,41.38138,2.896594
455.4555,23.54753,43.31993,3.775131
460.4605,25.27196,45.70917,4.834747
465.4655,26.99639,48.11154,5.881249
470.4705,28.82866,50.50438,7.152947
475.4755,30.92017,52.84992,8.990417
480.4805,33.01167,55.19575,10.8276
485.4855,35.10318,57.54186,12.6645
490.4905,37.19468,59.88823,14.50113
495.4955,39.28619,62.23487,16.3375
500.5005,41.37769,64.58177,18.17362
505.5055,43.4692,66.9289,20.00949
510.5105,45.5607,69.27628,21.84512
515.5155,47.6522,71.62388,23.68053
520.5205,49.74371,73.9717,25.51571
525.5255,51.83521,76.31974,27.35068
530.5305,53.92672,78.66799,29.18545
535.5355,56.01822,81.01644,31.02001
540.5405,58.10973,83.36508,32.85437
545.5455,60.20123,85.71392,34.68855
550.5506,62.29274,88.06294,36.52254
555.5556,64.38424,90.41213,38.35635
560.5606,66.47575,92.7615,40.18999
565.5656,68.74465,95.13879,42.35051
570.5706,71.18224,97.55104,44.81344
575.5756,73.61982,99.97457,47.26508
580.5806,76.38739,102.8339,49.94088
585.5856,79.46499,106.0949,52.83508
590.5906,82.54259,109.356,55.72917
595.5956,85.62018,112.6172,58.62315
600.6006,88.69778,115.8785,61.51702
605.6056,91.77538,119.14,64.41078
610.6106,94.85298,122.4015,67.30444
615.6156,97.93058,125.6632,70.198
620.6206,101.0082,128.9249,73.09145
625.6256,104.0858,132.1867,75.98481
630.6306,107.1634,135.4487,78.87807
635.6356,110.241,138.7107,81.77124
640.6406,113.3186,141.9728,84.66432
645.6456,116.3962,145.235,87.5573
650.6507,119.4738,148.4973,90.45019
655.6557,122.5514,151.7597,93.343
660.6607,125.629,155.0222,96.23572
665.6657,128.7066,158.2847,99.12836
670.6707,131.7842,161.5474,102.0209
675.6757,134.9179,164.8212,105.0146
680.6807,138.0719,168.0992,108.0445
685.6857,141.2259,171.3775,111.0743
690.6907,144.341,174.4135,114.2685
695.6957,147.402,177.2444,117.5597
700.7007,150.463,180.0753,120.8507
705.7057,153.524,182.9063,124.1418
710.7107,156.5851,185.7373,127.4328
715.7157,159.6461,188.5683,130.7238
720.7207,162.7071,191.3994,134.0148
725.7257,165.7681,194.2305,137.3057
730.7307,168.8291,197.0616,140.5966
735.7357,171.8901,199.8928,143.8874
740.7407,174.9511,202.724,147.1782
745.7457,178.0121,205.5553,150.469
750.7508,181.0731,208.3866,153.7597
755.7558,184.1341,211.2179,157.0504
760.7608,187.1952,214.0493,160.341
765.7658,190.2562,216.8807,163.6316
770.7708,193.3172,219.7121,166.9222
775.7758,196.3782,222.5437,170.2127
780.7808,199.4392,225.3752,173.5032
785.7858,202.2489,228.1471,176.3506
790.7908,205.047,230.9237,179.1703
795.7958,207.8452,233.7078,181.9826
800.8008,210.0657,235.3723,184.759
805.8058,212.1031,236.6807,187.5255
810.8108,214.1406,237.9892,190.292
815.8158,216.1781,239.2978,193.0584
820.8208,218.2156,240.6064,195.8247
825.8258,220.2531,241.9152,198.5909
830.8308,222.2905,243.224,201.357
835.8358,224.328,244.533,204.123
840.8408,226.3655,245.8421,206.8889
845.8458,228.403,247.1513,209.6547
850.8509,230.4404,248.4607,212.4202
855.8559,232.4779,249.7702,215.1856
860.8609,234.5154,251.08,217.9508
865.8659,236.5529,252.39,220.7158
870.8709,238.5904,253.7002,223.4805
875.8759,240.6278,255.0108,226.2449
880.8809,242.6653,256.3217,229.0089
885.8859,244.7028,257.633,231.7726
890.8909,246.7403,258.9448,234.5357
895.8959,248.4202,260.1768,236.6635
900.9009,250.0921,261.4374,238.7467
905.9059,251.764,262.7323,240.7956
910.9109,253.0587,264.0249,242.0926
915.9159,254.3462,265.317,243.3755
920.9209,255.6338,266.6092,244.6583
925.9259,256.9213,267.9014,245.9411
930.9309,258.2088,269.1936,247.2239
935.9359,259.4963,270.4859,248.5067
940.9409,260.661,271.4147,249.9073
945.9459,261.7396,272.0885,251.3907
950.951,262.8181,272.7623,252.874
955.956,263.8967,273.4361,254.3573
960.961,264.9752,274.1099,255.8406
965.966,266.0538,274.7837,257.3238
970.971,267.1323,275.4576,258.8071
975.976,268.2109,276.1315,260.2903
980.981,269.2895,276.8054,261.7735
985.986,270.368,277.4793,263.2567
990.991,271.4466,278.1533,264.7399
995.996,272.5251,278.8273,266.223
1001.001,273.5498,279.5001,267.5995
1006.006,274.3591,280.1883,268.5299
1011.011,275.1684,280.9115,269.4253
1016.016,275.9768,281.6709,270.2827
1021.021,276.5093,282.3237,270.6949
1026.026,277.0417,282.977,271.1065
1031.031,277.5742,283.6309,271.5175
1036.036,278.1067,284.2853,271.9281
1041.041,278.6392,284.9402,272.3382
1046.046,279.1717,285.5955,272.7478
1051.051,279.5661,285.847,273.2851
1056.056,279.9279,286.0034,273.8525
1061.061,280.2898,286.1598,274.4198
1066.066,280.6517,286.3163,274.9872
1071.071,281.0136,286.4727,275.5545
1076.076,281.3755,286.6292,276.1218
1081.081,281.7374,286.7858,276.689
1086.086,282.0993,286.9423,277.2562
1091.091,282.4612,287.0989,277.8234
1096.096,282.823,287.2555,278.3906
1101.101,283.1849,287.4122,278.9577
1106.106,283.5468,287.5689,279.5247
1111.111,283.8533,287.7446,279.962
1116.116,284.0838,287.9539,280.2136
1121.121,284.3143,288.1745,280.454
1126.126,284.5168,288.3855,280.6481
1131.131,284.623,288.529,280.7169
1136.136,284.7291,288.6729,280.7854
1141.141,284.8353,288.8169,280.8537
1146.146,284.9415,288.9613,280.9217
1151.151,285.0476,289.1058,280.9894
1156.156,285.1521,289.2459,281.0583
1161.161,285.2052,289.2397,281.1708
1166.166,285.2583,289.2335,281.2832
1171.171,285.3114,289.2273,281.3956
1176.176,285.3645,289.2211,281.508
1181.181,285.4176,289.2149,281.6204
1186.186,285.4707,289.2087,281.7327
1191.191,285.5238,289.2025,281.8451
1196.196,285.5769,289.1963,281.9575
1201.201,285.63,289.1901,282.0699
1206.206,285.6831,289.1839,282.1823
1211.211,285.7362,289.1778,282.2946
1216.216,285.7893,289.1716,282.407
1221.221,285.8253,289.1742,282.4763
1226.226,285.8398,289.1885,282.4911
1231.231,285.8543,289.2036,282.505
1236.236,285.8511,289.2059,282.4962
1241.241,285.826,289.1919,282.4601
1246.246,285.8009,289.178,282.4238
1251.251,285.7758,289.1643,282.3873
1256.256,285.7507,289.1508,282.3507
1261.261,285.7257,289.1374,282.3139
1266.266,285.7005,289.1239,282.277
1271.271,285.6733,289.1049,282.2416
1276.276,285.6461,289.086,282.2061
1281.281,285.6189,289.0673,282.1705
1286.286,285.5917,289.0487,282.1347
1291.291,285.5645,289.0303,282.0988
1296.296,285.5373,289.012,282.0627
1301.301,285.5102,288.9938,282.0265
1306.306,285.483,288.9758,281.9902
1311.311,285.4558,288.9579,281.9537
1316.316,285.4286,288.9401,281.9171
1321.321,285.4014,288.9225,281.8804
1326.326,285.3742,288.9049,281.8435
1331.331,285.3448,288.8885,281.801
1336.336,285.3141,288.8726,281.7556
1341.341,285.2835,288.8568,281.7102
1346.346,285.2555,288.8424,281.6687
1351.351,285.2307,288.8295,281.6318
1356.356,285.2058,288.8167,281.5949
1361.361,285.1809,288.8039,281.558
1366.366,285.156,288.791,281.5211
1371.371,285.1312,288.7782,281.4841
1376.376,285.1058,288.7639,281.4477
1381.381,285.079,288.7457,281.4124
1386.386,285.0523,288.7274,281.3772
1391.391,285.0255,288.7092,281.3419
1396.396,284.9988,288.6909,281.3066
1401.401,284.972,288.6727,281.2713
1406.406,284.9453,288.6545,281.2361
1411.411,284.9185,288.6363,281.2008
1416.416,284.8918,288.6181,281.1655
1421.421,284.865,288.5999,281.1302
1426.426,284.8383,288.5817,281.0949
1431.431,284.8115,288.5635,281.0596
1436.436,284.7848,288.5453,281.0243
1441.441,284.7619,288.5257,280.9981
1446.446,284.7408,288.5056,280.9761
1451.451,284.7198,288.4854,280.9541
1456.456,284.7049,288.468,280.9417
1461.461,284.6927,288.4518,280.9336
1466.466,284.6806,288.4357,280.9256
1471.471,284.6685,288.4195,280.9175
1476.476,284.6563,288.4033,280.9094
1481.481,284.6442,288.3871,280.9013
1486.486,284.6316,288.3696,280.8936
1491.491,284.6185,288.3506,280.8864
1496.496,284.6054,288.3316,280.8792
1501.502,284.5923,288.3127,280.8719
1506.507,284.5792,288.2937,280.8647
1511.512,284.5661,288.2748,280.8574
1516.517,284.553,288.2558,280.8502
1521.522,284.5399,288.2369,280.8429
1526.527,284.5268,288.218,280.8356
1531.532,284.5137,288.199,280.8283
1536.537,284.5006,288.1801,280.821
1541.542,284.4875,288.1612,280.8137
1546.547,284.4744,288.1423,280.8064
1551.552,284.4669,288.1213,280.8124
1556.557,284.4599,288.1001,280.8196
1561.562,284.4529,288.0789,280.8269
1566.567,284.4441,288.0569,280.8313
1571.572,284.4351,288.0348,280.8355
1576.577,284.4262,288.0127,280.8397
1581.582,284.4172,287.9906,280.8439
1586.587,284.4083,287.9685,280.848
1591.592,284.3993,287.9465,280.8521
1596.597,284.3861,287.9121,280.8601
1601.602,284.3689,287.8663,280.8716
1606.607,284.3518,287.8204,280.8831
1611.612,284.3346,287.7746,280.8946
1616.617,284.3175,287.7288,280.9061
1621.622,284.3003,287.683,280.9176
1626.627,284.2832,287.6372,280.9291
1631.632,284.266,287.5914,280.9406
1636.637,284.2489,287.5456,280.9521
1641.642,284.2317,287.4998,280.9636
1646.647,284.2146,287.4541,280.9751
1651.652,284.1974,287.4083,280.9866
1656.657,284.1803,287.3625,280.998
1661.662,284.1631,287.3167,281.0095
1666.667,284.146,287.271,281.0209
1671.672,284.1288,287.2252,281.0324
1676.677,284.1089,287.1781,281.0397
1681.682,284.0888,287.1309,281.0467
1686.687,284.0687,287.0837,281.0536
1691.692,284.0486,287.0366,281.0605
1696.697,284.0285,286.9896,281.0674
1701.702,284.0084,286.9425,281.0742
1706.707,283.9812,286.8749,281.0875
1711.712,283.9515,286.8,281.103
1716.717,283.9218,286.7251,281.1186
1721.722,283.8922,286.6503,281.1341
1726.727,283.8625,286.5755,281.1495
1731.732,283.8329,286.5007,281.165
1736.737,283.8032,286.4259,281.1804
1741.742,283.7735,286.3512,281.1958
1746.747,283.7439,286.2765,281.2112
1751.752,283.7142,286.2019,281.2265
1756.757,283.6845,286.1272,281.2418
1761.762,283.6549,286.0526,281.2571
1766.767,283.6252,285.9781,281.2723
1771.772,283.5956,285.9036,281.2875
1776.777,283.5659,285.8291,281.3027
1781.782,283.5355,285.7546,281.3163
1786.787,283.501,285.68,281.3219
1791.792,283.4665,285.6055,281.3275
1796.797,283.432,285.531,281.333
1801.802,283.3975,285.4566,281.3384
1806.807,283.363,285.3822,281.3438
1811.812,283.3285,285.308,281.349
1816.817,283.2916,285.2266,281.3566
1821.822,283.2539,285.1431,281.3647
1826.827,283.2162,285.0596,281.3727
1831.832,283.1785,284.9763,281.3807
1836.837,283.1408,284.8931,281.3885
1841.842,283.1031,284.8099,281.3963
1846.847,283.0654,284.7269,281.4039
1851.852,283.0277,284.6441,281.4113
1856.857,282.99,284.5613,281.4187
1861.862,282.9523,284.4788,281.4258
1866.867,282.9146,284.3964,281.4328
1871.872,282.8769,284.3142,281.4397
1876.877,282.8392,284.2322,281.4463
1881.882,282.8015,284.1504,281.4526
1886.887,282.7638,284.0689,281.4588
1891.892,282.7252,283.9877,281.4627
1896.897,282.6824,283.9073,281.4576
1901.902,282.6396,283.8276,281.4517
1906.907,282.5954,283.7482,281.4425
1911.912,282.5445,283.6678,281.4211
1916.917,282.4935,283.5875,281.3995
1921.922,282.4426,283.5076,281.3777
1926.927,282.3917,283.4279,281.3556
1931.932,282.3408,283.3485,281.3331
1936.937,282.2899,283.2695,281.3103
1941.942,282.2447,283.2073,281.282
1946.947,282.201,283.1499,281.2521
1951.952,282.1573,283.0928,281.2219
1956.957,282.1137,283.036,281.1914
1961.962,282.07,282.9794,281.1605
1966.967,282.0263,282.9232,281.1294
1971.972,281.9826,282.8673,281.098
1976.977,281.939,282.8117,281.0662
1981.982,281.8953,282.7565,281.0341
1986.987,281.8516,282.7017,281.0015
1991.992,281.8079,282.6472,280.9687
1996.997,281.7643,282.5932,280.9354
2002.002,281.7209,282.5393,280.9024
2007.007,281.6779,282.4856,280.8702
2012.012,281.6349,282.4323,280.8375
2017.017,281.5898,282.3772,280.8023
2022.022,281.5363,282.3137,280.7589
2027.027,281.4827,282.2501,280.7154
2032.032,281.4292,282.1865,280.6719
2037.037,281.3757,282.123,280.6284
2042.042,281.3222,282.0594,280.5849
2047.047,281.2686,281.9958,280.5414
2052.052,281.2151,281.9323,280.4979
2057.057,281.1616,281.8688,280.4544
2062.062,281.108,281.8052,280.4109
2067.067,281.0712,281.7871,280.3553
2072.072,281.0382,281.78,280.2963
2077.077,281.0052,281.7735,280.2368
2082.082,280.9721,281.7676,280.1767
2087.087,280.9391,281.762,280.1162
2092.092,280.9061,281.7569,280.0553
2097.097,280.8731,281.7522,279.994
2102.102,280.8401,281.7478,279.9323
2107.107,280.8071,281.7438,279.8704
2112.112,280.7771,281.7387,279.8155
2117.117,280.749,281.7334,279.7647
2122.122,280.7209,281.7285,279.7133
2127.127,280.6928,281.7241,279.6615
2132.132,280.6647,281.7201,279.6093
2137.137,280.6366,281.7165,279.5567
2142.142,280.6061,281.7126,279.4997
2147.147,280.5677,281.7072,279.4282
2152.152,280.5292,281.703,279.3554
2157.157,280.4907,281.7,279.2815
2162.162,280.4523,281.698,279.2066
2167.167,280.4138,281.6969,279.1307
2172.172,280.3759,281.6982,279.0535
2177.177,280.3525,281.7434,278.9616
2182.182,280.3291,281.7892,278.869
2187.187,280.3058,281.8357,278.7759
2192.192,280.2824,281.8826,278.6822
2197.197,280.259,281.9299,278.5882
2202.202,280.2357,281.9776,278.4937
2207.207,280.2123,282.0256,278.399
2212.212,280.1889,282.074,278.3039
2217.217,280.1656,282.1226,278.2086
2222.222,280.1406,282.1708,278.1104
2227.227,280.1148,282.219,278.0105
2232.232,280.0889,282.2672,277.9106
2237.237,280.0631,282.3156,277.8106
2242.242,280.0372,282.364,277.7104
2247.247,280.0114,282.4126,277.6102
2252.252,279.9887,282.4602,277.5173
2257.257,279.97,282.5065,277.4335
2262.262,279.9513,282.5529,277.3497
2267.267,279.9326,282.5993,277.2659
2272.272,279.9139,282.6457,277.182
2277.277,279.8951,282.6921,277.0982
2282.282,279.874,282.7313,277.0166
2287.287,279.8457,282.7498,276.9415
2292.292,279.8174,282.7683,276.8664
2297.297,279.7891,282.7868,276.7913
2302.302,279.7608,282.8054,276.7162
2307.307,279.7325,282.8239,276.641
2312.312,279.7042,282.8425,276.5659
2317.317,279.6759,282.861,276.4907
2322.322,279.6476,282.8796,276.4155
2327.327,279.6193,282.8982,276.3403
2332.332,279.5923,282.9174,276.2672
2337.337,279.5656,282.9367,276.1945
2342.342,279.5389,282.9561,276.1217
2347.347,279.5122,282.9754,276.0489
2352.352,279.4854,282.9948,275.976
2357.357,279.4587,283.0142,275.9032
2362.362,279.432,283.0337,275.8303
2367.367,279.4053,283.0531,275.7574
2372.372,279.3785,283.0726,275.6845
2377.377,279.3531,283.0916,275.6146
2382.382,279.329,283.1101,275.5479
2387.387,279.3048,283.1285,275.4812
2392.392,279.2756,283.1322,275.419
2397.397,279.233,283.0972,275.3688
2402.402,279.1904,283.0623,275.3185
2407.407,279.1478,283.0274,275.2682
2412.412,279.1052,282.9925,275.2179
2417.417,279.0626,282.9577,275.1675
2422.422,279.02,282.923,275.117
2427.427,278.9774,282.8883,275.0665
2432.432,278.9348,282.8536,275.016
2437.437,278.8928,282.8194,274.9663
2442.442,278.8576,282.789,274.9263
2447.447,278.8224,282.7587,274.8861
2452.452,278.7872,282.7287,274.8457
2457.457,278.752,282.6988,274.8051
2462.462,278.7168,282.6692,274.7644
2467.467,278.6815,282.6397,274.7234
2472.472,278.6463,282.6104,274.6823
2477.477,278.6111,282.5813,274.641
2482.482,278.5759,282.5523,274.5995
2487.487,278.5407,282.5236,274.5578
2492.492,278.5055,282.495,274.5159
2497.497,278.4703,282.4666,274.4739
2502.503,278.4343,282.43,274.4387
2507.508,278.3977,282.3851,274.4102
2512.513,278.361,282.3404,274.3816
2517.518,278.3244,282.2959,274.3529
2522.523,278.2877,282.2515,274.3239
2527.528,278.2511,282.2073,274.2948
2532.533,278.2144,282.1633,274.2655
2537.538,278.1778,282.1195,274.236
2542.543,278.1411,282.0758,274.2064
2547.548,278.1045,282.0323,274.1766
2552.553,278.0678,281.989,274.1466
2557.558,278.0312,281.9459,274.1164
2562.563,277.9956,281.9039,274.0873
2567.568,277.9684,281.8696,274.0672
2572.573,277.9412,281.8358,274.0465
2577.578,277.914,281.8025,274.0254
2582.583,277.8867,281.7698,274.0037
2587.588,277.8595,281.7376,273.9815
2592.593,277.8323,281.7059,273.9588
2597.598,277.8051,281.6748,273.9355
2602.603,277.7779,281.6441,273.9117
2607.608,277.7507,281.6141,273.8874
2612.613,277.7365,281.6102,273.8628
2617.618,277.7274,281.6165,273.8382
2622.623,277.7182,281.623,273.8134
2627.628,277.709,281.6296,273.7884
2632.633,277.6999,281.6365,273.7632
2637.638,277.6907,281.6435,273.7379
2642.643,277.6815,281.6507,273.7123
2647.648,277.6724,281.6581,273.6866
2652.653,277.6632,281.6656,273.6608
2657.658,277.654,281.6733,273.6347
2662.663,277.6449,281.6812,273.6085
2667.668,277.6357,281.6892,273.5822
2672.673,277.6278,281.699,273.5566
2677.678,277.628,281.7194,273.5367
2682.683,277.6283,281.7402,273.5164
2687.688,277.6285,281.7615,273.4956
2692.693,277.6288,281.7832,273.4743
2697.698,277.629,281.8053,273.4526
2702.703,277.6292,281.8279,273.4305
2707.708,277.6295,281.851,273.408
2712.713,277.6297,281.8744,273.385
2717.718,277.63,281.8983,273.3616
2722.723,277.6385,281.9297,273.3473
2727.728,277.6499,281.9639,273.3359
2732.733,277.6613,281.9982,273.3243
2737.738,277.6727,282.0327,273.3126
2742.743,277.684,282.0675,273.3006
2747.748,277.6954,282.1025,273.2884
2752.753,277.7068,282.1376,273.276
2757.758,277.7182,282.173,273.2634
2762.763,277.7296,282.2086,273.2506
2767.768,277.741,282.2443,273.2376
2772.773,277.7524,282.2803,273.2244
2777.778,277.7637,282.3164,273.211
2782.783,277.7723,282.3482,273.1963
2787.788,277.7756,282.3718,273.1795
2792.793,277.779,282.3954,273.1626
2797.798,277.7824,282.4191,273.1457
2802.803,277.7858,282.4428,273.1288
2807.808,277.7892,282.4666,273.1118
2812.813,277.7925,282.4904,273.0947
2817.818,277.7959,282.5142,273.0776
2822.823,277.7993,282.5381,273.0605
2827.828,277.8027,282.562,273.0434
2832.833,277.8132,282.5792,273.0473
2837.838,277.8241,282.5963,273.0519
2842.843,277.8349,282.6134,273.0565
2847.848,277.8455,282.6298,273.0611
2852.853,277.8559,282.6461,273.0658
2857.858,277.8664,282.6624,273.0704
2862.863,277.8769,282.6787,273.075
2867.868,277.8873,282.6951,273.0796
2872.873,277.8978,282.7115,273.0841
2877.878,277.9083,282.7279,273.0887
2882.883,277.9187,282.7443,273.0932
2887.888,277.9292,282.7608,273.0976
2892.893,277.9397,282.7772,273.1021
2897.898,277.9501,282.7938,273.1065
2902.903,277.9606,282.8103,273.1109
2907.908,277.9669,282.8197,273.1141
2912.913,277.9663,282.8174,273.1153
2917.918,277.9658,282.8151,273.1165
2922.923,277.9653,282.8129,273.1177
2927.928,277.9647,282.8107,273.1188
2932.933,277.9642,282.8085,273.12
2937.938,277.9637,282.8063,273.1211
2942.943,277.9632,282.8041,273.1222
2947.948,277.9626,282.802,273.1233
2952.953,277.9621,282.7998,273.1244
2957.958,277.9688,282.791,273.1466
2962.963,277.9756,282.7821,273.169
2967.968,277.9823,282.7732,273.1914
2972.973,277.9827,282.75,273.2154
2977.978,277.9815,282.7231,273.2399
2982.983,277.9803,282.6962,273.2643
2987.988,277.979,282.6693,273.2888
2992.993,277.9778,282.6424,273.3132
2997.998,277.9766,282.6155,273.3377
3003.003,277.9753,282.5886,273.3621
3008.008,277.9741,282.5617,273.3866
3013.013,277.9729,282.5348,273.411
3018.018,277.969,282.5034,273.4346
3023.023,277.961,282.4653,273.4568
3028.028,277.9531,282.4273,273.479
3033.033,277.9452,282.3893,273.5011
3038.038,277.9373,282.3513,273.5232
3043.043,277.9293,282.3134,273.5453
3048.048,277.9214,282.2755,273.5673
3053.053,277.9135,282.2376,273.5893
3058.058,277.9056,282.1998,273.6113
3063.063,277.8975,282.1621,273.6329
3068.068,277.8812,282.1321,273.6304
3073.073,277.865,282.102,273.6279
3078.078,277.8486,282.072,273.6253
3083.083,277.8307,282.0381,273.6233
3088.088,277.8127,282.0043,273.6212
3093.093,277.7948,281.9704,273.6191
3098.098,277.7768,281.9366,273.617
3103.103,277.7589,281.9028,273.6149
3108.108,277.7409,281.869,273.6128
3113.113,277.7229,281.8353,273.6106
3118.118,277.705,281.8015,273.6085
3123.123,277.687,281.7677,273.6063
3128.128,277.6702,281.7358,273.6046
3133.133,277.6541,281.7049,273.6032
3138.138,277.6379,281.674,273.6018
3143.143,277.6218,281.6431,273.6004
3148.148,277.6056,281.6122,273.599
3153.153,277.5894,281.5814,273.5975
3158.158,277.5733,281.5505,273.5961
3163.163,277.5571,281.5196,273.5947
3168.168,277.541,281.4888,273.5932
3173.173,277.5227,281.4598,273.5857
3178.178,277.4977,281.437,273.5583
3183.183,277.4726,281.4143,273.5309
3188.188,277.448,281.3927,273.5034
3193.193,277.4361,281.4009,273.4713
3198.198,277.4243,281.4093,273.4393
3203.203,277.4124,281.4177,273.4071
3208.208,277.4005,281.4262,273.3748
3213.213,277.3886,281.4348,273.3424
3218.218,277.3768,281.4435,273.31
3223.223,277.3649,281.4523,273.2775
3228.228,277.353,281.4611,273.2449
3233.233,277.3411,281.4701,273.2122
3238.238,277.3315,281.4824,273.1806
3243.243,277.3223,281.4954,273.1492
3248.248,277.3131,281.5084,273.1178
3253.253,277.3038,281.5214,273.0863
3258.258,277.2946,281.5345,273.0548
3263.263,277.2854,281.5476,273.0232
3268.268,277.2762,281.5608,272.9916
3273.273,277.267,281.574,272.96
3278.278,277.2577,281.5872,272.9283
3283.283,277.2448,281.6037,272.8859
3288.288,277.2275,281.624,272.8309
3293.293,277.2101,281.6444,272.7759
3298.298,277.1936,281.6666,272.7205
3303.303,277.1792,281.6942,272.6641
3308.308,277.1648,281.7219,272.6076
3313.313,277.1503,281.7495,272.5512
3318.318,277.1359,281.7772,272.4947
3323.323,277.1215,281.8049,272.4382
3328.328,277.1071,281.8326,272.3817
3333.333,277.0927,281.8603,272.3251
3338.338,277.0783,281.8881,272.2686
3343.343,277.0639,281.9159,272.212
3348.348,277.0495,281.9437,272.1553
3353.353,277.0351,281.9716,272.0987
3358.358,277.0207,281.9994,272.042
3363.363,277.0085,282.0303,271.9867
3368.368,276.9966,282.0615,271.9316
3373.373,276.9847,282.0928,271.8765
3378.378,276.9728,282.1241,271.8214
3383.383,276.9609,282.1554,271.7663
3388.388,276.949,282.1867,271.7112
3393.393,276.9423,282.2136,271.671
3398.398,276.9413,282.2357,271.647
3403.403,276.9404,282.2578,271.623
3408.408,276.9362,282.2718,271.6006
3413.413,276.9285,282.2771,271.5799
3418.418,276.9208,282.2824,271.5592
3423.423,276.9131,282.2877,271.5386
3428.428,276.9055,282.293,271.5179
3433.433,276.8978,282.2983,271.4972
3438.438,276.8901,282.3036,271.4766
3443.443,276.8824,282.3089,271.4559
3448.448,276.8747,282.3143,271.4352
3453.453,276.8671,282.3196,271.4145
3458.458,276.8594,282.3249,271.3938
3463.463,276.8517,282.3302,271.3732
3468.468,276.844,282.3355,271.3525
3473.473,276.8363,282.3409,271.3318
3478.478,276.8286,282.3462,271.3111
3483.483,276.821,282.3515,271.2904
3488.488,276.8067,282.3482,271.2652
3493.493,276.7917,282.344,271.2395
3498.498,276.7768,282.3399,271.2136
3503.504,276.7618,282.3358,271.1878
3508.509,276.7468,282.3317,271.1619
3513.514,276.7318,282.3277,271.1359
3518.519,276.7202,282.317,271.1234
3523.524,276.712,282.2998,271.1242
3528.529,276.7038,282.2827,271.125
3533.534,276.6956,282.2656,271.1256
3538.539,276.6874,282.2486,271.1262
3543.544,276.6792,282.2318,271.1267
3548.549,276.671,282.2149,271.1272
3553.554,276.6629,282.1982,271.1275
3558.559,276.6547,282.1816,271.1278
3563.564,276.6465,282.165,271.1279
3568.569,276.6383,282.1485,271.128
3573.574,276.6301,282.1321,271.128
3578.579,276.6219,282.1158,271.1279
3583.584,276.6137,282.0996,271.1278
3588.589,276.6055,282.0835,271.1275
3593.594,276.5973,282.0674,271.1272
3598.599,276.5891,282.0514,271.1268
3603.604,276.5809,282.0356,271.1262
3608.609,276.5727,282.0198,271.1256
3613.614,276.5617,282.0009,271.1225
3618.619,276.5504,281.9818,271.119
3623.624,276.5391,281.9629,271.1153
3628.629,276.5292,281.9438,271.1146
3633.634,276.5198,281.9248,271.1148
3638.639,276.5104,281.906,271.1148
3643.644,276.501,281.8873,271.1147
3648.649,276.4916,281.8688,271.1145
3653.654,276.4822,281.8504,271.114
3658.659,276.4728,281.8322,271.1134
3663.664,276.4634,281.8142,271.1126
3668.669,276.454,281.7964,271.1117
3673.674,276.4446,281.7787,271.1106
3678.679,276.4352,281.7612,271.1093
3683.684,276.4258,281.7439,271.1078
3688.689,276.4164,281.7267,271.1062
3693.694,276.407,281.7097,271.1044
3698.699,276.3977,281.6929,271.1024
3703.704,276.3883,281.6762,271.1003
3708.709,276.3789,281.6598,271.0979
3713.714,276.3695,281.6435,271.0954
3718.719,276.3601,281.6274,271.0928
3723.724,276.3479,281.609,271.0869
3728.729,276.3357,281.5908,271.0806
3733.734,276.3234,281.5728,271.074
3738.739,276.2974,281.5635,271.0314
3743.744,276.2707,281.5547,270.9867
3748.749,276.244,281.546,270.942
3753.754,276.2108,281.5194,270.9022
3758.759,276.1754,281.4868,270.864
3763.764,276.14,281.4542,270.8258
3768.769,276.1046,281.4216,270.7876
3773.774,276.0692,281.3891,270.7494
3778.779,276.0338,281.3565,270.7111
3783.784,275.9984,281.3241,270.6728
3788.789,275.963,281.2916,270.6344
3793.794,275.9276,281.2592,270.5961
3798.799,275.8922,281.2268,270.5577
3803.804,275.8569,281.1945,270.5192
3808.809,275.8215,281.1622,270.4808
3813.814,275.7861,281.1299,270.4423
3818.819,275.7507,281.0976,270.4037
3823.824,275.7153,281.0654,270.3652
3828.829,275.6759,281.0302,270.3216
3833.834,275.6163,280.98,270.2525
3838.839,275.5567,280.9305,270.1828
3843.844,275.497,280.8817,270.1124
3848.849,275.4374,280.8335,270.0413
3853.854,275.3778,280.786,269.9696
3858.859,275.3182,280.7391,269.8973
3863.864,275.2586,280.6929,269.8242
3868.869,275.199,280.6474,269.7506
3873.874,275.1394,280.6024,269.6763
3878.879,275.0515,280.4769,269.6261
3883.884,274.9555,280.3282,269.5828
3888.889,274.8595,280.1797,269.5393
3893.894,274.7159,280.0508,269.381
3898.899,274.5376,279.9369,269.1383
3903.904,274.3593,279.824,268.8946
3908.909,274.181,279.712,268.65
3913.914,274.0027,279.6009,268.4046
3918.919,273.8244,279.4906,268.1582
3923.924,273.6461,279.3812,267.9111
3928.929,273.4678,279.2726,267.6631
3933.934,273.2896,279.1648,267.4143
3938.939,273.0278,278.9976,267.058
3943.944,272.634,278.7496,266.5183
3948.949,272.2402,278.5207,265.9596
3953.954,271.8463,278.3094,265.3833
3958.959,271.4525,278.1142,264.7909
3963.964,271.0587,277.9338,264.1837
3968.969,270.6649,277.7668,263.563
3973.974,270.2711,277.612,262.9302
3978.979,269.8773,277.4683,262.2863
3983.984,269.4835,277.3345,261.6325
3988.989,268.9352,276.7534,261.117
3993.994,268.3864,276.1809,260.5918
3998.999,267.8376,275.6187,260.0565
4004.004,267.1085,275.009,259.208
4009.009,266.3344,274.3878,258.2809
4014.014,265.5602,273.7686,257.3518
4019.019,264.7861,273.1513,256.4209
4024.024,264.0119,272.5357,255.4882
4029.029,263.2378,271.9217,254.5538
4034.034,262.3113,271.3253,253.2974
4039.039,261.2859,270.7464,251.8253
4044.044,260.2604,270.1754,250.3454
4049.049,259.2349,269.611,248.8588
4054.054,258.2095,269.0526,247.3664
4059.059,257.184,268.4992,245.8688
4064.064,256.1586,267.9505,244.3667
4069.069,255.1331,267.4057,242.8605
4074.074,254.1076,266.8644,241.3508
4079.079,253.0822,266.3264,239.838
4084.084,252.0567,265.7911,238.3223
4089.089,251.0313,265.2584,236.8041
4094.094,250.0009,264.714,235.2879
4099.099,248.7159,263.4464,233.9855
4104.104,247.4309,262.1864,232.6754
4109.109,246.1391,260.9289,231.3493
4114.114,244.5414,259.4517,229.631
4119.119,242.9436,257.9795,227.9078
4124.124,241.3459,256.512,226.1797
4129.129,239.7481,255.0494,224.4469
4134.134,238.1504,253.5913,222.7095
4139.139,236.5527,252.1376,220.9677
4144.144,234.7364,250.7771,218.6957
4149.149,232.7908,249.4722,216.1094
4154.154,230.8452,248.1696,213.5207
4159.159,228.8996,246.8693,210.9298
4164.164,226.954,245.5709,208.337
4169.169,225.0084,244.2743,205.7424
4174.174,223.0627,242.9793,203.1462
4179.179,221.1171,241.6856,200.5486
4184.184,219.1715,240.3933,197.9497
4189.189,217.2259,239.1022,195.3496
4194.194,215.2803,237.8122,192.7484
4199.199,213.3347,236.5232,190.1462
4204.204,211.3145,235.0255,187.6036
4209.209,209.0591,232.8703,185.2478
4214.214,206.8036,230.721,182.8861
4219.219,204.5345,228.5659,180.503
4224.224,201.9683,226.1664,177.7702
4229.229,199.4021,223.7691,175.0351
4234.234,196.8359,221.3741,172.2977
4239.239,194.2697,218.9813,169.5581
4244.244,191.7036,216.5908,166.8164
4249.249,189.1374,214.2023,164.0724
4254.254,186.4297,211.8918,160.9675
4259.259,183.697,209.5948,157.7991
4264.264,180.9642,207.2979,154.6306
4269.269,178.2315,205.001,151.4621
4274.274,175.4988,202.7041,148.2936
4279.279,172.7661,200.4072,145.125
4284.284,170.0334,198.1104,141.9564
4289.289,167.3007,195.8135,138.7878
4294.294,164.568,193.5167,135.6192
4299.299,161.8353,191.2199,132.4506
4304.304,159.1026,188.9232,129.282
4309.309,156.3699,186.6264,126.1133
4314.314,153.5843,184.1804,122.9883
4319.319,150.6506,181.3155,119.9856
4324.324,147.7168,178.4511,116.9825
4329.329,144.7674,175.5759,113.9589
4334.334,141.7747,172.6695,110.8799
4339.339,138.782,169.7631,107.8009
4344.344,135.7893,166.8566,104.7219
4349.349,132.7966,163.9502,101.6429
4354.354,129.8038,161.0438,98.56385
4359.359,126.8233,158.1308,95.5157
4364.364,123.9996,155.1334,92.86582
4369.369,121.176,152.1373,90.21466
4374.374,118.3523,149.1425,87.56218
4379.379,115.5287,146.149,84.90836
4384.384,112.705,143.1568,82.25318
4389.389,109.8814,140.1661,79.59663
4394.394,107.0577,137.1767,76.93867
4399.399,104.2341,134.1888,74.27928
4404.404,101.4104,131.2024,71.61845
4409.409,98.58675,128.2174,68.95614
4414.414,95.76309,125.2339,66.29233
4419.419,92.93944,122.2519,63.62699
4424.424,90.15451,119.3829,60.92617
4429.429,87.4108,116.6345,58.1871
4434.434,84.66708,113.8884,55.44572
4439.439,82.01715,111.1921,52.84217
4444.444,79.5995,108.617,50.58204
4449.449,77.18186,106.0463,48.3174
4454.454,74.76421,103.4802,46.04819
4459.459,72.34657,100.9188,43.77433
4464.464,69.92892,98.36208,41.49576
4469.469,67.54291,95.79435,39.29147
4474.474,65.46257,93.07627,37.84888
4479.479,63.38224,90.3583,36.40618
4484.484,61.3019,87.64046,34.96335
4489.489,59.22157,84.92275,33.52038
4494.494,57.14123,82.2052,32.07727
4499.499,55.0609,79.4878,30.634
4504.505,52.98057,76.77057,29.19056
4509.51,50.90023,74.05352,27.74694
4514.515,48.8199,71.33668,26.30311
4519.52,46.73956,68.62005,24.85907
4524.525,44.65923,65.90367,23.41479
4529.53,42.57889,63.18754,21.97025
4534.535,40.76454,61.23472,20.29436
4539.54,39.06083,59.60319,18.51846
4544.545,37.35712,57.97613,16.7381
4549.55,35.6534,56.35348,14.95333
4554.555,33.94969,54.73519,13.1642
4559.56,32.24598,53.1212,11.37076
4564.565,30.62355,51.54498,9.702121
4569.57,29.17985,50.04504,8.314652
4574.575,27.73614,48.54682,6.925454
4579.58,26.38435,47.01678,5.751919
4584.585,25.2319,45.41609,5.047703
4589.59,24.07945,43.81792,4.340976
4594.595,22.927,42.22243,3.631563
4599.6,21.77455,40.62982,2.919275
4604.605,20.6221,39.04029,2.203907
4609.61,19.46965,37.45406,1.485232
4614.615,18.3172,35.87139,0.7630074
4619.62,17.16475,34.29253,0.03696411
4624.625,16.0123,32.71779,-0.6931899
4629.63,14.85985,31.14747,-1.427774
4634.635,13.7074,29.58193,-2.167139
4639.64,12.55495,28.02156,-2.911667
4644.645,11.4025,26.46677,-3.661778
4649.65,10.25005,24.91803,-4.417931
4654.655,9.097597,23.37582,-5.180629
4659.66,8.121387,22.36236,-6.119587
4664.665,7.209958,21.54789,-7.127969
4669.67,6.29853,20.7405,-8.143443
4674.675,5.539934,19.92537,-8.845502
4679.68,4.914488,19.10027,-9.27129
4684.685,4.289041,18.27682,-9.698735
4689.69,3.742542,17.46119,-9.976103
4694.695,3.264003,16.65176,-10.12375
4699.7,2.785464,15.8431,-10.27217
4704.705,2.306926,15.03527,-10.42142
4709.71,1.828387,14.22833,-10.57155
4714.715,1.349848,13.42235,-10.72266
4719.72,0.871309,12.61743,-10.87481
4724.725,0.3927702,11.81364,-11.0281
4729.73,-0.08576865,11.01109,-11.18262
4734.735,-0.5643075,10.20988,-11.3385
4739.74,-1.042846,9.410149,-11.49584
4744.745,-1.521385,8.61203,-11.6548
4749.75,-1.999924,7.815683,-11.81553
4754.755,-2.478463,7.021284,-11.97821
4759.76,-2.957002,6.229034,-12.14304
4764.765,-3.435541,5.439162,-12.31024
4769.77,-3.779246,5.044622,-12.60311
4774.775,-4.078769,4.779745,-12.93728
4779.78,-4.378292,4.515596,-13.27218
4784.785,-4.677814,4.252167,-13.6078
4789.79,-4.977337,3.98945,-13.94412
4794.795,-5.27686,3.727435,-14.28116
4799.8,-5.483844,3.459863,-14.42755
4804.805,-5.617945,3.187724,-14.42361
4809.81,-5.752046,2.915858,-14.41995
4814.815,-5.886147,2.644279,-14.41657
4819.82,-6.020248,2.373001,-14.4135
4824.825,-6.154349,2.102039,-14.41074
4829.83,-6.28845,1.831408,-14.40831
4834.835,-6.422551,1.561126,-14.40623
4839.84,-6.556652,1.291211,-14.40451
4844.845,-6.690753,1.021683,-14.40319
4849.85,-6.824854,0.7525608,-14.40227
4854.855,-6.958954,0.4838682,-14.40178
4859.86,-7.093055,0.2156284,-14.40174
4864.865,-7.227156,-0.05213312,-14.40218
4869.87,-7.361257,-0.3193892,-14.40313
4874.875,-7.495358,-0.5861106,-14.40461
4879.88,-7.551063,-0.6311286,-14.471
4884.885,-7.604757,-0.6704658,-14.53905
4889.89,-7.658452,-0.7097995,-14.6071
4894.895,-7.712146,-0.7491297,-14.67516
4899.9,-7.76584,-0.7884565,-14.74322
4904.905,-7.819535,-0.82778,-14.81129
4909.91,-7.859573,-0.8572427,-14.8619
4914.915,-7.895785,-0.8837532,-14.90782
4919.92,-7.931997,-0.9100503,-14.95394
4924.925,-7.947117,-0.9479688,-14.94627
4929.93,-7.947238,-0.9942565,-14.90022
4934.935,-7.94736,-1.040542,-14.85418
4939.94,-7.947481,-1.086824,-14.80814
4944.945,-7.947602,-1.133103,-14.7621
4949.95,-7.947723,-1.17938,-14.71607
4954.955,-7.947844,-1.225654,-14.67003
4959.96,-7.947965,-1.271925,-14.62401
4964.965,-7.948087,-1.318193,-14.57798
4969.97,-7.948208,-1.364457,-14.53196
4974.975,-7.948329,-1.410719,-14.48594
4979.98,-7.94845,-1.456978,-14.43992
4984.985,-7.948571,-1.503233,-14.39391
4989.99,-7.948692,-1.549485,-14.3479
4994.995,-7.948813,-1.595733,-14.30189
5000,-7.948935,-1.641978,-14.25589