Time (ms),Stress (kPa)
0,0
0.5,0.14873229
1,0.29746457
1.5,0.44619686
2,0.59492914
2.5,0.74366143
3,0.89239371
3.5,1.041126
4,1.1898583
4.5,1.3385906
5,1.4873229
5.5,1.6360551
6,1.7847874
6.5,1.9335197
7,2.082252
7.5,2.2309843
8,2.3797166
8.5,2.5284489
9,2.6771811
9.5,2.8259134
10,2.9746457
10.5,3.123378
11,3.2721103
11.5,3.4208426
12,3.5695749
12.5,3.7183071
13,3.8670394
13.5,4.0157717
14,4.164504
14.5,4.3132363
15,4.4619686
15.5,4.6107009
16,4.7594331
16.5,4.9081654
17,5.0568977
17.5,5.20563
18,5.3543623
18.5,5.5030946
19,5.6518268
19.5,5.8005591
20,5.9492914
20.5,6.0980237
21,6.246756
21.5,6.3954883
22,6.5442206
22.5,6.6929528
23,6.8416851
23.5,6.9904174
24,7.1391497
24.5,7.287882
25,7.4366143
25.5,7.5853466
26,7.7340788
26.5,7.8828111
27,8.0315434
27.5,8.1802757
28,8.329008
28.5,8.4777403
29,8.6264726
29.5,8.7752048
30,8.9239371
30.5,9.0726694
31,9.2214017
31.5,9.370134
32,9.5188663
32.5,9.6675986
33,9.8163308
33.5,9.9650631
34,10.113795
34.5,10.262528
35,10.41126
35.5,10.559992
36,10.708725
36.5,10.857457
37,11.006189
37.5,11.154921
38,11.303654
38.5,11.452386
39,11.601118
39.5,11.749851
40,11.898583
40.5,12.047315
41,12.196047
41.5,12.34478
42,12.493512
42.5,12.642244
43,12.790977
43.5,12.939709
44,13.088441
44.5,13.237173
45,13.385906
45.5,13.534638
46,13.68337
46.5,13.832103
47,13.980835
47.5,14.129567
48,14.278299
48.5,14.427032
49,14.575764
49.5,14.724496
50,14.873229
50.5,15.021961
51,15.170693
51.5,15.319425
52,15.468158
52.5,15.61689
53,15.765622
53.5,15.914355
54,16.063087
54.5,16.211819
55,16.360551
55.5,16.509284
56,16.658016
56.5,16.806748
57,16.955481
57.5,17.104213
58,17.252945
58.5,17.401677
59,17.55041
59.5,17.699142
60,17.847874
60.5,17.996607
61,18.145339
61.5,18.294071
62,18.442803
62.5,18.591536
63,18.740268
63.5,18.889
64,19.037733
64.5,19.186465
65,19.335197
65.5,19.483929
66,19.632662
66.5,19.781394
67,20.214632
67.5,20.790123
68,21.365614
68.5,21.941105
69,22.516596
69.5,23.092087
70,23.667578
70.5,24.243069
71,24.81856
71.5,25.394051
72,25.969542
72.5,26.545033
73,27.120524
73.5,27.696015
74,28.271507
74.5,28.846998
75,29.422489
75.5,29.99798
76,30.573471
76.5,31.148962
77,31.724453
77.5,32.299944
78,32.875435
78.5,33.450926
79,34.026417
79.5,34.601908
80,35.177399
80.5,35.75289
81,36.328381
81.5,36.903872
82,37.479363
82.5,38.054854
83,38.630345
83.5,39.205836
84,39.781327
84.5,40.356818
85,40.932309
85.5,41.5078
86,42.083291
86.5,42.658782
87,43.234273
87.5,43.809764
88,44.385255
88.5,44.960746
89,45.536237
89.5,46.111728
90,46.68722
90.5,47.262711
91,47.838202
91.5,48.413693
92,48.989184
92.5,49.564675
93,50.140166
93.5,50.715657
94,51.291148
94.5,51.866639
95,52.44213
95.5,53.017621
96,53.593112
96.5,54.168603
97,54.744094
97.5,55.319585
98,55.895076
98.5,56.470567
99,57.046058
99.5,57.621549
100,58.19704
100.5,58.772531
101,59.348022
101.5,59.923513
102,60.499004
102.5,61.074495
103,61.649986
103.5,62.225477
104,62.800968
104.5,63.376459
105,63.95195
105.5,64.527441
106,65.102933
106.5,65.678424
107,66.253915
107.5,66.829406
108,67.404897
108.5,67.980388
109,68.555879
109.5,69.13137
110,69.706861
110.5,70.282352
111,70.857843
111.5,71.433334
112,72.008825
112.5,72.584316
113,73.159807
113.5,73.735298
114,74.310789
114.5,74.88628
115,75.461771
115.5,76.037262
116,76.612753
116.5,77.188244
117,77.763735
117.5,78.339226
118,78.914717
118.5,79.490208
119,80.065699
119.5,80.64119
120,81.216681
120.5,81.792172
121,82.367663
121.5,82.943155
122,83.518646
122.5,84.094137
123,84.669628
123.5,85.245119
124,85.82061
124.5,86.396101
125,86.971592
125.5,87.547083
126,88.122574
126.5,88.698065
127,89.273556
127.5,89.849047
128,90.424538
128.5,91.000029
129,91.57552
129.5,92.151011
130,92.726502
130.5,93.301993
131,93.877484
131.5,94.452975
132,95.028466
132.5,95.603957
133,96.179448
133.5,96.676526
134,97.016777
134.5,97.357028
135,97.697279
135.5,98.03753
136,98.377781
136.5,98.718032
137,99.058283
137.5,99.398534
138,99.738785
138.5,100.07904
139,100.41929
139.5,100.75954
140,101.09979
140.5,101.44004
141,101.78029
141.5,102.12054
142,102.46079
142.5,102.80104
143,103.1413
143.5,103.48155
144,103.8218
144.5,104.16205
145,104.5023
145.5,104.84255
146,105.1828
146.5,105.52305
147,105.8633
147.5,106.20355
148,106.54381
148.5,106.88406
149,107.22431
149.5,107.56456
150,107.90481
150.5,108.24506
151,108.58531
151.5,108.92556
152,109.26581
152.5,109.60607
153,109.94632
153.5,110.28657
154,110.62682
154.5,110.96707
155,111.30732
155.5,111.64757
156,111.98782
156.5,112.32807
157,112.66832
157.5,113.00858
158,113.34883
158.5,113.68908
159,114.02933
159.5,114.36958
160,114.70983
160.5,115.05008
161,115.39033
161.5,115.73058
162,116.07084
162.5,116.41109
163,116.75134
163.5,117.09159
164,117.43184
164.5,117.77209
165,118.11234
165.5,118.45259
166,118.79284
166.5,119.13309
167,119.47335
167.5,119.8136
168,120.15385
168.5,120.4941
169,120.83435
169.5,121.1746
170,121.51485
170.5,121.8551
171,122.19535
171.5,122.5356
172,122.87586
172.5,123.21611
173,123.55636
173.5,123.89661
174,124.23686
174.5,124.57711
175,124.91736
175.5,125.25761
176,125.59786
176.5,125.93812
177,126.27837
177.5,126.61862
178,126.95887
178.5,127.29912
179,127.63937
179.5,127.97962
180,128.31987
180.5,128.66012
181,129.00037
181.5,129.34063
182,129.68088
182.5,130.02113
183,130.36138
183.5,130.70163
184,131.04188
184.5,131.38213
185,131.72238
185.5,132.06263
186,132.40288
186.5,132.74314
187,133.08339
187.5,133.42364
188,133.76389
188.5,134.10414
189,134.44439
189.5,134.78464
190,135.12489
190.5,135.46514
191,135.8054
191.5,136.14565
192,136.4859
192.5,136.82615
193,137.1664
193.5,137.50665
194,137.8469
194.5,138.18715
195,138.5274
195.5,138.86765
196,139.20791
196.5,139.54816
197,139.88841
197.5,140.22866
198,140.56891
198.5,140.90916
199,141.24941
199.5,141.58966
200,141.92991
200.5,142.27023
201,142.61054
201.5,142.95085
202,143.29116
202.5,143.63147
203,143.97178
203.5,144.31209
204,144.6524
204.5,144.99271
205,145.33303
205.5,145.67334
206,146.01365
206.5,146.35396
207,146.69427
207.5,147.03458
208,147.37489
208.5,147.7152
209,148.05552
209.5,148.39583
210,148.73614
210.5,149.07645
211,149.41676
211.5,149.75707
212,150.09738
212.5,150.43769
213,150.77801
213.5,151.11832
214,151.45863
214.5,151.79894
215,152.13925
215.5,152.47956
216,152.81987
216.5,153.16018
217,153.5005
217.5,153.84081
218,154.18112
218.5,154.52143
219,154.86174
219.5,155.20205
220,155.54236
220.5,155.88267
221,156.22298
221.5,156.5633
222,156.90361
222.5,157.24392
223,157.58423
223.5,157.92454
224,158.26485
224.5,158.60516
225,158.94547
225.5,159.28579
226,159.6261
226.5,159.96641
227,160.30672
227.5,160.64703
228,160.98734
228.5,161.32765
229,161.66796
229.5,162.00828
230,162.34859
230.5,162.6889
231,163.02921
231.5,163.36952
232,163.70983
232.5,164.05014
233,164.39045
233.5,164.73077
234,165.07108
234.5,165.41139
235,165.7517
235.5,166.09201
236,166.43232
236.5,166.77263
237,167.11294
237.5,167.45325
238,167.79357
238.5,168.13388
239,168.47419
239.5,168.8145
240,169.15481
240.5,169.49512
241,169.83543
241.5,170.17574
242,170.51606
242.5,170.85637
243,171.19668
243.5,171.53699
244,171.8773
244.5,172.21761
245,172.55792
245.5,172.89823
246,173.23855
246.5,173.57886
247,173.91917
247.5,174.25948
248,174.59979
248.5,174.9401
249,175.28041
249.5,175.62072
250,175.96104
250.5,176.30135
251,176.64166
251.5,176.98197
252,177.32228
252.5,177.66259
253,178.0029
253.5,178.34321
254,178.68352
254.5,179.02384
255,179.36415
255.5,179.70446
256,180.04477
256.5,180.38508
257,180.72539
257.5,181.0657
258,181.40601
258.5,181.74633
259,182.08664
259.5,182.42695
260,182.76726
260.5,183.10757
261,183.44788
261.5,183.78819
262,184.1285
262.5,184.46882
263,184.80913
263.5,185.14944
264,185.48975
264.5,185.83006
265,186.17037
265.5,186.51068
266,186.85099
266.5,187.19131
267,187.52526
267.5,187.85603
268,188.1868
268.5,188.51757
269,188.84834
269.5,189.17911
270,189.50988
270.5,189.84065
271,190.17142
271.5,190.50219
272,190.83296
272.5,191.16374
273,191.49451
273.5,191.82528
274,192.15605
274.5,192.48682
275,192.81759
275.5,193.14836
276,193.47913
276.5,193.8099
277,194.14067
277.5,194.47144
278,194.80222
278.5,195.13299
279,195.46376
279.5,195.79453
280,196.1253
280.5,196.45607
281,196.78684
281.5,197.11761
282,197.44838
282.5,197.77915
283,198.10992
283.5,198.4407
284,198.77147
284.5,199.10224
285,199.43301
285.5,199.76378
286,200.09455
286.5,200.42532
287,200.75609
287.5,201.08686
288,201.41763
288.5,201.7484
289,202.07917
289.5,202.40995
290,202.74072
290.5,203.07149
291,203.40226
291.5,203.73303
292,204.0638
292.5,204.39457
293,204.72534
293.5,205.05611
294,205.38688
294.5,205.71765
295,206.04843
295.5,206.3792
296,206.70997
296.5,207.04074
297,207.37151
297.5,207.70228
298,208.03305
298.5,208.36382
299,208.69459
299.5,209.02536
300,209.35613
300.5,209.68691
301,210.01768
301.5,210.34845
302,210.67922
302.5,211.00999
303,211.34076
303.5,211.67153
304,212.0023
304.5,212.33307
305,212.66384
305.5,212.99461
306,213.32538
306.5,213.65616
307,213.98693
307.5,214.3177
308,214.64847
308.5,214.97924
309,215.31001
309.5,215.64078
310,215.97155
310.5,216.30232
311,216.63309
311.5,216.96386
312,217.29464
312.5,217.62541
313,217.95618
313.5,218.28695
314,218.61772
314.5,218.94849
315,219.27926
315.5,219.61003
316,219.9408
316.5,220.27157
317,220.60234
317.5,220.93311
318,221.26389
318.5,221.59466
319,221.92543
319.5,222.2562
320,222.58697
320.5,222.91774
321,223.24851
321.5,223.57928
322,223.91005
322.5,224.24082
323,224.57159
323.5,224.90237
324,225.23314
324.5,225.56391
325,225.89468
325.5,226.22545
326,226.55622
326.5,226.88699
327,227.21776
327.5,227.54853
328,227.8793
328.5,228.21007
329,228.54085
329.5,228.87162
330,229.20239
330.5,229.53316
331,229.86393
331.5,230.1947
332,230.52547
332.5,230.85624
333,231.18701
333.5,231.43225
334,231.50644
334.5,231.58062
335,231.65481
335.5,231.72899
336,231.80317
336.5,231.87736
337,231.95154
337.5,232.02573
338,232.09991
338.5,232.17409
339,232.24828
339.5,232.32246
340,232.39664
340.5,232.47083
341,232.54501
341.5,232.6192
342,232.69338
342.5,232.76756
343,232.84175
343.5,232.91593
344,232.99012
344.5,233.0643
345,233.13848
345.5,233.21267
346,233.28685
346.5,233.36104
347,233.43522
347.5,233.5094
348,233.58359
348.5,233.65777
349,233.73196
349.5,233.80614
350,233.88032
350.5,233.95451
351,234.02869
351.5,234.10287
352,234.17706
352.5,234.25124
353,234.32543
353.5,234.39961
354,234.47379
354.5,234.54798
355,234.62216
355.5,234.69635
356,234.77053
356.5,234.84471
357,234.9189
357.5,234.99308
358,235.06727
358.5,235.14145
359,235.21563
359.5,235.28982
360,235.364
360.5,235.43819
361,235.51237
361.5,235.58655
362,235.66074
362.5,235.73492
363,235.8091
363.5,235.88329
364,235.95747
364.5,236.03166
365,236.10584
365.5,236.18002
366,236.25421
366.5,236.32839
367,236.40258
367.5,236.47676
368,236.55094
368.5,236.62513
369,236.69931
369.5,236.7735
370,236.84768
370.5,236.92186
371,236.99605
371.5,237.07023
372,237.14442
372.5,237.2186
373,237.29278
373.5,237.36697
374,237.44115
374.5,237.51533
375,237.58952
375.5,237.6637
376,237.73789
376.5,237.81207
377,237.88625
377.5,237.96044
378,238.03462
378.5,238.10881
379,238.18299
379.5,238.25717
380,238.33136
380.5,238.40554
381,238.47973
381.5,238.55391
382,238.62809
382.5,238.70228
383,238.77646
383.5,238.85065
384,238.92483
384.5,238.99901
385,239.0732
385.5,239.14738
386,239.22156
386.5,239.29575
387,239.36993
387.5,239.44412
388,239.5183
388.5,239.59248
389,239.66667
389.5,239.74085
390,239.81504
390.5,239.88922
391,239.9634
391.5,240.03759
392,240.11177
392.5,240.18596
393,240.26014
393.5,240.33432
394,240.40851
394.5,240.48269
395,240.55688
395.5,240.63106
396,240.70524
396.5,240.77943
397,240.85361
397.5,240.92779
398,241.00198
398.5,241.07616
399,241.15035
399.5,241.22453
400,241.29871
400.5,241.36691
401,241.4351
401.5,241.5033
402,241.57149
402.5,241.63969
403,241.70788
403.5,241.77608
404,241.84427
404.5,241.91247
405,241.98066
405.5,242.04886
406,242.11705
406.5,242.18524
407,242.25344
407.5,242.32163
408,242.38983
408.5,242.45802
409,242.52622
409.5,242.59441
410,242.66261
410.5,242.7308
411,242.799
411.5,242.86719
412,242.93539
412.5,243.00358
413,243.07178
413.5,243.13997
414,243.20816
414.5,243.27636
415,243.34455
415.5,243.41275
416,243.48094
416.5,243.54914
417,243.61733
417.5,243.68553
418,243.75372
418.5,243.82192
419,243.89011
419.5,243.95831
420,244.0265
420.5,244.0947
421,244.16289
421.5,244.23108
422,244.29928
422.5,244.36747
423,244.43567
423.5,244.50386
424,244.57206
424.5,244.64025
425,244.70845
425.5,244.77664
426,244.84484
426.5,244.91303
427,244.98123
427.5,245.04942
428,245.11762
428.5,245.18581
429,245.254
429.5,245.3222
430,245.39039
430.5,245.45859
431,245.52678
431.5,245.59498
432,245.66317
432.5,245.73137
433,245.79956
433.5,245.86776
434,245.93595
434.5,246.00415
435,246.07234
435.5,246.14054
436,246.20873
436.5,246.27692
437,246.34512
437.5,246.41331
438,246.48151
438.5,246.5497
439,246.6179
439.5,246.68609
440,246.75429
440.5,246.82248
441,246.89068
441.5,246.95887
442,247.02707
442.5,247.09526
443,247.16346
443.5,247.23165
444,247.29984
444.5,247.36804
445,247.43623
445.5,247.50443
446,247.57262
446.5,247.64082
447,247.70901
447.5,247.77721
448,247.8454
448.5,247.9136
449,247.98179
449.5,248.04999
450,248.11818
450.5,248.18638
451,248.25457
451.5,248.32276
452,248.39096
452.5,248.45915
453,248.52735
453.5,248.59554
454,248.66374
454.5,248.73193
455,248.80013
455.5,248.86832
456,248.93652
456.5,249.00471
457,249.07291
457.5,249.1411
458,249.2093
458.5,249.27749
459,249.34568
459.5,249.41388
460,249.48207
460.5,249.55027
461,249.61846
461.5,249.68666
462,249.75485
462.5,249.82305
463,249.89124
463.5,249.95944
464,250.02763
464.5,250.09583
465,250.16402
465.5,250.23222
466,250.30041
466.5,250.3686
467,250.41923
467.5,250.46107
468,250.50291
468.5,250.54475
469,250.58659
469.5,250.62843
470,250.67027
470.5,250.71211
471,250.75395
471.5,250.79579
472,250.83763
472.5,250.87947
473,250.92131
473.5,250.96315
474,251.00499
474.5,251.04683
475,251.08867
475.5,251.13051
476,251.17235
476.5,251.21419
477,251.25603
477.5,251.29787
478,251.33971
478.5,251.38155
479,251.42339
479.5,251.46523
480,251.50707
480.5,251.54891
481,251.59075
481.5,251.63259
482,251.67443
482.5,251.71627
483,251.75811
483.5,251.79995
484,251.84179
484.5,251.88363
485,251.92547
485.5,251.96731
486,252.00915
486.5,252.05099
487,252.09284
487.5,252.13468
488,252.17652
488.5,252.21836
489,252.2602
489.5,252.30204
490,252.34388
490.5,252.38572
491,252.42756
491.5,252.4694
492,252.51124
492.5,252.55308
493,252.59492
493.5,252.63676
494,252.6786
494.5,252.72044
495,252.76228
495.5,252.80412
496,252.84596
496.5,252.8878
497,252.92964
497.5,252.97148
498,253.01332
498.5,253.05516
499,253.097
499.5,253.13884
500,253.18068
500.5,253.22252
501,253.26436
501.5,253.3062
502,253.34804
502.5,253.38988
503,253.43172
503.5,253.47356
504,253.5154
504.5,253.55724
505,253.59908
505.5,253.64092
506,253.68276
506.5,253.7246
507,253.76644
507.5,253.80828
508,253.85012
508.5,253.89196
509,253.9338
509.5,253.97564
510,254.01748
510.5,254.05932
511,254.10116
511.5,254.143
512,254.18484
512.5,254.22668
513,254.26852
513.5,254.31036
514,254.3522
514.5,254.39404
515,254.43588
515.5,254.47772
516,254.51956
516.5,254.5614
517,254.60324
517.5,254.64508
518,254.68692
518.5,254.72876
519,254.7706
519.5,254.81244
520,254.85428
520.5,254.89612
521,254.93796
521.5,254.9798
522,255.02164
522.5,255.06349
523,255.10533
523.5,255.14717
524,255.18901
524.5,255.23085
525,255.27269
525.5,255.31453
526,255.35637
526.5,255.39821
527,255.44005
527.5,255.48189
528,255.52373
528.5,255.56557
529,255.60741
529.5,255.64925
530,255.69109
530.5,255.73293
531,255.77477
531.5,255.81661
532,255.85845
532.5,255.90029
533,255.94213
533.5,255.97431
534,255.98716
534.5,256.00002
535,256.01288
535.5,256.02573
536,256.03859
536.5,256.05144
537,256.0643
537.5,256.07716
538,256.09001
538.5,256.10287
539,256.11573
539.5,256.12858
540,256.14144
540.5,256.15429
541,256.16715
541.5,256.18001
542,256.19286
542.5,256.20572
543,256.21858
543.5,256.23143
544,256.24429
544.5,256.25715
545,256.27
545.5,256.28286
546,256.29571
546.5,256.30857
547,256.32143
547.5,256.33428
548,256.34714
548.5,256.36
549,256.37285
549.5,256.38571
550,256.39856
550.5,256.41142
551,256.42428
551.5,256.43713
552,256.44999
552.5,256.46285
553,256.4757
553.5,256.48856
554,256.50141
554.5,256.51427
555,256.52713
555.5,256.53998
556,256.55284
556.5,256.5657
557,256.57855
557.5,256.59141
558,256.60427
558.5,256.61712
559,256.62998
559.5,256.64283
560,256.65569
560.5,256.66855
561,256.6814
561.5,256.69426
562,256.70712
562.5,256.71997
563,256.73283
563.5,256.74568
564,256.75854
564.5,256.7714
565,256.78425
565.5,256.79711
566,256.80997
566.5,256.82282
567,256.83568
567.5,256.84853
568,256.86139
568.5,256.87425
569,256.8871
569.5,256.89996
570,256.91282
570.5,256.92567
571,256.93853
571.5,256.95138
572,256.96424
572.5,256.9771
573,256.98995
573.5,257.00281
574,257.01567
574.5,257.02852
575,257.04138
575.5,257.05424
576,257.06709
576.5,257.07995
577,257.0928
577.5,257.10566
578,257.11852
578.5,257.13137
579,257.14423
579.5,257.15709
580,257.16994
580.5,257.1828
581,257.19565
581.5,257.20851
582,257.22137
582.5,257.23422
583,257.24708
583.5,257.25994
584,257.27279
584.5,257.28565
585,257.2985
585.5,257.31136
586,257.32422
586.5,257.33707
587,257.34993
587.5,257.36279
588,257.37564
588.5,257.3885
589,257.40135
589.5,257.41421
590,257.42707
590.5,257.43992
591,257.45278
591.5,257.46564
592,257.47849
592.5,257.49135
593,257.50421
593.5,257.51706
594,257.52992
594.5,257.54277
595,257.55563
595.5,257.56849
596,257.58134
596.5,257.5942
597,257.60706
597.5,257.61991
598,257.63277
598.5,257.64562
599,257.65848
599.5,257.67134
600,257.68419
600.5,257.68091
601,257.67763
601.5,257.67435
602,257.67107
602.5,257.66779
603,257.66451
603.5,257.66123
604,257.65795
604.5,257.65467
605,257.65139
605.5,257.64811
606,257.64483
606.5,257.64155
607,257.63827
607.5,257.63498
608,257.6317
608.5,257.62842
609,257.62514
609.5,257.62186
610,257.61858
610.5,257.6153
611,257.61202
611.5,257.60874
612,257.60546
612.5,257.60218
613,257.5989
613.5,257.59562
614,257.59234
614.5,257.58906
615,257.58578
615.5,257.5825
616,257.57922
616.5,257.57593
617,257.57265
617.5,257.56937
618,257.56609
618.5,257.56281
619,257.55953
619.5,257.55625
620,257.55297
620.5,257.54969
621,257.54641
621.5,257.54313
622,257.53985
622.5,257.53657
623,257.53329
623.5,257.53001
624,257.52673
624.5,257.52345
625,257.52016
625.5,257.51688
626,257.5136
626.5,257.51032
627,257.50704
627.5,257.50376
628,257.50048
628.5,257.4972
629,257.49392
629.5,257.49064
630,257.48736
630.5,257.48408
631,257.4808
631.5,257.47752
632,257.47424
632.5,257.47096
633,257.46768
633.5,257.4644
634,257.46111
634.5,257.45783
635,257.45455
635.5,257.45127
636,257.44799
636.5,257.44471
637,257.44143
637.5,257.43815
638,257.43487
638.5,257.43159
639,257.42831
639.5,257.42503
640,257.42175
640.5,257.41847
641,257.41519
641.5,257.41191
642,257.40863
642.5,257.40534
643,257.40206
643.5,257.39878
644,257.3955
644.5,257.39222
645,257.38894
645.5,257.38566
646,257.38238
646.5,257.3791
647,257.37582
647.5,257.37254
648,257.36926
648.5,257.36598
649,257.3627
649.5,257.35942
650,257.35614
650.5,257.35286
651,257.34958
651.5,257.34629
652,257.34301
652.5,257.33973
653,257.33645
653.5,257.33317
654,257.32989
654.5,257.32661
655,257.32333
655.5,257.32005
656,257.31677
656.5,257.31349
657,257.31021
657.5,257.30693
658,257.30365
658.5,257.30037
659,257.29709
659.5,257.29381
660,257.29053
660.5,257.28724
661,257.28396
661.5,257.28068
662,257.2774
662.5,257.27412
663,257.27084
663.5,257.26756
664,257.26428
664.5,257.261
665,257.25772
665.5,257.25444
666,257.25116
666.5,257.24788
667,257.25112
667.5,257.25762
668,257.26413
668.5,257.27063
669,257.27714
669.5,257.28364
670,257.29014
670.5,257.29665
671,257.30315
671.5,257.30966
672,257.31616
672.5,257.32266
673,257.32917
673.5,257.33567
674,257.34218
674.5,257.34868
675,257.35518
675.5,257.36169
676,257.36819
676.5,257.3747
677,257.3812
677.5,257.3877
678,257.39421
678.5,257.40071
679,257.40722
679.5,257.41372
680,257.42022
680.5,257.42673
681,257.43323
681.5,257.43974
682,257.44624
682.5,257.45274
683,257.45925
683.5,257.46575
684,257.47226
684.5,257.47876
685,257.48526
685.5,257.49177
686,257.49827
686.5,257.50478
687,257.51128
687.5,257.51778
688,257.52429
688.5,257.53079
689,257.5373
689.5,257.5438
690,257.5503
690.5,257.55681
691,257.56331
691.5,257.56982
692,257.57632
692.5,257.58282
693,257.58933
693.5,257.59583
694,257.60234
694.5,257.60884
695,257.61534
695.5,257.62185
696,257.62835
696.5,257.63486
697,257.64136
697.5,257.64786
698,257.65437
698.5,257.66087
699,257.66738
699.5,257.67388
700,257.68038
700.5,257.68689
701,257.69339
701.5,257.6999
702,257.7064
702.5,257.7129
703,257.71941
703.5,257.72591
704,257.73242
704.5,257.73892
705,257.74542
705.5,257.75193
706,257.75843
706.5,257.76494
707,257.77144
707.5,257.77794
708,257.78445
708.5,257.79095
709,257.79746
709.5,257.80396
710,257.81046
710.5,257.81697
711,257.82347
711.5,257.82998
712,257.83648
712.5,257.84298
713,257.84949
713.5,257.85599
714,257.8625
714.5,257.869
715,257.8755
715.5,257.88201
716,257.88851
716.5,257.89502
717,257.90152
717.5,257.90802
718,257.91453
718.5,257.92103
719,257.92754
719.5,257.93404
720,257.94054
720.5,257.94705
721,257.95355
721.5,257.96006
722,257.96656
722.5,257.97306
723,257.97957
723.5,257.98607
724,257.99258
724.5,257.99908
725,258.00558
725.5,258.01209
726,258.01859
726.5,258.0251
727,258.0316
727.5,258.0381
728,258.04461
728.5,258.05111
729,258.05762
729.5,258.06412
730,258.07062
730.5,258.07713
731,258.08363
731.5,258.09014
732,258.09664
732.5,258.10314
733,258.10965
733.5,258.1157
734,258.12087
734.5,258.12603
735,258.13119
735.5,258.13635
736,258.14152
736.5,258.14668
737,258.15184
737.5,258.157
738,258.16217
738.5,258.16733
739,258.17249
739.5,258.17765
740,258.18282
740.5,258.18798
741,258.19314
741.5,258.1983
742,258.20347
742.5,258.20863
743,258.21379
743.5,258.21895
744,258.22412
744.5,258.22928
745,258.23444
745.5,258.2396
746,258.24477
746.5,258.24993
747,258.25509
747.5,258.26025
748,258.26542
748.5,258.27058
749,258.27574
749.5,258.2809
750,258.28607
750.5,258.29123
751,258.29639
751.5,258.30155
752,258.30672
752.5,258.31188
753,258.31704
753.5,258.3222
754,258.32737
754.5,258.33253
755,258.33769
755.5,258.34285
756,258.34802
756.5,258.35318
757,258.35834
757.5,258.3635
758,258.36867
758.5,258.37383
759,258.37899
759.5,258.38415
760,258.38932
760.5,258.39448
761,258.39964
761.5,258.4048
762,258.40997
762.5,258.41513
763,258.42029
763.5,258.42545
764,258.43062
764.5,258.43578
765,258.44094
765.5,258.4461
766,258.45127
766.5,258.45643
767,258.46159
767.5,258.46675
768,258.47192
768.5,258.47708
769,258.48224
769.5,258.4874
770,258.49257
770.5,258.49773
771,258.50289
771.5,258.50805
772,258.51322
772.5,258.51838
773,258.52354
773.5,258.5287
774,258.53387
774.5,258.53903
775,258.54419
775.5,258.54935
776,258.55452
776.5,258.55968
777,258.56484
777.5,258.57
778,258.57517
778.5,258.58033
779,258.58549
779.5,258.59065
780,258.59582
780.5,258.60098
781,258.60614
781.5,258.6113
782,258.61647
782.5,258.62163
783,258.62679
783.5,258.63195
784,258.63712
784.5,258.64228
785,258.64744
785.5,258.6526
786,258.65777
786.5,258.66293
787,258.66809
787.5,258.67325
788,258.67842
788.5,258.68358
789,258.68874
789.5,258.6939
790,258.69907
790.5,258.70423
791,258.70939
791.5,258.71455
792,258.71972
792.5,258.72488
793,258.73004
793.5,258.7352
794,258.74037
794.5,258.74553
795,258.75069
795.5,258.75585
796,258.76102
796.5,258.76618
797,258.77134
797.5,258.7765
798,258.78167
798.5,258.78683
799,258.79199
799.5,258.79715
800,258.80232
800.5,258.81525
801,258.82818
801.5,258.84111
802,258.85404
802.5,258.86697
803,258.8799
803.5,258.89283
804,258.90576
804.5,258.91869
805,258.93162
805.5,258.94455
806,258.95748
806.5,258.97041
807,258.98334
807.5,258.99627
808,259.0092
808.5,259.02213
809,259.03506
809.5,259.04799
810,259.06092
810.5,259.07385
811,259.08678
811.5,259.09971
812,259.11264
812.5,259.12557
813,259.1385
813.5,259.15143
814,259.16436
814.5,259.17729
815,259.19022
815.5,259.20315
816,259.21608
816.5,259.22901
817,259.24194
817.5,259.25487
818,259.2678
818.5,259.28073
819,259.29366
819.5,259.30659
820,259.31952
820.5,259.33245
821,259.34538
821.5,259.35831
822,259.37124
822.5,259.38417
823,259.3971
823.5,259.41003
824,259.42296
824.5,259.43589
825,259.44882
825.5,259.46175
826,259.47468
826.5,259.48761
827,259.50054
827.5,259.51348
828,259.52641
828.5,259.53934
829,259.55227
829.5,259.5652
830,259.57813
830.5,259.59106
831,259.60399
831.5,259.61692
832,259.62985
832.5,259.64278
833,259.65571
833.5,259.66864
834,259.68157
834.5,259.6945
835,259.70743
835.5,259.72036
836,259.73329
836.5,259.74622
837,259.75915
837.5,259.77208
838,259.78501
838.5,259.79794
839,259.81087
839.5,259.8238
840,259.83673
840.5,259.84966
841,259.86259
841.5,259.87552
842,259.88845
842.5,259.90138
843,259.91431
843.5,259.92724
844,259.94017
844.5,259.9531
845,259.96603
845.5,259.97896
846,259.99189
846.5,260.00482
847,260.01775
847.5,260.03068
848,260.04361
848.5,260.05654
849,260.06947
849.5,260.0824
850,260.09533
850.5,260.10826
851,260.12119
851.5,260.13412
852,260.14705
852.5,260.15998
853,260.17291
853.5,260.18584
854,260.19877
854.5,260.2117
855,260.22463
855.5,260.23756
856,260.25049
856.5,260.26342
857,260.27635
857.5,260.28928
858,260.30221
858.5,260.31514
859,260.32807
859.5,260.341
860,260.35393
860.5,260.36686
861,260.37979
861.5,260.39272
862,260.40566
862.5,260.41859
863,260.43152
863.5,260.44445
864,260.45738
864.5,260.47031
865,260.48324
865.5,260.49617
866,260.5091
866.5,260.52203
867,260.52882
867.5,260.53255
868,260.53628
868.5,260.54
869,260.54373
869.5,260.54746
870,260.55119
870.5,260.55491
871,260.55864
871.5,260.56237
872,260.5661
872.5,260.56983
873,260.57355
873.5,260.57728
874,260.58101
874.5,260.58474
875,260.58846
875.5,260.59219
876,260.59592
876.5,260.59965
877,260.60337
877.5,260.6071
878,260.61083
878.5,260.61456
879,260.61828
879.5,260.62201
880,260.62574
880.5,260.62947
881,260.6332
881.5,260.63692
882,260.64065
882.5,260.64438
883,260.64811
883.5,260.65183
884,260.65556
884.5,260.65929
885,260.66302
885.5,260.66674
886,260.67047
886.5,260.6742
887,260.67793
887.5,260.68165
888,260.68538
888.5,260.68911
889,260.69284
889.5,260.69656
890,260.70029
890.5,260.70402
891,260.70775
891.5,260.71148
892,260.7152
892.5,260.71893
893,260.72266
893.5,260.72639
894,260.73011
894.5,260.73384
895,260.73757
895.5,260.7413
896,260.74502
896.5,260.74875
897,260.75248
897.5,260.75621
898,260.75993
898.5,260.76366
899,260.76739
899.5,260.77112
900,260.77484
900.5,260.77857
901,260.7823
901.5,260.78603
902,260.78976
902.5,260.79348
903,260.79721
903.5,260.80094
904,260.80467
904.5,260.80839
905,260.81212
905.5,260.81585
906,260.81958
906.5,260.8233
907,260.82703
907.5,260.83076
908,260.83449
908.5,260.83821
909,260.84194
909.5,260.84567
910,260.8494
910.5,260.85313
911,260.85685
911.5,260.86058
912,260.86431
912.5,260.86804
913,260.87176
913.5,260.87549
914,260.87922
914.5,260.88295
915,260.88667
915.5,260.8904
916,260.89413
916.5,260.89786
917,260.90158
917.5,260.90531
918,260.90904
918.5,260.91277
919,260.91649
919.5,260.92022
920,260.92395
920.5,260.92768
921,260.93141
921.5,260.93513
922,260.93886
922.5,260.94259
923,260.94632
923.5,260.95004
924,260.95377
924.5,260.9575
925,260.96123
925.5,260.96495
926,260.96868
926.5,260.97241
927,260.97614
927.5,260.97986
928,260.98359
928.5,260.98732
929,260.99105
929.5,260.99477
930,260.9985
930.5,261.00223
931,261.00596
931.5,261.00969
932,261.01341
932.5,261.01714
933,261.02087
933.5,261.02829
934,261.04309
934.5,261.05789
935,261.07269
935.5,261.0875
936,261.1023
936.5,261.1171
937,261.1319
937.5,261.14671
938,261.16151
938.5,261.17631
939,261.19111
939.5,261.20592
940,261.22072
940.5,261.23552
941,261.25032
941.5,261.26513
942,261.27993
942.5,261.29473
943,261.30953
943.5,261.32434
944,261.33914
944.5,261.35394
945,261.36874
945.5,261.38354
946,261.39835
946.5,261.41315
947,261.42795
947.5,261.44275
948,261.45756
948.5,261.47236
949,261.48716
949.5,261.50196
950,261.51677
950.5,261.53157
951,261.54637
951.5,261.56117
952,261.57598
952.5,261.59078
953,261.60558
953.5,261.62038
954,261.63519
954.5,261.64999
955,261.66479
955.5,261.67959
956,261.69439
956.5,261.7092
957,261.724
957.5,261.7388
958,261.7536
958.5,261.76841
959,261.78321
959.5,261.79801
960,261.81281
960.5,261.82762
961,261.84242
961.5,261.85722
962,261.87202
962.5,261.88683
963,261.90163
963.5,261.91643
964,261.93123
964.5,261.94604
965,261.96084
965.5,261.97564
966,261.99044
966.5,262.00524
967,262.02005
967.5,262.03485
968,262.04965
968.5,262.06445
969,262.07926
969.5,262.09406
970,262.10886
970.5,262.12366
971,262.13847
971.5,262.15327
972,262.16807
972.5,262.18287
973,262.19768
973.5,262.21248
974,262.22728
974.5,262.24208
975,262.25689
975.5,262.27169
976,262.28649
976.5,262.30129
977,262.3161
977.5,262.3309
978,262.3457
978.5,262.3605
979,262.3753
979.5,262.39011
980,262.40491
980.5,262.41971
981,262.43451
981.5,262.44932
982,262.46412
982.5,262.47892
983,262.49372
983.5,262.50853
984,262.52333
984.5,262.53813
985,262.55293
985.5,262.56774
986,262.58254
986.5,262.59734
987,262.61214
987.5,262.62695
988,262.64175
988.5,262.65655
989,262.67135
989.5,262.68615
990,262.70096
990.5,262.71576
991,262.73056
991.5,262.74536
992,262.76017
992.5,262.77497
993,262.78977
993.5,262.80457
994,262.81938
994.5,262.83418
995,262.84898
995.5,262.86378
996,262.87859
996.5,262.89339
997,262.90819
997.5,262.92299
998,262.9378
998.5,262.9526
999,262.9674
999.5,262.9822
1000,262.997
1000.5,263.00994
1001,263.02288
1001.5,263.03582
1002,263.04876
1002.5,263.0617
1003,263.07463
1003.5,263.08757
1004,263.10051
1004.5,263.11345
1005,263.12639
1005.5,263.13932
1006,263.15226
1006.5,263.1652
1007,263.17814
1007.5,263.19108
1008,263.20401
1008.5,263.21695
1009,263.22989
1009.5,263.24283
1010,263.25577
1010.5,263.26871
1011,263.28164
1011.5,263.29458
1012,263.30752
1012.5,263.32046
1013,263.3334
1013.5,263.34633
1014,263.35927
1014.5,263.37221
1015,263.38515
1015.5,263.39809
1016,263.41102
1016.5,263.42396
1017,263.4369
1017.5,263.44984
1018,263.46278
1018.5,263.47572
1019,263.48865
1019.5,263.50159
1020,263.51453
1020.5,263.52747
1021,263.54041
1021.5,263.55334
1022,263.56628
1022.5,263.57922
1023,263.59216
1023.5,263.6051
1024,263.61804
1024.5,263.63097
1025,263.64391
1025.5,263.65685
1026,263.66979
1026.5,263.68273
1027,263.69566
1027.5,263.7086
1028,263.72154
1028.5,263.73448
1029,263.74742
1029.5,263.76035
1030,263.77329
1030.5,263.78623
1031,263.79917
1031.5,263.81211
1032,263.82505
1032.5,263.83798
1033,263.85092
1033.5,263.86386
1034,263.8768
1034.5,263.88974
1035,263.90267
1035.5,263.91561
1036,263.92855
1036.5,263.94149
1037,263.95443
1037.5,263.96736
1038,263.9803
1038.5,263.99324
1039,264.00618
1039.5,264.01912
1040,264.03206
1040.5,264.04499
1041,264.05793
1041.5,264.07087
1042,264.08381
1042.5,264.09675
1043,264.10968
1043.5,264.12262
1044,264.13556
1044.5,264.1485
1045,264.16144
1045.5,264.17437
1046,264.18731
1046.5,264.20025
1047,264.21319
1047.5,264.22613
1048,264.23907
1048.5,264.252
1049,264.26494
1049.5,264.27788
1050,264.29082
1050.5,264.30376
1051,264.31669
1051.5,264.32963
1052,264.34257
1052.5,264.35551
1053,264.36845
1053.5,264.38138
1054,264.39432
1054.5,264.40726
1055,264.4202
1055.5,264.43314
1056,264.44608
1056.5,264.45901
1057,264.47195
1057.5,264.48489
1058,264.49783
1058.5,264.51077
1059,264.5237
1059.5,264.53664
1060,264.54958
1060.5,264.56252
1061,264.57546
1061.5,264.58839
1062,264.60133
1062.5,264.61427
1063,264.62721
1063.5,264.64015
1064,264.65309
1064.5,264.66602
1065,264.67896
1065.5,264.6919
1066,264.70484
1066.5,264.71778
1067,264.72948
1067.5,264.74057
1068,264.75166
1068.5,264.76275
1069,264.77384
1069.5,264.78493
1070,264.79602
1070.5,264.80711
1071,264.8182
1071.5,264.82929
1072,264.84038
1072.5,264.85147
1073,264.86257
1073.5,264.87366
1074,264.88475
1074.5,264.89584
1075,264.90693
1075.5,264.91802
1076,264.92911
1076.5,264.9402
1077,264.95129
1077.5,264.96238
1078,264.97347
1078.5,264.98456
1079,264.99565
1079.5,265.00674
1080,265.01783
1080.5,265.02892
1081,265.04001
1081.5,265.0511
1082,265.06219
1082.5,265.07328
1083,265.08437
1083.5,265.09546
1084,265.10655
1084.5,265.11764
1085,265.12873
1085.5,265.13982
1086,265.15091
1086.5,265.162
1087,265.17309
1087.5,265.18418
1088,265.19527
1088.5,265.20636
1089,265.21745
1089.5,265.22854
1090,265.23963
1090.5,265.25072
1091,265.26181
1091.5,265.2729
1092,265.28399
1092.5,265.29509
1093,265.30618
1093.5,265.31727
1094,265.32836
1094.5,265.33945
1095,265.35054
1095.5,265.36163
1096,265.37272
1096.5,265.38381
1097,265.3949
1097.5,265.40599
1098,265.41708
1098.5,265.42817
1099,265.43926
1099.5,265.45035
1100,265.46144
1100.5,265.47253
1101,265.48362
1101.5,265.49471
1102,265.5058
1102.5,265.51689
1103,265.52798
1103.5,265.53907
1104,265.55016
1104.5,265.56125
1105,265.57234
1105.5,265.58343
1106,265.59452
1106.5,265.60561
1107,265.6167
1107.5,265.62779
1108,265.63888
1108.5,265.64997
1109,265.66106
1109.5,265.67215
1110,265.68324
1110.5,265.69433
1111,265.70542
1111.5,265.71651
1112,265.7276
1112.5,265.7387
1113,265.74979
1113.5,265.76088
1114,265.77197
1114.5,265.78306
1115,265.79415
1115.5,265.80524
1116,265.81633
1116.5,265.82742
1117,265.83851
1117.5,265.8496
1118,265.86069
1118.5,265.87178
1119,265.88287
1119.5,265.89396
1120,265.90505
1120.5,265.91614
1121,265.92723
1121.5,265.93832
1122,265.94941
1122.5,265.9605
1123,265.97159
1123.5,265.98268
1124,265.99377
1124.5,266.00486
1125,266.01595
1125.5,266.02704
1126,266.03813
1126.5,266.04922
1127,266.06031
1127.5,266.0714
1128,266.08249
1128.5,266.09358
1129,266.10467
1129.5,266.11576
1130,266.12685
1130.5,266.13794
1131,266.14903
1131.5,266.16012
1132,266.17121
1132.5,266.18231
1133,266.1934
1133.5,266.20582
1134,266.22092
1134.5,266.23601
1135,266.25111
1135.5,266.2662
1136,266.2813
1136.5,266.2964
1137,266.31149
1137.5,266.32659
1138,266.34168
1138.5,266.35678
1139,266.37188
1139.5,266.38697
1140,266.40207
1140.5,266.41716
1141,266.43226
1141.5,266.44736
1142,266.46245
1142.5,266.47755
1143,266.49264
1143.5,266.50774
1144,266.52284
1144.5,266.53793
1145,266.55303
1145.5,266.56812
1146,266.58322
1146.5,266.59832
1147,266.61341
1147.5,266.62851
1148,266.6436
1148.5,266.6587
1149,266.6738
1149.5,266.68889
1150,266.70399
1150.5,266.71908
1151,266.73418
1151.5,266.74928
1152,266.76437
1152.5,266.77947
1153,266.79456
1153.5,266.80966
1154,266.82476
1154.5,266.83985
1155,266.85495
1155.5,266.87004
1156,266.88514
1156.5,266.90024
1157,266.91533
1157.5,266.93043
1158,266.94552
1158.5,266.96062
1159,266.97572
1159.5,266.99081
1160,267.00591
1160.5,267.021
1161,267.0361
1161.5,267.0512
1162,267.06629
1162.5,267.08139
1163,267.09648
1163.5,267.11158
1164,267.12668
1164.5,267.14177
1165,267.15687
1165.5,267.17196
1166,267.18706
1166.5,267.20216
1167,267.21725
1167.5,267.23235
1168,267.24744
1168.5,267.26254
1169,267.27764
1169.5,267.29273
1170,267.30783
1170.5,267.32292
1171,267.33802
1171.5,267.35312
1172,267.36821
1172.5,267.38331
1173,267.3984
1173.5,267.4135
1174,267.4286
1174.5,267.44369
1175,267.45879
1175.5,267.47388
1176,267.48898
1176.5,267.50408
1177,267.51917
1177.5,267.53427
1178,267.54936
1178.5,267.56446
1179,267.57956
1179.5,267.59465
1180,267.60975
1180.5,267.62484
1181,267.63994
1181.5,267.65504
1182,267.67013
1182.5,267.68523
1183,267.70032
1183.5,267.71542
1184,267.73052
1184.5,267.74561
1185,267.76071
1185.5,267.7758
1186,267.7909
1186.5,267.806
1187,267.82109
1187.5,267.83619
1188,267.85128
1188.5,267.86638
1189,267.88148
1189.5,267.89657
1190,267.91167
1190.5,267.92676
1191,267.94186
1191.5,267.95696
1192,267.97205
1192.5,267.98715
1193,268.00224
1193.5,268.01734
1194,268.03244
1194.5,268.04753
1195,268.06263
1195.5,268.07772
1196,268.09282
1196.5,268.10792
1197,268.12301
1197.5,268.13811
1198,268.1532
1198.5,268.1683
1199,268.18339
1199.5,268.19849
1200,268.21359
1200.5,268.23154
1201,268.2495
1201.5,268.26745
1202,268.28541
1202.5,268.30336
1203,268.32132
1203.5,268.33927
1204,268.35723
1204.5,268.37518
1205,268.39314
1205.5,268.41109
1206,268.42905
1206.5,268.447
1207,268.46496
1207.5,268.48291
1208,268.50087
1208.5,268.51882
1209,268.53678
1209.5,268.55473
1210,268.57269
1210.5,268.59064
1211,268.6086
1211.5,268.62655
1212,268.64451
1212.5,268.66246
1213,268.68042
1213.5,268.69838
1214,268.71633
1214.5,268.73429
1215,268.75224
1215.5,268.7702
1216,268.78815
1216.5,268.80611
1217,268.82406
1217.5,268.84202
1218,268.85997
1218.5,268.87793
1219,268.89588
1219.5,268.91384
1220,268.93179
1220.5,268.94975
1221,268.9677
1221.5,268.98566
1222,269.00361
1222.5,269.02157
1223,269.03952
1223.5,269.05748
1224,269.07543
1224.5,269.09339
1225,269.11134
1225.5,269.1293
1226,269.14725
1226.5,269.16521
1227,269.18316
1227.5,269.20112
1228,269.21907
1228.5,269.23703
1229,269.25498
1229.5,269.27294
1230,269.29089
1230.5,269.30885
1231,269.3268
1231.5,269.34476
1232,269.36271
1232.5,269.38067
1233,269.39863
1233.5,269.41658
1234,269.43454
1234.5,269.45249
1235,269.47045
1235.5,269.4884
1236,269.50636
1236.5,269.52431
1237,269.54227
1237.5,269.56022
1238,269.57818
1238.5,269.59613
1239,269.61409
1239.5,269.63204
1240,269.65
1240.5,269.66795
1241,269.68591
1241.5,269.70386
1242,269.72182
1242.5,269.73977
1243,269.75773
1243.5,269.77568
1244,269.79364
1244.5,269.81159
1245,269.82955
1245.5,269.8475
1246,269.86546
1246.5,269.88341
1247,269.90137
1247.5,269.91932
1248,269.93728
1248.5,269.95523
1249,269.97319
1249.5,269.99114
1250,270.0091
1250.5,270.02705
1251,270.04501
1251.5,270.06296
1252,270.08092
1252.5,270.09887
1253,270.11683
1253.5,270.13479
1254,270.15274
1254.5,270.1707
1255,270.18865
1255.5,270.20661
1256,270.22456
1256.5,270.24252
1257,270.26047
1257.5,270.27843
1258,270.29638
1258.5,270.31434
1259,270.33229
1259.5,270.35025
1260,270.3682
1260.5,270.38616
1261,270.40411
1261.5,270.42207
1262,270.44002
1262.5,270.45798
1263,270.47593
1263.5,270.49389
1264,270.51184
1264.5,270.5298
1265,270.54775
1265.5,270.56571
1266,270.58366
1266.5,270.60162
1267,270.61446
1267.5,270.62475
1268,270.63504
1268.5,270.64532
1269,270.65561
1269.5,270.6659
1270,270.67618
1270.5,270.68647
1271,270.69676
1271.5,270.70704
1272,270.71733
1272.5,270.72762
1273,270.73791
1273.5,270.74819
1274,270.75848
1274.5,270.76877
1275,270.77905
1275.5,270.78934
1276,270.79963
1276.5,270.80992
1277,270.8202
1277.5,270.83049
1278,270.84078
1278.5,270.85106
1279,270.86135
1279.5,270.87164
1280,270.88192
1280.5,270.89221
1281,270.9025
1281.5,270.91279
1282,270.92307
1282.5,270.93336
1283,270.94365
1283.5,270.95393
1284,270.96422
1284.5,270.97451
1285,270.9848
1285.5,270.99508
1286,271.00537
1286.5,271.01566
1287,271.02594
1287.5,271.03623
1288,271.04652
1288.5,271.05681
1289,271.06709
1289.5,271.07738
1290,271.08767
1290.5,271.09795
1291,271.10824
1291.5,271.11853
1292,271.12881
1292.5,271.1391
1293,271.14939
1293.5,271.15968
1294,271.16996
1294.5,271.18025
1295,271.19054
1295.5,271.20082
1296,271.21111
1296.5,271.2214
1297,271.23169
1297.5,271.24197
1298,271.25226
1298.5,271.26255
1299,271.27283
1299.5,271.28312
1300,271.29341
1300.5,271.30369
1301,271.31398
1301.5,271.32427
1302,271.33456
1302.5,271.34484
1303,271.35513
1303.5,271.36542
1304,271.3757
1304.5,271.38599
1305,271.39628
1305.5,271.40657
1306,271.41685
1306.5,271.42714
1307,271.43743
1307.5,271.44771
1308,271.458
1308.5,271.46829
1309,271.47857
1309.5,271.48886
1310,271.49915
1310.5,271.50944
1311,271.51972
1311.5,271.53001
1312,271.5403
1312.5,271.55058
1313,271.56087
1313.5,271.57116
1314,271.58145
1314.5,271.59173
1315,271.60202
1315.5,271.61231
1316,271.62259
1316.5,271.63288
1317,271.64317
1317.5,271.65345
1318,271.66374
1318.5,271.67403
1319,271.68432
1319.5,271.6946
1320,271.70489
1320.5,271.71518
1321,271.72546
1321.5,271.73575
1322,271.74604
1322.5,271.75633
1323,271.76661
1323.5,271.7769
1324,271.78719
1324.5,271.79747
1325,271.80776
1325.5,271.81805
1326,271.82833
1326.5,271.83862
1327,271.84891
1327.5,271.8592
1328,271.86948
1328.5,271.87977
1329,271.89006
1329.5,271.90034
1330,271.91063
1330.5,271.92092
1331,271.93121
1331.5,271.94149
1332,271.95178
1332.5,271.96207
1333,271.97235
1333.5,271.97926
1334,271.97939
1334.5,271.97952
1335,271.97965
1335.5,271.97978
1336,271.97992
1336.5,271.98005
1337,271.98018
1337.5,271.98031
1338,271.98044
1338.5,271.98058
1339,271.98071
1339.5,271.98084
1340,271.98097
1340.5,271.98111
1341,271.98124
1341.5,271.98137
1342,271.9815
1342.5,271.98163
1343,271.98177
1343.5,271.9819
1344,271.98203
1344.5,271.98216
1345,271.98229
1345.5,271.98243
1346,271.98256
1346.5,271.98269
1347,271.98282
1347.5,271.98295
1348,271.98309
1348.5,271.98322
1349,271.98335
1349.5,271.98348
1350,271.98361
1350.5,271.98375
1351,271.98388
1351.5,271.98401
1352,271.98414
1352.5,271.98428
1353,271.98441
1353.5,271.98454
1354,271.98467
1354.5,271.9848
1355,271.98494
1355.5,271.98507
1356,271.9852
1356.5,271.98533
1357,271.98546
1357.5,271.9856
1358,271.98573
1358.5,271.98586
1359,271.98599
1359.5,271.98612
1360,271.98626
1360.5,271.98639
1361,271.98652
1361.5,271.98665
1362,271.98678
1362.5,271.98692
1363,271.98705
1363.5,271.98718
1364,271.98731
1364.5,271.98745
1365,271.98758
1365.5,271.98771
1366,271.98784
1366.5,271.98797
1367,271.98811
1367.5,271.98824
1368,271.98837
1368.5,271.9885
1369,271.98863
1369.5,271.98877
1370,271.9889
1370.5,271.98903
1371,271.98916
1371.5,271.98929
1372,271.98943
1372.5,271.98956
1373,271.98969
1373.5,271.98982
1374,271.98996
1374.5,271.99009
1375,271.99022
1375.5,271.99035
1376,271.99048
1376.5,271.99062
1377,271.99075
1377.5,271.99088
1378,271.99101
1378.5,271.99114
1379,271.99128
1379.5,271.99141
1380,271.99154
1380.5,271.99167
1381,271.9918
1381.5,271.99194
1382,271.99207
1382.5,271.9922
1383,271.99233
1383.5,271.99246
1384,271.9926
1384.5,271.99273
1385,271.99286
1385.5,271.99299
1386,271.99313
1386.5,271.99326
1387,271.99339
1387.5,271.99352
1388,271.99365
1388.5,271.99379
1389,271.99392
1389.5,271.99405
1390,271.99418
1390.5,271.99431
1391,271.99445
1391.5,271.99458
1392,271.99471
1392.5,271.99484
1393,271.99497
1393.5,271.99511
1394,271.99524
1394.5,271.99537
1395,271.9955
1395.5,271.99563
1396,271.99577
1396.5,271.9959
1397,271.99603
1397.5,271.99616
1398,271.9963
1398.5,271.99643
1399,271.99656
1399.5,271.99669
1400,271.99682
1400.5,272.00461
1401,272.0124
1401.5,272.02019
1402,272.02797
1402.5,272.03576
1403,272.04355
1403.5,272.05134
1404,272.05912
1404.5,272.06691
1405,272.0747
1405.5,272.08249
1406,272.09028
1406.5,272.09806
1407,272.10585
1407.5,272.11364
1408,272.12143
1408.5,272.12921
1409,272.137
1409.5,272.14479
1410,272.15258
1410.5,272.16036
1411,272.16815
1411.5,272.17594
1412,272.18373
1412.5,272.19151
1413,272.1993
1413.5,272.20709
1414,272.21488
1414.5,272.22266
1415,272.23045
1415.5,272.23824
1416,272.24603
1416.5,272.25382
1417,272.2616
1417.5,272.26939
1418,272.27718
1418.5,272.28497
1419,272.29275
1419.5,272.30054
1420,272.30833
1420.5,272.31612
1421,272.3239
1421.5,272.33169
1422,272.33948
1422.5,272.34727
1423,272.35505
1423.5,272.36284
1424,272.37063
1424.5,272.37842
1425,272.3862
1425.5,272.39399
1426,272.40178
1426.5,272.40957
1427,272.41736
1427.5,272.42514
1428,272.43293
1428.5,272.44072
1429,272.44851
1429.5,272.45629
1430,272.46408
1430.5,272.47187
1431,272.47966
1431.5,272.48744
1432,272.49523
1432.5,272.50302
1433,272.51081
1433.5,272.51859
1434,272.52638
1434.5,272.53417
1435,272.54196
1435.5,272.54974
1436,272.55753
1436.5,272.56532
1437,272.57311
1437.5,272.5809
1438,272.58868
1438.5,272.59647
1439,272.60426
1439.5,272.61205
1440,272.61983
1440.5,272.62762
1441,272.63541
1441.5,272.6432
1442,272.65098
1442.5,272.65877
1443,272.66656
1443.5,272.67435
1444,272.68213
1444.5,272.68992
1445,272.69771
1445.5,272.7055
1446,272.71328
1446.5,272.72107
1447,272.72886
1447.5,272.73665
1448,272.74444
1448.5,272.75222
1449,272.76001
1449.5,272.7678
1450,272.77559
1450.5,272.78337
1451,272.79116
1451.5,272.79895
1452,272.80674
1452.5,272.81452
1453,272.82231
1453.5,272.8301
1454,272.83789
1454.5,272.84567
1455,272.85346
1455.5,272.86125
1456,272.86904
1456.5,272.87682
1457,272.88461
1457.5,272.8924
1458,272.90019
1458.5,272.90798
1459,272.91576
1459.5,272.92355
1460,272.93134
1460.5,272.93913
1461,272.94691
1461.5,272.9547
1462,272.96249
1462.5,272.97028
1463,272.97806
1463.5,272.98585
1464,272.99364
1464.5,273.00143
1465,273.00921
1465.5,273.017
1466,273.02479
1466.5,273.03258
1467,273.03718
1467.5,273.04018
1468,273.04318
1468.5,273.04618
1469,273.04919
1469.5,273.05219
1470,273.05519
1470.5,273.0582
1471,273.0612
1471.5,273.0642
1472,273.06721
1472.5,273.07021
1473,273.07321
1473.5,273.07621
1474,273.07922
1474.5,273.08222
1475,273.08522
1475.5,273.08823
1476,273.09123
1476.5,273.09423
1477,273.09723
1477.5,273.10024
1478,273.10324
1478.5,273.10624
1479,273.10925
1479.5,273.11225
1480,273.11525
1480.5,273.11826
1481,273.12126
1481.5,273.12426
1482,273.12726
1482.5,273.13027
1483,273.13327
1483.5,273.13627
1484,273.13928
1484.5,273.14228
1485,273.14528
1485.5,273.14829
1486,273.15129
1486.5,273.15429
1487,273.15729
1487.5,273.1603
1488,273.1633
1488.5,273.1663
1489,273.16931
1489.5,273.17231
1490,273.17531
1490.5,273.17832
1491,273.18132
1491.5,273.18432
1492,273.18732
1492.5,273.19033
1493,273.19333
1493.5,273.19633
1494,273.19934
1494.5,273.20234
1495,273.20534
1495.5,273.20834
1496,273.21135
1496.5,273.21435
1497,273.21735
1497.5,273.22036
1498,273.22336
1498.5,273.22636
1499,273.22937
1499.5,273.23237
1500,273.23537
1500.5,273.23837
1501,273.24138
1501.5,273.24438
1502,273.24738
1502.5,273.25039
1503,273.25339
1503.5,273.25639
1504,273.2594
1504.5,273.2624
1505,273.2654
1505.5,273.2684
1506,273.27141
1506.5,273.27441
1507,273.27741
1507.5,273.28042
1508,273.28342
1508.5,273.28642
1509,273.28943
1509.5,273.29243
1510,273.29543
1510.5,273.29843
1511,273.30144
1511.5,273.30444
1512,273.30744
1512.5,273.31045
1513,273.31345
1513.5,273.31645
1514,273.31946
1514.5,273.32246
1515,273.32546
1515.5,273.32846
1516,273.33147
1516.5,273.33447
1517,273.33747
1517.5,273.34048
1518,273.34348
1518.5,273.34648
1519,273.34948
1519.5,273.35249
1520,273.35549
1520.5,273.35849
1521,273.3615
1521.5,273.3645
1522,273.3675
1522.5,273.37051
1523,273.37351
1523.5,273.37651
1524,273.37951
1524.5,273.38252
1525,273.38552
1525.5,273.38852
1526,273.39153
1526.5,273.39453
1527,273.39753
1527.5,273.40054
1528,273.40354
1528.5,273.40654
1529,273.40954
1529.5,273.41255
1530,273.41555
1530.5,273.41855
1531,273.42156
1531.5,273.42456
1532,273.42756
1532.5,273.43057
1533,273.43357
1533.5,273.43686
1534,273.44073
1534.5,273.4446
1535,273.44848
1535.5,273.45235
1536,273.45622
1536.5,273.46009
1537,273.46396
1537.5,273.46783
1538,273.4717
1538.5,273.47558
1539,273.47945
1539.5,273.48332
1540,273.48719
1540.5,273.49106
1541,273.49493
1541.5,273.49881
1542,273.50268
1542.5,273.50655
1543,273.51042
1543.5,273.51429
1544,273.51816
1544.5,273.52203
1545,273.52591
1545.5,273.52978
1546,273.53365
1546.5,273.53752
1547,273.54139
1547.5,273.54526
1548,273.54914
1548.5,273.55301
1549,273.55688
1549.5,273.56075
1550,273.56462
1550.5,273.56849
1551,273.57236
1551.5,273.57624
1552,273.58011
1552.5,273.58398
1553,273.58785
1553.5,273.59172
1554,273.59559
1554.5,273.59947
1555,273.60334
1555.5,273.60721
1556,273.61108
1556.5,273.61495
1557,273.61882
1557.5,273.62269
1558,273.62657
1558.5,273.63044
1559,273.63431
1559.5,273.63818
1560,273.64205
1560.5,273.64592
1561,273.6498
1561.5,273.65367
1562,273.65754
1562.5,273.66141
1563,273.66528
1563.5,273.66915
1564,273.67302
1564.5,273.6769
1565,273.68077
1565.5,273.68464
1566,273.68851
1566.5,273.69238
1567,273.69625
1567.5,273.70013
1568,273.704
1568.5,273.70787
1569,273.71174
1569.5,273.71561
1570,273.71948
1570.5,273.72335
1571,273.72723
1571.5,273.7311
1572,273.73497
1572.5,273.73884
1573,273.74271
1573.5,273.74658
1574,273.75046
1574.5,273.75433
1575,273.7582
1575.5,273.76207
1576,273.76594
1576.5,273.76981
1577,273.77369
1577.5,273.77756
1578,273.78143
1578.5,273.7853
1579,273.78917
1579.5,273.79304
1580,273.79691
1580.5,273.80079
1581,273.80466
1581.5,273.80853
1582,273.8124
1582.5,273.81627
1583,273.82014
1583.5,273.82402
1584,273.82789
1584.5,273.83176
1585,273.83563
1585.5,273.8395
1586,273.84337
1586.5,273.84724
1587,273.85112
1587.5,273.85499
1588,273.85886
1588.5,273.86273
1589,273.8666
1589.5,273.87047
1590,273.87435
1590.5,273.87822
1591,273.88209
1591.5,273.88596
1592,273.88983
1592.5,273.8937
1593,273.89757
1593.5,273.90145
1594,273.90532
1594.5,273.90919
1595,273.91306
1595.5,273.91693
1596,273.9208
1596.5,273.92468
1597,273.92855
1597.5,273.93242
1598,273.93629
1598.5,273.94016
1599,273.94403
1599.5,273.9479
1600,273.95178
1600.5,273.94763
1601,273.94348
1601.5,273.93933
1602,273.93518
1602.5,273.93103
1603,273.92688
1603.5,273.92273
1604,273.91858
1604.5,273.91443
1605,273.91028
1605.5,273.90614
1606,273.90199
1606.5,273.89784
1607,273.89369
1607.5,273.88954
1608,273.88539
1608.5,273.88124
1609,273.87709
1609.5,273.87294
1610,273.86879
1610.5,273.86464
1611,273.8605
1611.5,273.85635
1612,273.8522
1612.5,273.84805
1613,273.8439
1613.5,273.83975
1614,273.8356
1614.5,273.83145
1615,273.8273
1615.5,273.82315
1616,273.819
1616.5,273.81486
1617,273.81071
1617.5,273.80656
1618,273.80241
1618.5,273.79826
1619,273.79411
1619.5,273.78996
1620,273.78581
1620.5,273.78166
1621,273.77751
1621.5,273.77336
1622,273.76922
1622.5,273.76507
1623,273.76092
1623.5,273.75677
1624,273.75262
1624.5,273.74847
1625,273.74432
1625.5,273.74017
1626,273.73602
1626.5,273.73187
1627,273.72772
1627.5,273.72358
1628,273.71943
1628.5,273.71528
1629,273.71113
1629.5,273.70698
1630,273.70283
1630.5,273.69868
1631,273.69453
1631.5,273.69038
1632,273.68623
1632.5,273.68208
1633,273.67794
1633.5,273.67379
1634,273.66964
1634.5,273.66549
1635,273.66134
1635.5,273.65719
1636,273.65304
1636.5,273.64889
1637,273.64474
1637.5,273.64059
1638,273.63644
1638.5,273.63229
1639,273.62815
1639.5,273.624
1640,273.61985
1640.5,273.6157
1641,273.61155
1641.5,273.6074
1642,273.60325
1642.5,273.5991
1643,273.59495
1643.5,273.5908
1644,273.58665
1644.5,273.58251
1645,273.57836
1645.5,273.57421
1646,273.57006
1646.5,273.56591
1647,273.56176
1647.5,273.55761
1648,273.55346
1648.5,273.54931
1649,273.54516
1649.5,273.54101
1650,273.53687
1650.5,273.53272
1651,273.52857
1651.5,273.52442
1652,273.52027
1652.5,273.51612
1653,273.51197
1653.5,273.50782
1654,273.50367
1654.5,273.49952
1655,273.49537
1655.5,273.49123
1656,273.48708
1656.5,273.48293
1657,273.47878
1657.5,273.47463
1658,273.47048
1658.5,273.46633
1659,273.46218
1659.5,273.45803
1660,273.45388
1660.5,273.44973
1661,273.44559
1661.5,273.44144
1662,273.43729
1662.5,273.43314
1663,273.42899
1663.5,273.42484
1664,273.42069
1664.5,273.41654
1665,273.41239
1665.5,273.40824
1666,273.40409
1666.5,273.39994
1667,273.39827
1667.5,273.39783
1668,273.39739
1668.5,273.39694
1669,273.3965
1669.5,273.39606
1670,273.39562
1670.5,273.39518
1671,273.39474
1671.5,273.3943
1672,273.39386
1672.5,273.39342
1673,273.39297
1673.5,273.39253
1674,273.39209
1674.5,273.39165
1675,273.39121
1675.5,273.39077
1676,273.39033
1676.5,273.38989
1677,273.38944
1677.5,273.389
1678,273.38856
1678.5,273.38812
1679,273.38768
1679.5,273.38724
1680,273.3868
1680.5,273.38636
1681,273.38592
1681.5,273.38547
1682,273.38503
1682.5,273.38459
1683,273.38415
1683.5,273.38371
1684,273.38327
1684.5,273.38283
1685,273.38239
1685.5,273.38195
1686,273.3815
1686.5,273.38106
1687,273.38062
1687.5,273.38018
1688,273.37974
1688.5,273.3793
1689,273.37886
1689.5,273.37842
1690,273.37798
1690.5,273.37753
1691,273.37709
1691.5,273.37665
1692,273.37621
1692.5,273.37577
1693,273.37533
1693.5,273.37489
1694,273.37445
1694.5,273.374
1695,273.37356
1695.5,273.37312
1696,273.37268
1696.5,273.37224
1697,273.3718
1697.5,273.37136
1698,273.37092
1698.5,273.37048
1699,273.37003
1699.5,273.36959
1700,273.36915
1700.5,273.36871
1701,273.36827
1701.5,273.36783
1702,273.36739
1702.5,273.36695
1703,273.36651
1703.5,273.36606
1704,273.36562
1704.5,273.36518
1705,273.36474
1705.5,273.3643
1706,273.36386
1706.5,273.36342
1707,273.36298
1707.5,273.36253
1708,273.36209
1708.5,273.36165
1709,273.36121
1709.5,273.36077
1710,273.36033
1710.5,273.35989
1711,273.35945
1711.5,273.35901
1712,273.35856
1712.5,273.35812
1713,273.35768
1713.5,273.35724
1714,273.3568
1714.5,273.35636
1715,273.35592
1715.5,273.35548
1716,273.35504
1716.5,273.35459
1717,273.35415
1717.5,273.35371
1718,273.35327
1718.5,273.35283
1719,273.35239
1719.5,273.35195
1720,273.35151
1720.5,273.35107
1721,273.35062
1721.5,273.35018
1722,273.34974
1722.5,273.3493
1723,273.34886
1723.5,273.34842
1724,273.34798
1724.5,273.34754
1725,273.34709
1725.5,273.34665
1726,273.34621
1726.5,273.34577
1727,273.34533
1727.5,273.34489
1728,273.34445
1728.5,273.34401
1729,273.34357
1729.5,273.34312
1730,273.34268
1730.5,273.34224
1731,273.3418
1731.5,273.34136
1732,273.34092
1732.5,273.34048
1733,273.34004
1733.5,273.33581
1734,273.324
1734.5,273.3122
1735,273.30039
1735.5,273.28859
1736,273.27678
1736.5,273.26498
1737,273.25317
1737.5,273.24137
1738,273.22956
1738.5,273.21776
1739,273.20595
1739.5,273.19415
1740,273.18234
1740.5,273.17054
1741,273.15873
1741.5,273.14693
1742,273.13512
1742.5,273.12331
1743,273.11151
1743.5,273.0997
1744,273.0879
1744.5,273.07609
1745,273.06429
1745.5,273.05248
1746,273.04068
1746.5,273.02887
1747,273.01707
1747.5,273.00526
1748,272.99346
1748.5,272.98165
1749,272.96985
1749.5,272.95804
1750,272.94624
1750.5,272.93443
1751,272.92263
1751.5,272.91082
1752,272.89902
1752.5,272.88721
1753,272.87541
1753.5,272.8636
1754,272.8518
1754.5,272.83999
1755,272.82819
1755.5,272.81638
1756,272.80458
1756.5,272.79277
1757,272.78097
1757.5,272.76916
1758,272.75736
1758.5,272.74555
1759,272.73375
1759.5,272.72194
1760,272.71013
1760.5,272.69833
1761,272.68652
1761.5,272.67472
1762,272.66291
1762.5,272.65111
1763,272.6393
1763.5,272.6275
1764,272.61569
1764.5,272.60389
1765,272.59208
1765.5,272.58028
1766,272.56847
1766.5,272.55667
1767,272.54486
1767.5,272.53306
1768,272.52125
1768.5,272.50945
1769,272.49764
1769.5,272.48584
1770,272.47403
1770.5,272.46223
1771,272.45042
1771.5,272.43862
1772,272.42681
1772.5,272.41501
1773,272.4032
1773.5,272.3914
1774,272.37959
1774.5,272.36779
1775,272.35598
1775.5,272.34418
1776,272.33237
1776.5,272.32057
1777,272.30876
1777.5,272.29695
1778,272.28515
1778.5,272.27334
1779,272.26154
1779.5,272.24973
1780,272.23793
1780.5,272.22612
1781,272.21432
1781.5,272.20251
1782,272.19071
1782.5,272.1789
1783,272.1671
1783.5,272.15529
1784,272.14349
1784.5,272.13168
1785,272.11988
1785.5,272.10807
1786,272.09627
1786.5,272.08446
1787,272.07266
1787.5,272.06085
1788,272.04905
1788.5,272.03724
1789,272.02544
1789.5,272.01363
1790,272.00183
1790.5,271.99002
1791,271.97822
1791.5,271.96641
1792,271.95461
1792.5,271.9428
1793,271.931
1793.5,271.91919
1794,271.90739
1794.5,271.89558
1795,271.88377
1795.5,271.87197
1796,271.86016
1796.5,271.84836
1797,271.83655
1797.5,271.82475
1798,271.81294
1798.5,271.80114
1799,271.78933
1799.5,271.77753
1800,271.76572
1800.5,271.767
1801,271.76827
1801.5,271.76954
1802,271.77081
1802.5,271.77208
1803,271.77335
1803.5,271.77463
1804,271.7759
1804.5,271.77717
1805,271.77844
1805.5,271.77971
1806,271.78098
1806.5,271.78226
1807,271.78353
1807.5,271.7848
1808,271.78607
1808.5,271.78734
1809,271.78862
1809.5,271.78989
1810,271.79116
1810.5,271.79243
1811,271.7937
1811.5,271.79497
1812,271.79625
1812.5,271.79752
1813,271.79879
1813.5,271.80006
1814,271.80133
1814.5,271.8026
1815,271.80388
1815.5,271.80515
1816,271.80642
1816.5,271.80769
1817,271.80896
1817.5,271.81024
1818,271.81151
1818.5,271.81278
1819,271.81405
1819.5,271.81532
1820,271.81659
1820.5,271.81787
1821,271.81914
1821.5,271.82041
1822,271.82168
1822.5,271.82295
1823,271.82423
1823.5,271.8255
1824,271.82677
1824.5,271.82804
1825,271.82931
1825.5,271.83058
1826,271.83186
1826.5,271.83313
1827,271.8344
1827.5,271.83567
1828,271.83694
1828.5,271.83821
1829,271.83949
1829.5,271.84076
1830,271.84203
1830.5,271.8433
1831,271.84457
1831.5,271.84585
1832,271.84712
1832.5,271.84839
1833,271.84966
1833.5,271.85093
1834,271.8522
1834.5,271.85348
1835,271.85475
1835.5,271.85602
1836,271.85729
1836.5,271.85856
1837,271.85983
1837.5,271.86111
1838,271.86238
1838.5,271.86365
1839,271.86492
1839.5,271.86619
1840,271.86747
1840.5,271.86874
1841,271.87001
1841.5,271.87128
1842,271.87255
1842.5,271.87382
1843,271.8751
1843.5,271.87637
1844,271.87764
1844.5,271.87891
1845,271.88018
1845.5,271.88146
1846,271.88273
1846.5,271.884
1847,271.88527
1847.5,271.88654
1848,271.88781
1848.5,271.88909
1849,271.89036
1849.5,271.89163
1850,271.8929
1850.5,271.89417
1851,271.89544
1851.5,271.89672
1852,271.89799
1852.5,271.89926
1853,271.90053
1853.5,271.9018
1854,271.90308
1854.5,271.90435
1855,271.90562
1855.5,271.90689
1856,271.90816
1856.5,271.90943
1857,271.91071
1857.5,271.91198
1858,271.91325
1858.5,271.91452
1859,271.91579
1859.5,271.91706
1860,271.91834
1860.5,271.91961
1861,271.92088
1861.5,271.92215
1862,271.92342
1862.5,271.9247
1863,271.92597
1863.5,271.92724
1864,271.92851
1864.5,271.92978
1865,271.93105
1865.5,271.93233
1866,271.9336
1866.5,271.93487
1867,271.93112
1867.5,271.92487
1868,271.91862
1868.5,271.91236
1869,271.90611
1869.5,271.89985
1870,271.8936
1870.5,271.88735
1871,271.88109
1871.5,271.87484
1872,271.86859
1872.5,271.86233
1873,271.85608
1873.5,271.84982
1874,271.84357
1874.5,271.83732
1875,271.83106
1875.5,271.82481
1876,271.81855
1876.5,271.8123
1877,271.80605
1877.5,271.79979
1878,271.79354
1878.5,271.78728
1879,271.78103
1879.5,271.77478
1880,271.76852
1880.5,271.76227
1881,271.75601
1881.5,271.74976
1882,271.74351
1882.5,271.73725
1883,271.731
1883.5,271.72475
1884,271.71849
1884.5,271.71224
1885,271.70598
1885.5,271.69973
1886,271.69348
1886.5,271.68722
1887,271.68097
1887.5,271.67471
1888,271.66846
1888.5,271.66221
1889,271.65595
1889.5,271.6497
1890,271.64344
1890.5,271.63719
1891,271.63094
1891.5,271.62468
1892,271.61843
1892.5,271.61217
1893,271.60592
1893.5,271.59967
1894,271.59341
1894.5,271.58716
1895,271.58091
1895.5,271.57465
1896,271.5684
1896.5,271.56214
1897,271.55589
1897.5,271.54964
1898,271.54338
1898.5,271.53713
1899,271.53087
1899.5,271.52462
1900,271.51837
1900.5,271.51211
1901,271.50586
1901.5,271.4996
1902,271.49335
1902.5,271.4871
1903,271.48084
1903.5,271.47459
1904,271.46833
1904.5,271.46208
1905,271.45583
1905.5,271.44957
1906,271.44332
1906.5,271.43707
1907,271.43081
1907.5,271.42456
1908,271.4183
1908.5,271.41205
1909,271.4058
1909.5,271.39954
1910,271.39329
1910.5,271.38703
1911,271.38078
1911.5,271.37453
1912,271.36827
1912.5,271.36202
1913,271.35576
1913.5,271.34951
1914,271.34326
1914.5,271.337
1915,271.33075
1915.5,271.32449
1916,271.31824
1916.5,271.31199
1917,271.30573
1917.5,271.29948
1918,271.29323
1918.5,271.28697
1919,271.28072
1919.5,271.27446
1920,271.26821
1920.5,271.26196
1921,271.2557
1921.5,271.24945
1922,271.24319
1922.5,271.23694
1923,271.23069
1923.5,271.22443
1924,271.21818
1924.5,271.21192
1925,271.20567
1925.5,271.19942
1926,271.19316
1926.5,271.18691
1927,271.18065
1927.5,271.1744
1928,271.16815
1928.5,271.16189
1929,271.15564
1929.5,271.14939
1930,271.14313
1930.5,271.13688
1931,271.13062
1931.5,271.12437
1932,271.11812
1932.5,271.11186
1933,271.10561
1933.5,271.09769
1934,271.08644
1934.5,271.0752
1935,271.06395
1935.5,271.05271
1936,271.04146
1936.5,271.03022
1937,271.01897
1937.5,271.00773
1938,270.99648
1938.5,270.98524
1939,270.97399
1939.5,270.96275
1940,270.9515
1940.5,270.94026
1941,270.92901
1941.5,270.91777
1942,270.90652
1942.5,270.89528
1943,270.88403
1943.5,270.87278
1944,270.86154
1944.5,270.85029
1945,270.83905
1945.5,270.8278
1946,270.81656
1946.5,270.80531
1947,270.79407
1947.5,270.78282
1948,270.77158
1948.5,270.76033
1949,270.74909
1949.5,270.73784
1950,270.7266
1950.5,270.71535
1951,270.70411
1951.5,270.69286
1952,270.68162
1952.5,270.67037
1953,270.65912
1953.5,270.64788
1954,270.63663
1954.5,270.62539
1955,270.61414
1955.5,270.6029
1956,270.59165
1956.5,270.58041
1957,270.56916
1957.5,270.55792
1958,270.54667
1958.5,270.53543
1959,270.52418
1959.5,270.51294
1960,270.50169
1960.5,270.49045
1961,270.4792
1961.5,270.46795
1962,270.45671
1962.5,270.44546
1963,270.43422
1963.5,270.42297
1964,270.41173
1964.5,270.40048
1965,270.38924
1965.5,270.37799
1966,270.36675
1966.5,270.3555
1967,270.34426
1967.5,270.33301
1968,270.32177
1968.5,270.31052
1969,270.29928
1969.5,270.28803
1970,270.27679
1970.5,270.26554
1971,270.25429
1971.5,270.24305
1972,270.2318
1972.5,270.22056
1973,270.20931
1973.5,270.19807
1974,270.18682
1974.5,270.17558
1975,270.16433
1975.5,270.15309
1976,270.14184
1976.5,270.1306
1977,270.11935
1977.5,270.10811
1978,270.09686
1978.5,270.08562
1979,270.07437
1979.5,270.06313
1980,270.05188
1980.5,270.04063
1981,270.02939
1981.5,270.01814
1982,270.0069
1982.5,269.99565
1983,269.98441
1983.5,269.97316
1984,269.96192
1984.5,269.95067
1985,269.93943
1985.5,269.92818
1986,269.91694
1986.5,269.90569
1987,269.89445
1987.5,269.8832
1988,269.87196
1988.5,269.86071
1989,269.84947
1989.5,269.83822
1990,269.82697
1990.5,269.81573
1991,269.80448
1991.5,269.79324
1992,269.78199
1992.5,269.77075
1993,269.7595
1993.5,269.74826
1994,269.73701
1994.5,269.72577
1995,269.71452
1995.5,269.70328
1996,269.69203
1996.5,269.68079
1997,269.66954
1997.5,269.6583
1998,269.64705
1998.5,269.63581
1999,269.62456
1999.5,269.61331
2000,269.60207
2000.5,269.56913
2001,269.53619
2001.5,269.50325
2002,269.47031
2002.5,269.43737
2003,269.40442
2003.5,269.37148
2004,269.33854
2004.5,269.3056
2005,269.27266
2005.5,269.23972
2006,269.20678
2006.5,269.17384
2007,269.1409
2007.5,269.10796
2008,269.07502
2008.5,269.04208
2009,269.00914
2009.5,268.97619
2010,268.94325
2010.5,268.91031
2011,268.87737
2011.5,268.84443
2012,268.81149
2012.5,268.77855
2013,268.74561
2013.5,268.71267
2014,268.67973
2014.5,268.64679
2015,268.61385
2015.5,268.5809
2016,268.54796
2016.5,268.51502
2017,268.48208
2017.5,268.44914
2018,268.4162
2018.5,268.38326
2019,268.35032
2019.5,268.31738
2020,268.28444
2020.5,268.2515
2021,268.21856
2021.5,268.18562
2022,268.15267
2022.5,268.11973
2023,268.08679
2023.5,268.05385
2024,268.02091
2024.5,267.98797
2025,267.95503
2025.5,267.92209
2026,267.88915
2026.5,267.85621
2027,267.82327
2027.5,267.79033
2028,267.75738
2028.5,267.72444
2029,267.6915
2029.5,267.65856
2030,267.62562
2030.5,267.59268
2031,267.55974
2031.5,267.5268
2032,267.49386
2032.5,267.46092
2033,267.42798
2033.5,267.39504
2034,267.3621
2034.5,267.32915
2035,267.29621
2035.5,267.26327
2036,267.23033
2036.5,267.19739
2037,267.16445
2037.5,267.13151
2038,267.09857
2038.5,267.06563
2039,267.03269
2039.5,266.99975
2040,266.96681
2040.5,266.93387
2041,266.90092
2041.5,266.86798
2042,266.83504
2042.5,266.8021
2043,266.76916
2043.5,266.73622
2044,266.70328
2044.5,266.67034
2045,266.6374
2045.5,266.60446
2046,266.57152
2046.5,266.53858
2047,266.50563
2047.5,266.47269
2048,266.43975
2048.5,266.40681
2049,266.37387
2049.5,266.34093
2050,266.30799
2050.5,266.27505
2051,266.24211
2051.5,266.20917
2052,266.17623
2052.5,266.14329
2053,266.11035
2053.5,266.0774
2054,266.04446
2054.5,266.01152
2055,265.97858
2055.5,265.94564
2056,265.9127
2056.5,265.87976
2057,265.84682
2057.5,265.81388
2058,265.78094
2058.5,265.748
2059,265.71506
2059.5,265.68212
2060,265.64917
2060.5,265.61623
2061,265.58329
2061.5,265.55035
2062,265.51741
2062.5,265.48447
2063,265.45153
2063.5,265.41859
2064,265.38565
2064.5,265.35271
2065,265.31977
2065.5,265.28683
2066,265.25388
2066.5,265.22094
2067,265.1635
2067.5,265.09381
2068,265.02412
2068.5,264.95443
2069,264.88474
2069.5,264.81505
2070,264.74535
2070.5,264.67566
2071,264.60597
2071.5,264.53628
2072,264.46659
2072.5,264.3969
2073,264.32721
2073.5,264.25751
2074,264.18782
2074.5,264.11813
2075,264.04844
2075.5,263.97875
2076,263.90906
2076.5,263.83937
2077,263.76967
2077.5,263.69998
2078,263.63029
2078.5,263.5606
2079,263.49091
2079.5,263.42122
2080,263.35152
2080.5,263.28183
2081,263.21214
2081.5,263.14245
2082,263.07276
2082.5,263.00307
2083,262.93338
2083.5,262.86368
2084,262.79399
2084.5,262.7243
2085,262.65461
2085.5,262.58492
2086,262.51523
2086.5,262.44554
2087,262.37584
2087.5,262.30615
2088,262.23646
2088.5,262.16677
2089,262.09708
2089.5,262.02739
2090,261.9577
2090.5,261.888
2091,261.81831
2091.5,261.74862
2092,261.67893
2092.5,261.60924
2093,261.53955
2093.5,261.46986
2094,261.40016
2094.5,261.33047
2095,261.26078
2095.5,261.19109
2096,261.1214
2096.5,261.05171
2097,260.98202
2097.5,260.91232
2098,260.84263
2098.5,260.77294
2099,260.70325
2099.5,260.63356
2100,260.56387
2100.5,260.49418
2101,260.42448
2101.5,260.35479
2102,260.2851
2102.5,260.21541
2103,260.14572
2103.5,260.07603
2104,260.00633
2104.5,259.93664
2105,259.86695
2105.5,259.79726
2106,259.72757
2106.5,259.65788
2107,259.58819
2107.5,259.51849
2108,259.4488
2108.5,259.37911
2109,259.30942
2109.5,259.23973
2110,259.17004
2110.5,259.10035
2111,259.03065
2111.5,258.96096
2112,258.89127
2112.5,258.82158
2113,258.75189
2113.5,258.6822
2114,258.61251
2114.5,258.54281
2115,258.47312
2115.5,258.40343
2116,258.33374
2116.5,258.26405
2117,258.19436
2117.5,258.12467
2118,258.05497
2118.5,257.98528
2119,257.91559
2119.5,257.8459
2120,257.77621
2120.5,257.70652
2121,257.63683
2121.5,257.56713
2122,257.49744
2122.5,257.42775
2123,257.35806
2123.5,257.28837
2124,257.21868
2124.5,257.14899
2125,257.07929
2125.5,257.0096
2126,256.93991
2126.5,256.87022
2127,256.80053
2127.5,256.73084
2128,256.66114
2128.5,256.59145
2129,256.52176
2129.5,256.45207
2130,256.38238
2130.5,256.31269
2131,256.243
2131.5,256.1733
2132,256.10361
2132.5,256.03392
2133,255.96423
2133.5,255.80085
2134,255.45009
2134.5,255.09934
2135,254.74858
2135.5,254.39782
2136,254.04707
2136.5,253.69631
2137,253.34555
2137.5,252.9948
2138,252.64404
2138.5,252.29328
2139,251.94253
2139.5,251.59177
2140,251.24101
2140.5,250.89026
2141,250.5395
2141.5,250.18874
2142,249.83799
2142.5,249.48723
2143,249.13647
2143.5,248.78572
2144,248.43496
2144.5,248.0842
2145,247.73345
2145.5,247.38269
2146,247.03193
2146.5,246.68118
2147,246.33042
2147.5,245.97966
2148,245.62891
2148.5,245.27815
2149,244.92739
2149.5,244.57664
2150,244.22588
2150.5,243.87512
2151,243.52437
2151.5,243.17361
2152,242.82285
2152.5,242.4721
2153,242.12134
2153.5,241.77058
2154,241.41983
2154.5,241.06907
2155,240.71831
2155.5,240.36755
2156,240.0168
2156.5,239.66604
2157,239.31528
2157.5,238.96453
2158,238.61377
2158.5,238.26301
2159,237.91226
2159.5,237.5615
2160,237.21074
2160.5,236.85999
2161,236.50923
2161.5,236.15847
2162,235.80772
2162.5,235.45696
2163,235.1062
2163.5,234.75545
2164,234.40469
2164.5,234.05393
2165,233.70318
2165.5,233.35242
2166,233.00166
2166.5,232.65091
2167,232.30015
2167.5,231.94939
2168,231.59864
2168.5,231.24788
2169,230.89712
2169.5,230.54637
2170,230.19561
2170.5,229.84485
2171,229.4941
2171.5,229.14334
2172,228.79258
2172.5,228.44183
2173,228.09107
2173.5,227.74031
2174,227.38956
2174.5,227.0388
2175,226.68804
2175.5,226.33729
2176,225.98653
2176.5,225.63577
2177,225.28502
2177.5,224.93426
2178,224.5835
2178.5,224.23275
2179,223.88199
2179.5,223.53123
2180,223.18048
2180.5,222.82972
2181,222.47896
2181.5,222.12821
2182,221.77745
2182.5,221.42669
2183,221.07594
2183.5,220.72518
2184,220.37442
2184.5,220.02367
2185,219.67291
2185.5,219.32215
2186,218.9714
2186.5,218.62064
2187,218.26988
2187.5,217.91913
2188,217.56837
2188.5,217.21761
2189,216.86686
2189.5,216.5161
2190,216.16534
2190.5,215.81459
2191,215.46383
2191.5,215.11307
2192,214.76231
2192.5,214.41156
2193,214.0608
2193.5,213.71004
2194,213.35929
2194.5,213.00853
2195,212.65777
2195.5,212.30702
2196,211.95626
2196.5,211.6055
2197,211.25475
2197.5,210.90399
2198,210.55323
2198.5,210.20248
2199,209.85172
2199.5,209.50096
2200,209.15021
2200.5,208.83471
2201,208.51921
2201.5,208.20371
2202,207.88821
2202.5,207.57271
2203,207.25721
2203.5,206.94171
2204,206.62621
2204.5,206.31071
2205,205.99521
2205.5,205.67971
2206,205.36422
2206.5,205.04872
2207,204.73322
2207.5,204.41772
2208,204.10222
2208.5,203.78672
2209,203.47122
2209.5,203.15572
2210,202.84022
2210.5,202.52472
2211,202.20922
2211.5,201.89372
2212,201.57822
2212.5,201.26272
2213,200.94722
2213.5,200.63173
2214,200.31623
2214.5,200.00073
2215,199.68523
2215.5,199.36973
2216,199.05423
2216.5,198.73873
2217,198.42323
2217.5,198.10773
2218,197.79223
2218.5,197.47673
2219,197.16123
2219.5,196.84573
2220,196.53023
2220.5,196.21474
2221,195.89924
2221.5,195.58374
2222,195.26824
2222.5,194.95274
2223,194.63724
2223.5,194.32174
2224,194.00624
2224.5,193.69074
2225,193.37524
2225.5,193.05974
2226,192.74424
2226.5,192.42874
2227,192.11324
2227.5,191.79774
2228,191.48225
2228.5,191.16675
2229,190.85125
2229.5,190.53575
2230,190.22025
2230.5,189.90475
2231,189.58925
2231.5,189.27375
2232,188.95825
2232.5,188.64275
2233,188.32725
2233.5,188.01175
2234,187.69625
2234.5,187.38075
2235,187.06525
2235.5,186.74976
2236,186.43426
2236.5,186.11876
2237,185.80326
2237.5,185.48776
2238,185.17226
2238.5,184.85676
2239,184.54126
2239.5,184.22576
2240,183.91026
2240.5,183.59476
2241,183.27926
2241.5,182.96376
2242,182.64826
2242.5,182.33276
2243,182.01727
2243.5,181.70177
2244,181.38627
2244.5,181.07077
2245,180.75527
2245.5,180.43977
2246,180.12427
2246.5,179.80877
2247,179.49327
2247.5,179.17777
2248,178.86227
2248.5,178.54677
2249,178.23127
2249.5,177.91577
2250,177.60027
2250.5,177.28478
2251,176.96928
2251.5,176.65378
2252,176.33828
2252.5,176.02278
2253,175.70728
2253.5,175.39178
2254,175.07628
2254.5,174.76078
2255,174.44528
2255.5,174.12978
2256,173.81428
2256.5,173.49878
2257,173.18328
2257.5,172.86778
2258,172.55229
2258.5,172.23679
2259,171.92129
2259.5,171.60579
2260,171.29029
2260.5,170.97479
2261,170.65929
2261.5,170.34379
2262,170.02829
2262.5,169.71279
2263,169.39729
2263.5,169.08179
2264,168.76629
2264.5,168.45079
2265,168.13529
2265.5,167.8198
2266,167.5043
2266.5,167.1888
2267,166.86623
2267.5,166.54012
2268,166.21402
2268.5,165.88792
2269,165.56181
2269.5,165.23571
2270,164.90961
2270.5,164.5835
2271,164.2574
2271.5,163.93129
2272,163.60519
2272.5,163.27909
2273,162.95298
2273.5,162.62688
2274,162.30078
2274.5,161.97467
2275,161.64857
2275.5,161.32246
2276,160.99636
2276.5,160.67026
2277,160.34415
2277.5,160.01805
2278,159.69195
2278.5,159.36584
2279,159.03974
2279.5,158.71363
2280,158.38753
2280.5,158.06143
2281,157.73532
2281.5,157.40922
2282,157.08312
2282.5,156.75701
2283,156.43091
2283.5,156.1048
2284,155.7787
2284.5,155.4526
2285,155.12649
2285.5,154.80039
2286,154.47428
2286.5,154.14818
2287,153.82208
2287.5,153.49597
2288,153.16987
2288.5,152.84377
2289,152.51766
2289.5,152.19156
2290,151.86545
2290.5,151.53935
2291,151.21325
2291.5,150.88714
2292,150.56104
2292.5,150.23494
2293,149.90883
2293.5,149.58273
2294,149.25662
2294.5,148.93052
2295,148.60442
2295.5,148.27831
2296,147.95221
2296.5,147.62611
2297,147.3
2297.5,146.9739
2298,146.64779
2298.5,146.32169
2299,145.99559
2299.5,145.66948
2300,145.34338
2300.5,145.01728
2301,144.69117
2301.5,144.36507
2302,144.03896
2302.5,143.71286
2303,143.38676
2303.5,143.06065
2304,142.73455
2304.5,142.40845
2305,142.08234
2305.5,141.75624
2306,141.43013
2306.5,141.10403
2307,140.77793
2307.5,140.45182
2308,140.12572
2308.5,139.79962
2309,139.47351
2309.5,139.14741
2310,138.8213
2310.5,138.4952
2311,138.1691
2311.5,137.84299
2312,137.51689
2312.5,137.19079
2313,136.86468
2313.5,136.53858
2314,136.21247
2314.5,135.88637
2315,135.56027
2315.5,135.23416
2316,134.90806
2316.5,134.58196
2317,134.25585
2317.5,133.92975
2318,133.60364
2318.5,133.27754
2319,132.95144
2319.5,132.62533
2320,132.29923
2320.5,131.97313
2321,131.64702
2321.5,131.32092
2322,130.99481
2322.5,130.66871
2323,130.34261
2323.5,130.0165
2324,129.6904
2324.5,129.3643
2325,129.03819
2325.5,128.71209
2326,128.38598
2326.5,128.05988
2327,127.73378
2327.5,127.40767
2328,127.08157
2328.5,126.75547
2329,126.42936
2329.5,126.10326
2330,125.77715
2330.5,125.45105
2331,125.12495
2331.5,124.79884
2332,124.47274
2332.5,124.14664
2333,123.82053
2333.5,123.41686
2334,122.85804
2334.5,122.29923
2335,121.74041
2335.5,121.1816
2336,120.62278
2336.5,120.06397
2337,119.50515
2337.5,118.94633
2338,118.38752
2338.5,117.8287
2339,117.26989
2339.5,116.71107
2340,116.15226
2340.5,115.59344
2341,115.03463
2341.5,114.47581
2342,113.917
2342.5,113.35818
2343,112.79937
2343.5,112.24055
2344,111.68174
2344.5,111.12292
2345,110.56411
2345.5,110.00529
2346,109.44647
2346.5,108.88766
2347,108.32884
2347.5,107.77003
2348,107.21121
2348.5,106.6524
2349,106.09358
2349.5,105.53477
2350,104.97595
2350.5,104.41714
2351,103.85832
2351.5,103.29951
2352,102.74069
2352.5,102.18188
2353,101.62306
2353.5,101.06425
2354,100.50543
2354.5,99.946615
2355,99.387799
2355.5,98.828984
2356,98.270169
2356.5,97.711353
2357,97.152538
2357.5,96.593723
2358,96.034907
2358.5,95.476092
2359,94.917277
2359.5,94.358461
2360,93.799646
2360.5,93.240831
2361,92.682016
2361.5,92.1232
2362,91.564385
2362.5,91.00557
2363,90.446754
2363.5,89.887939
2364,89.329124
2364.5,88.770308
2365,88.211493
2365.5,87.652678
2366,87.093863
2366.5,86.535047
2367,85.976232
2367.5,85.417417
2368,84.858601
2368.5,84.299786
2369,83.740971
2369.5,83.182155
2370,82.62334
2370.5,82.064525
2371,81.505709
2371.5,80.946894
2372,80.388079
2372.5,79.829264
2373,79.270448
2373.5,78.711633
2374,78.152818
2374.5,77.594002
2375,77.035187
2375.5,76.476372
2376,75.917556
2376.5,75.358741
2377,74.799926
2377.5,74.241111
2378,73.682295
2378.5,73.12348
2379,72.564665
2379.5,72.005849
2380,71.447034
2380.5,70.888219
2381,70.329403
2381.5,69.770588
2382,69.211773
2382.5,68.652957
2383,68.094142
2383.5,67.535327
2384,66.976512
2384.5,66.417696
2385,65.858881
2385.5,65.300066
2386,64.74125
2386.5,64.182435
2387,63.62362
2387.5,63.064804
2388,62.505989
2388.5,61.947174
2389,61.388358
2389.5,60.829543
2390,60.270728
2390.5,59.711913
2391,59.153097
2391.5,58.594282
2392,58.035467
2392.5,57.476651
2393,56.917836
2393.5,56.359021
2394,55.800205
2394.5,55.24139
2395,54.682575
2395.5,54.12376
2396,53.564944
2396.5,53.006129
2397,52.447314
2397.5,51.888498
2398,51.329683
2398.5,50.770868
2399,50.212052
2399.5,49.653237
2400,49.094422
2400.5,49.057075
2401,49.019728
2401.5,48.982382
2402,48.945035
2402.5,48.907688
2403,48.870341
2403.5,48.832994
2404,48.795648
2404.5,48.758301
2405,48.720954
2405.5,48.683607
2406,48.646261
2406.5,48.608914
2407,48.571567
2407.5,48.53422
2408,48.496874
2408.5,48.459527
2409,48.42218
2409.5,48.384833
2410,48.347487
2410.5,48.31014
2411,48.272793
2411.5,48.235446
2412,48.1981
2412.5,48.160753
2413,48.123406
2413.5,48.086059
2414,48.048713
2414.5,48.011366
2415,47.974019
2415.5,47.936672
2416,47.899326
2416.5,47.861979
2417,47.824632
2417.5,47.787285
2418,47.749939
2418.5,47.712592
2419,47.675245
2419.5,47.637898
2420,47.600552
2420.5,47.563205
2421,47.525858
2421.5,47.488511
2422,47.451165
2422.5,47.413818
2423,47.376471
2423.5,47.339124
2424,47.301778
2424.5,47.264431
2425,47.227084
2425.5,47.189737
2426,47.152391
2426.5,47.115044
2427,47.077697
2427.5,47.04035
2428,47.003004
2428.5,46.965657
2429,46.92831
2429.5,46.890963
2430,46.853617
2430.5,46.81627
2431,46.778923
2431.5,46.741576
2432,46.70423
2432.5,46.666883
2433,46.629536
2433.5,46.592189
2434,46.554843
2434.5,46.517496
2435,46.480149
2435.5,46.442802
2436,46.405456
2436.5,46.368109
2437,46.330762
2437.5,46.293415
2438,46.256069
2438.5,46.218722
2439,46.181375
2439.5,46.144028
2440,46.106681
2440.5,46.069335
2441,46.031988
2441.5,45.994641
2442,45.957294
2442.5,45.919948
2443,45.882601
2443.5,45.845254
2444,45.807907
2444.5,45.770561
2445,45.733214
2445.5,45.695867
2446,45.65852
2446.5,45.621174
2447,45.583827
2447.5,45.54648
2448,45.509133
2448.5,45.471787
2449,45.43444
2449.5,45.397093
2450,45.359746
2450.5,45.3224
2451,45.285053
2451.5,45.247706
2452,45.210359
2452.5,45.173013
2453,45.135666
2453.5,45.098319
2454,45.060972
2454.5,45.023626
2455,44.986279
2455.5,44.948932
2456,44.911585
2456.5,44.874239
2457,44.836892
2457.5,44.799545
2458,44.762198
2458.5,44.724852
2459,44.687505
2459.5,44.650158
2460,44.612811
2460.5,44.575465
2461,44.538118
2461.5,44.500771
2462,44.463424
2462.5,44.426078
2463,44.388731
2463.5,44.351384
2464,44.314037
2464.5,44.276691
2465,44.239344
2465.5,44.201997
2466,44.16465
2466.5,44.127304