Time (ms),Stress (kPa)
0,0.0
1,5.276616956
2,10.553234058
3,15.82985043
4,21.1064687
5,26.38308552
6,31.65970232
7,36.93631914
8,42.21293594
9,47.48955276
10,52.76616956
11,58.04278784
12,63.31940464
13,68.59602146
14,73.87263826
15,79.14925508
16,84.42587188
17,89.7024887
18,94.97910696
19,100.25572378
20,105.53234058
21,110.8089574
22,116.0855742
23,121.36219102
24,126.63880782
25,131.9154261
26,137.1920429
27,142.46865972
28,147.7452736
29,153.02188896
30,158.2985043
31,163.57513424
32,168.8517496
33,174.12836496
34,179.4049803
35,184.68159566
36,189.958211
37,195.23482636
38,200.5114418
39,205.788057
40,211.064687
41,216.3413024
42,221.6179178
43,226.894533
44,232.1711484
45,237.4477638
46,242.7243792
47,248.0009944
48,253.2776098
49,258.5542398
50,263.8308552
51,269.1074704
52,274.3840858
53,279.6607012
54,284.9373166
55,290.2139318
56,295.4905472
57,300.7671772
58,306.0437926
59,311.3204078
60,316.5970232
61,321.8736386
62,327.150254
63,332.4268692
64,337.7034846
65,342.9801
66,348.25673
67,353.5333452
68,358.8099606
69,364.086576
70,369.3631914
71,374.6398066
72,379.916422
73,385.1930374
74,390.4696528
75,395.7462826
76,401.022898
77,406.2995134
78,411.5761288
79,416.852744
80,422.1293594
81,427.4059748
82,432.6825902
83,437.9592054
84,443.2358354
85,448.5124508
86,453.7890662
87,459.0656814
88,464.3422968
89,469.6189122
90,474.8955276
91,480.1721428
92,485.4487582
93,490.7253882
94,496.0020036
95,501.2786188
96,506.5552342
97,511.8318496
98,517.108465
99,522.3850802
100,527.6616956
101,532.9383256
102,538.214941
103,543.4915562
104,548.7681716
105,554.044787
106,559.3214024
107,564.5980176
108,569.874633
109,575.1512484
110,580.4278784
111,585.7044936
112,590.981109
113,596.2577244
114,601.5343398
115,606.810955
116,612.0875704
117,617.3641858
118,622.6408012
119,627.917431
120,633.1940464
121,638.4706618
122,643.7472772
123,649.0238924
124,654.3005078
125,659.5771232
126,664.8537386
127,670.1303538
128,675.4069838
129,680.6835992
130,685.9602146
131,691.2368298
132,696.5134452
133,701.7900606
134,705.8414502
135,709.280234
136,712.719018
137,716.1577874
138,719.5965714
139,723.0353408
140,726.4741246
141,729.9129086
142,733.351678
143,736.790462
144,740.229246
145,743.6680152
146,747.1067992
147,750.5455832
148,753.9843526
149,757.4231366
150,760.8619204
151,764.3006898
152,767.7394738
153,771.1782432
154,774.6170272
155,778.055811
156,781.4945804
157,784.9333644
158,788.3721484
159,791.8109178
160,795.2497016
161,798.6884856
162,802.127255
163,805.566039
164,809.0048084
165,812.4435922
166,815.8823762
167,819.3211456
168,822.7599296
169,826.1987136
170,829.637483
171,833.0762668
172,836.5150508
173,839.9538202
174,843.3926042
175,846.8313736
176,850.2701574
177,853.7089414
178,857.1477108
179,860.5864948
180,864.0252786
181,867.464048
182,870.902832
183,874.341616
184,877.7803854
185,881.2191694
186,884.6579386
187,888.0967226
188,891.5355066
189,894.974276
190,898.41306
191,901.8518438
192,905.2906132
193,908.7293972
194,912.1681812
195,915.6069506
196,919.0457344
197,922.4845038
198,925.9232878
199,929.3620718
200,932.8008412
201,936.239625
202,939.678409
203,943.1171784
204,946.5559624
205,949.9947464
206,953.4335156
207,956.8722996
208,960.3110836
209,963.749853
210,967.188637
211,970.6274062
212,974.0661902
213,977.5049742
214,980.9437436
215,984.3825276
216,987.8213114
217,991.2600808
218,994.6988648
219,998.1376488
220,1001.5764182
221,1005.015202
222,1008.4539714
223,1011.8927554
224,1015.3315394
225,1018.7703088
226,1022.2090926
227,1025.6478766
228,1029.086646
229,1032.52543
230,1035.964214
231,1039.4029832
232,1042.8417672
233,1046.2805366
234,1049.7193206
235,1053.1581046
236,1056.5968738
237,1060.0356578
238,1063.4744418
239,1066.9132112
240,1070.3519952
241,1073.790779
242,1077.2295484
243,1080.6683324
244,1084.1071018
245,1087.5458858
246,1090.9846696
247,1094.423439
248,1097.862223
249,1101.301007
250,1104.7397764
251,1108.1785604
252,1111.6173442
253,1115.0561136
254,1118.4948976
255,1121.933667
256,1125.372451
257,1128.8112348
258,1132.2500042
259,1135.6887882
260,1139.1275722
261,1142.5663416
262,1146.0051254
263,1149.4439094
264,1152.8826788
265,1156.3214628
266,1159.7602468
267,1162.9769148
268,1165.749395
269,1168.5218606
270,1171.2943408
271,1174.0668064
272,1176.8392866
273,1179.6117522
274,1182.3842322
275,1185.1566978
276,1187.929178
277,1190.7016436
278,1193.4741238
279,1196.246604
280,1199.0190696
281,1201.7915498
282,1204.5640154
283,1207.3364956
284,1210.1089612
285,1212.8814414
286,1215.6539068
287,1218.426387
288,1221.1988526
289,1223.9713328
290,1226.7437984
291,1229.5162786
292,1232.2887442
293,1235.0612244
294,1237.8337046
295,1240.6061702
296,1243.3786504
297,1246.1511158
298,1248.923596
299,1251.6960616
300,1254.4685418
301,1257.2410074
302,1260.0134876
303,1262.7859532
304,1265.5584334
305,1268.330899
306,1271.1033792
307,1273.8758594
308,1276.648325
309,1279.420805
310,1282.1932706
311,1284.9657508
312,1287.7382164
313,1290.5106966
314,1293.2831622
315,1296.0556424
316,1298.828108
317,1301.6005882
318,1304.3730538
319,1307.145534
320,1309.9179996
321,1312.6904796
322,1315.4629598
323,1318.2354254
324,1321.0079056
325,1323.7803712
326,1326.5528514
327,1329.325317
328,1332.0977972
329,1334.8702628
330,1337.642743
331,1340.4152086
332,1343.1876886
333,1345.9601542
334,1348.7326344
335,1351.5051
336,1354.2775802
337,1357.0500604
338,1359.822526
339,1362.5950062
340,1365.3674718
341,1368.139952
342,1370.9124176
343,1373.6848978
344,1376.4573632
345,1379.2298434
346,1382.002309
347,1384.7747892
348,1387.5472548
349,1390.319735
350,1393.0922152
351,1395.8646808
352,1398.637161
353,1401.4096266
354,1404.1821068
355,1406.9545724
356,1409.7270524
357,1412.499518
358,1415.2719982
359,1418.0444638
360,1420.816944
361,1423.5894096
362,1426.3618898
363,1429.1343554
364,1431.9068356
365,1434.6793158
366,1437.4517814
367,1440.2242614
368,1442.996727
369,1445.7692072
370,1448.5416728
371,1451.314153
372,1454.0866186
373,1456.8590988
374,1459.6315352
375,1462.4039716
376,1465.176554
377,1467.9489904
378,1470.7214268
379,1473.494009
380,1476.2664454
381,1479.0388818
382,1481.8113182
383,1484.5839006
384,1487.356337
385,1490.1287734
386,1492.9012098
387,1495.673792
388,1498.4462286
389,1501.218665
390,1503.9911014
391,1506.7636836
392,1509.53612
393,1512.3085564
394,1515.0809928
395,1517.8535752
396,1520.6260116
397,1523.398448
398,1526.1708844
399,1528.9434666
400,1531.7159032
401,1534.386224
402,1537.0565448
403,1539.7268658
404,1542.3971866
405,1545.0675076
406,1547.7378284
407,1550.4082952
408,1553.0786162
409,1555.748937
410,1558.419258
411,1561.0895788
412,1563.7598996
413,1566.4302206
414,1569.1005414
415,1571.7708624
416,1574.4411832
417,1577.1115042
418,1579.781971
419,1582.4522918
420,1585.1226128
421,1587.7929336
422,1590.4632544
423,1593.1335754
424,1595.8038962
425,1598.4742172
426,1601.144538
427,1603.814859
428,1606.4853258
429,1609.1556466
430,1611.8259676
431,1614.4962884
432,1617.1666092
433,1619.8369302
434,1622.507251
435,1625.177572
436,1627.8478928
437,1630.5182138
438,1633.1885346
439,1635.8590014
440,1638.5293222
441,1641.1996432
442,1643.869964
443,1646.540285
444,1649.2106058
445,1651.8809268
446,1654.5512476
447,1657.2215686
448,1659.8918894
449,1662.5623562
450,1665.232677
451,1667.902998
452,1670.5733188
453,1673.2436398
454,1675.9139606
455,1678.5842816
456,1681.2546024
457,1683.9249234
458,1686.5952442
459,1689.265711
460,1691.9360318
461,1694.6063528
462,1697.2766736
463,1699.9469946
464,1702.6173154
465,1705.2876364
466,1707.9579572
467,1710.6282782
468,1713.298599
469,1715.96892
470,1718.6393866
471,1721.3097076
472,1723.9800284
473,1726.6503494
474,1729.3206702
475,1731.9909912
476,1734.661312
477,1737.331633
478,1740.0019538
479,1742.6722748
480,1745.3427414
481,1748.0130624
482,1750.6833832
483,1753.3537042
484,1756.024025
485,1758.694346
486,1761.3646668
487,1764.0349878
488,1766.7053086
489,1769.3756296
490,1772.0460962
491,1774.7164172
492,1777.386738
493,1780.057059
494,1782.7273798
495,1785.3977008
496,1788.0680216
497,1790.7383426
498,1793.4086634
499,1796.0789844
500,1798.7493052
501,1801.419772
502,1804.0900928
503,1806.7604138
504,1809.4307346
505,1812.1010556
506,1814.7713764
507,1817.4416974
508,1820.1120182
509,1822.7823392
510,1825.45266
511,1828.1231268
512,1830.7934476
513,1833.4637686
514,1836.1340894
515,1838.8044104
516,1841.4747312
517,1844.1450522
518,1846.815373
519,1849.485694
520,1852.1560148
521,1854.8263356
522,1857.4968024
523,1860.1671234
524,1862.8374442
525,1865.5077652
526,1868.178086
527,1870.848407
528,1873.5187278
529,1876.1890488
530,1878.8593696
531,1881.5296904
532,1884.2001572
533,1886.8704782
534,1888.2669808
535,1889.0265744
536,1889.786168
537,1890.5457616
538,1891.3055012
539,1892.0650948
540,1892.8246884
541,1893.584282
542,1894.3438756
543,1895.103615
544,1895.8632086
545,1896.6228022
546,1897.3823958
547,1898.1419894
548,1898.901583
549,1899.6613226
550,1900.4209162
551,1901.1805098
552,1901.9401034
553,1902.699697
554,1903.4594364
555,1904.21903
556,1904.9786236
557,1905.7382172
558,1906.4978108
559,1907.2575502
560,1908.0171438
561,1908.7767374
562,1909.536331
563,1910.2959248
564,1911.0556642
565,1911.8152578
566,1912.5748514
567,1913.334445
568,1914.0940386
569,1914.853778
570,1915.6133716
571,1916.3729652
572,1917.1325588
573,1917.8921524
574,1918.651746
575,1919.4114856
576,1920.1710792
577,1920.9306728
578,1921.6902664
579,1922.44986
580,1923.2095994
581,1923.969193
582,1924.7287866
583,1925.4883802
584,1926.2479738
585,1927.0077134
586,1927.767307
587,1928.5269006
588,1929.2864942
589,1930.0460878
590,1930.8058272
591,1931.5654208
592,1932.3250144
593,1933.084608
594,1933.8442016
595,1934.6039412
596,1935.3635348
597,1936.1231284
598,1936.882722
599,1937.6423156
600,1938.4019092
601,1939.1616486
602,1939.9212422
603,1940.6808358
604,1941.4404294
605,1942.200023
606,1942.9597624
607,1943.719356
608,1944.4789498
609,1945.2385434
610,1945.998137
611,1946.7578764
612,1947.51747
613,1948.2770636
614,1949.0366572
615,1949.7962508
616,1950.5559902
617,1951.3155838
618,1952.0751774
619,1952.834771
620,1953.5943646
621,1954.3541042
622,1955.1136978
623,1955.8732914
624,1956.632885
625,1957.3924786
626,1958.1520722
627,1958.9118116
628,1959.6714052
629,1960.4309988
630,1961.1905924
631,1961.950186
632,1962.7099256
633,1963.4695192
634,1964.2291128
635,1964.9887064
636,1965.7483
637,1966.5080394
638,1967.267633
639,1968.0272266
640,1968.7868202
641,1969.5464138
642,1970.3061534
643,1971.065747
644,1971.8253406
645,1972.5849342
646,1973.3445278
647,1974.1042672
648,1974.8638608
649,1975.6234544
650,1976.383048
651,1977.1426416
652,1977.9022352
653,1978.6619748
654,1979.4215684
655,1980.181162
656,1980.9407556
657,1981.7003492
658,1982.4600886
659,1983.2196822
660,1983.9792758
661,1984.7388694
662,1985.498463
663,1986.2582024
664,1987.017796
665,1987.7773896
666,1988.5369832
667,1989.1197712
668,1989.3488016
669,1989.5778322
670,1989.8067168
671,1990.0357474
672,1990.264778
673,1990.4938084
674,1990.722839
675,1990.9517236
676,1991.1807542
677,1991.4097846
678,1991.6388152
679,1991.8678458
680,1992.0967304
681,1992.3257608
682,1992.5547914
683,1992.783822
684,1993.0128524
685,1993.241883
686,1993.4707676
687,1993.6997982
688,1993.9288288
689,1994.1578592
690,1994.3868898
691,1994.6157744
692,1994.844805
693,1995.0738354
694,1995.302866
695,1995.5318966
696,1995.760927
697,1995.9898116
698,1996.2188422
699,1996.4478728
700,1996.6769032
701,1996.9059338
702,1997.1348184
703,1997.363849
704,1997.5928796
705,1997.82191
706,1998.0509406
707,1998.2798252
708,1998.5088558
709,1998.7378862
710,1998.9669168
711,1999.1959474
712,1999.4249778
713,1999.6538624
714,1999.882893
715,2000.111924
716,2000.340954
717,2000.569984
718,2000.79887
719,2001.0279
720,2001.25693
721,2001.48596
722,2001.714992
723,2001.943876
724,2002.172906
725,2002.401938
726,2002.630968
727,2002.859998
728,2003.089028
729,2003.317914
730,2003.546944
731,2003.775974
732,2004.005004
733,2004.234036
734,2004.46292
735,2004.69195
736,2004.920982
737,2005.150012
738,2005.379042
739,2005.608072
740,2005.836958
741,2006.065988
742,2006.295018
743,2006.524048
744,2006.75308
745,2006.981964
746,2007.210994
747,2007.440026
748,2007.669056
749,2007.898086
750,2008.12697
751,2008.356002
752,2008.585032
753,2008.814062
754,2009.043092
755,2009.272124
756,2009.501008
757,2009.730038
758,2009.95907
759,2010.1881
760,2010.41713
761,2010.646014
762,2010.875046
763,2011.104076
764,2011.333106
765,2011.562136
766,2011.791022
767,2012.020052
768,2012.249082
769,2012.478114
770,2012.707144
771,2012.936174
772,2013.165058
773,2013.39409
774,2013.62312
775,2013.85215
776,2014.081182
777,2014.310066
778,2014.539096
779,2014.768126
780,2014.997158
781,2015.226188
782,2015.455072
783,2015.684102
784,2015.913134
785,2016.142164
786,2016.371194
787,2016.600226
788,2016.82911
789,2017.05814
790,2017.28717
791,2017.516202
792,2017.745232
793,2017.974116
794,2018.203148
795,2018.432178
796,2018.661208
797,2018.890238
798,2019.11927
799,2019.348154
800,2019.577184
801,2020.053334
802,2020.52963
803,2021.00578
804,2021.48193
805,2021.958226
806,2022.434376
807,2022.910526
808,2023.386676
809,2023.862972
810,2024.339122
811,2024.815272
812,2025.291568
813,2025.767718
814,2026.24387
815,2026.720166
816,2027.196316
817,2027.672466
818,2028.148616
819,2028.624912
820,2029.101062
821,2029.577212
822,2030.053508
823,2030.529658
824,2031.005808
825,2031.481958
826,2031.958254
827,2032.434404
828,2032.910554
829,2033.38685
830,2033.863
831,2034.33915
832,2034.8153
833,2035.291596
834,2035.767746
835,2036.243896
836,2036.720192
837,2037.196342
838,2037.672492
839,2038.148642
840,2038.624938
841,2039.101088
842,2039.577238
843,2040.053534
844,2040.529684
845,2041.005834
846,2041.48213
847,2041.95828
848,2042.43443
849,2042.91058
850,2043.386876
851,2043.863028
852,2044.339178
853,2044.815474
854,2045.291624
855,2045.767774
856,2046.243924
857,2046.72022
858,2047.19637
859,2047.67252
860,2048.148816
861,2048.624966
862,2049.101116
863,2049.577266
864,2050.053562
865,2050.529712
866,2051.005862
867,2051.482158
868,2051.958308
869,2052.434458
870,2052.910754
871,2053.386904
872,2053.863054
873,2054.339204
874,2054.8155
875,2055.29165
876,2055.7678
877,2056.244096
878,2056.720246
879,2057.196396
880,2057.672546
881,2058.148842
882,2058.624992
883,2059.101142
884,2059.577438
885,2060.053588
886,2060.529738
887,2061.00589
888,2061.482186
889,2061.958336
890,2062.434486
891,2062.910782
892,2063.386932
893,2063.863082
894,2064.339232
895,2064.815528
896,2065.291678
897,2065.767828
898,2066.244124
899,2066.720274
900,2067.196424
901,2067.67272
902,2068.14887
903,2068.62502
904,2069.10117
905,2069.577466
906,2070.053616
907,2070.529766
908,2071.006062
909,2071.482212
910,2071.958362
911,2072.434512
912,2072.910808
913,2073.386958
914,2073.863108
915,2074.339404
916,2074.815554
917,2075.291704
918,2075.767854
919,2076.24415
920,2076.7203
921,2077.19645
922,2077.672746
923,2078.148896
924,2078.625048
925,2079.101344
926,2079.577494
927,2080.053644
928,2080.529794
929,2081.00609
930,2081.48224
931,2081.95839
932,2082.434686
933,2082.910836
934,2083.210472
935,2083.421704
936,2083.633084
937,2083.844318
938,2084.055696
939,2084.267076
940,2084.478308
941,2084.689688
942,2084.900922
943,2085.1123
944,2085.32368
945,2085.534912
946,2085.746292
947,2085.957526
948,2086.168904
949,2086.380284
950,2086.591516
951,2086.802896
952,2087.014128
953,2087.225508
954,2087.436888
955,2087.64812
956,2087.8595
957,2088.070732
958,2088.282112
959,2088.493346
960,2088.704724
961,2088.916104
962,2089.127336
963,2089.338716
964,2089.54995
965,2089.761328
966,2089.972708
967,2090.18394
968,2090.39532
969,2090.606552
970,2090.817932
971,2091.029312
972,2091.240544
973,2091.451924
974,2091.663156
975,2091.874536
976,2092.085916
977,2092.297148
978,2092.508528
979,2092.71976
980,2092.93114
981,2093.142374
982,2093.353752
983,2093.565132
984,2093.776364
985,2093.987744
986,2094.198978
987,2094.410356
988,2094.621736
989,2094.832968
990,2095.044348
991,2095.25558
992,2095.46696
993,2095.67834
994,2095.889572
995,2096.100952
996,2096.312184
997,2096.523564
998,2096.734944
999,2096.946176
1000,2097.157556
1001,2097.368788
1002,2097.580168
1003,2097.791546
1004,2098.00278
1005,2098.21416
1006,2098.425392
1007,2098.636772
1008,2098.848004
1009,2099.059384
1010,2099.270764
1011,2099.481996
1012,2099.693376
1013,2099.904608
1014,2100.115988
1015,2100.327368
1016,2100.5386
1017,2100.74998
1018,2100.961212
1019,2101.172592
1020,2101.383972
1021,2101.595204
1022,2101.806584
1023,2102.017816
1024,2102.229196
1025,2102.440574
1026,2102.651808
1027,2102.863188
1028,2103.07442
1029,2103.2858
1030,2103.497178
1031,2103.708412
1032,2103.919792
1033,2104.131024
1034,2104.342404
1035,2104.553636
1036,2104.765016
1037,2104.976396
1038,2105.187628
1039,2105.399008
1040,2105.61024
1041,2105.82162
1042,2106.032998
1043,2106.244232
1044,2106.455612
1045,2106.666844
1046,2106.878224
1047,2107.089602
1048,2107.300836
1049,2107.512216
1050,2107.723448
1051,2107.934828
1052,2108.146206
1053,2108.35744
1054,2108.56882
1055,2108.780052
1056,2108.991432
1057,2109.20281
1058,2109.414044
1059,2109.625424
1060,2109.836656
1061,2110.048036
1062,2110.259268
1063,2110.470648
1064,2110.682026
1065,2110.89326
1066,2111.10464
1067,2111.158468
1068,2110.897198
1069,2110.63593
1070,2110.37466
1071,2110.11339
1072,2109.85212
1073,2109.59085
1074,2109.32958
1075,2109.06831
1076,2108.80704
1077,2108.54577
1078,2108.2845
1079,2108.02323
1080,2107.76196
1081,2107.50069
1082,2107.23942
1083,2106.978152
1084,2106.716882
1085,2106.455612
1086,2106.194342
1087,2105.933072
1088,2105.671802
1089,2105.410532
1090,2105.149408
1091,2104.888138
1092,2104.626868
1093,2104.365598
1094,2104.104328
1095,2103.843058
1096,2103.581788
1097,2103.320518
1098,2103.05925
1099,2102.79798
1100,2102.53671
1101,2102.27544
1102,2102.01417
1103,2101.7529
1104,2101.49163
1105,2101.23036
1106,2100.96909
1107,2100.70782
1108,2100.44655
1109,2100.18528
1110,2099.92401
1111,2099.66274
1112,2099.401472
1113,2099.140202
1114,2098.878932
1115,2098.617808
1116,2098.356538
1117,2098.095268
1118,2097.833998
1119,2097.572728
1120,2097.311458
1121,2097.050188
1122,2096.788918
1123,2096.527648
1124,2096.266378
1125,2096.005108
1126,2095.743838
1127,2095.48257
1128,2095.2213
1129,2094.96003
1130,2094.69876
1131,2094.43749
1132,2094.17622
1133,2093.91495
1134,2093.65368
1135,2093.39241
1136,2093.13114
1137,2092.86987
1138,2092.6086
1139,2092.34733
1140,2092.086206
1141,2091.824938
1142,2091.563668
1143,2091.302398
1144,2091.041128
1145,2090.779858
1146,2090.518588
1147,2090.257318
1148,2089.996048
1149,2089.734778
1150,2089.473508
1151,2089.212238
1152,2088.950968
1153,2088.689698
1154,2088.428428
1155,2088.16716
1156,2087.90589
1157,2087.64462
1158,2087.38335
1159,2087.12208
1160,2086.86081
1161,2086.59954
1162,2086.33827
1163,2086.077
1164,2085.815876
1165,2085.554606
1166,2085.293336
1167,2085.032066
1168,2084.770796
1169,2084.509526
1170,2084.248258
1171,2083.986988
1172,2083.725718
1173,2083.464448
1174,2083.203178
1175,2082.941908
1176,2082.680638
1177,2082.419368
1178,2082.158098
1179,2081.896828
1180,2081.635558
1181,2081.374288
1182,2081.113018
1183,2080.851748
1184,2080.59048
1185,2080.32921
1186,2080.06794
1187,2079.80667
1188,2079.5454
1189,2079.284276
1190,2079.023006
1191,2078.761736
1192,2078.500466
1193,2078.239196
1194,2077.977926
1195,2077.716656
1196,2077.455386
1197,2077.194116
1198,2076.932846
1199,2076.671578
1200,2076.410308
1201,2076.577776
1202,2076.7451
1203,2076.91257
1204,2077.08004
1205,2077.247508
1206,2077.414832
1207,2077.582302
1208,2077.749772
1209,2077.91724
1210,2078.084564
1211,2078.252034
1212,2078.419504
1213,2078.586972
1214,2078.754296
1215,2078.921766
1216,2079.089236
1217,2079.256704
1218,2079.424028
1219,2079.591498
1220,2079.758966
1221,2079.926436
1222,2080.09376
1223,2080.26123
1224,2080.428698
1225,2080.596168
1226,2080.763492
1227,2080.930962
1228,2081.09843
1229,2081.2659
1230,2081.433224
1231,2081.600694
1232,2081.768162
1233,2081.935632
1234,2082.102956
1235,2082.270426
1236,2082.437894
1237,2082.605364
1238,2082.772688
1239,2082.940158
1240,2083.107626
1241,2083.275096
1242,2083.44242
1243,2083.60989
1244,2083.777358
1245,2083.944828
1246,2084.112152
1247,2084.279622
1248,2084.44709
1249,2084.61456
1250,2084.781884
1251,2084.949354
1252,2085.116822
1253,2085.284292
1254,2085.451616
1255,2085.619086
1256,2085.786554
1257,2085.954024
1258,2086.121348
1259,2086.288816
1260,2086.456286
1261,2086.623756
1262,2086.79108
1263,2086.958548
1264,2087.126018
1265,2087.293488
1266,2087.460812
1267,2087.62828
1268,2087.79575
1269,2087.96322
1270,2088.130544
1271,2088.298012
1272,2088.465482
1273,2088.632952
1274,2088.800276
1275,2088.967744
1276,2089.135214
1277,2089.302684
1278,2089.470008
1279,2089.637476
1280,2089.804946
1281,2089.972416
1282,2090.13974
1283,2090.307208
1284,2090.474678
1285,2090.642148
1286,2090.809472
1287,2090.97694
1288,2091.14441
1289,2091.31188
1290,2091.479204
1291,2091.646672
1292,2091.814142
1293,2091.981612
1294,2092.148934
1295,2092.316404
1296,2092.483874
1297,2092.651344
1298,2092.818666
1299,2092.986136
1300,2093.153606
1301,2093.32093
1302,2093.488398
1303,2093.655868
1304,2093.823338
1305,2093.990662
1306,2094.15813
1307,2094.3256
1308,2094.49307
1309,2094.660394
1310,2094.827862
1311,2094.995332
1312,2095.162802
1313,2095.330126
1314,2095.497594
1315,2095.665064
1316,2095.832534
1317,2095.999858
1318,2096.167326
1319,2096.334796
1320,2096.502266
1321,2096.66959
1322,2096.837058
1323,2097.004528
1324,2097.171998
1325,2097.339322
1326,2097.50679
1327,2097.67426
1328,2097.84173
1329,2098.009054
1330,2098.176522
1331,2098.343992
1332,2098.511462
1333,2098.678784
1334,2098.943848
1335,2099.257488
1336,2099.571128
1337,2099.884916
1338,2100.198556
1339,2100.512196
1340,2100.825982
1341,2101.139624
1342,2101.45341
1343,2101.76705
1344,2102.08069
1345,2102.394478
1346,2102.708118
1347,2103.021904
1348,2103.335544
1349,2103.649186
1350,2103.962972
1351,2104.276612
1352,2104.590252
1353,2104.904038
1354,2105.21768
1355,2105.531466
1356,2105.845106
1357,2106.158746
1358,2106.472534
1359,2106.786174
1360,2107.099814
1361,2107.4136
1362,2107.727242
1363,2108.041028
1364,2108.354668
1365,2108.668308
1366,2108.982096
1367,2109.295736
1368,2109.609376
1369,2109.923162
1370,2110.236804
1371,2110.55059
1372,2110.86423
1373,2111.17787
1374,2111.491658
1375,2111.805298
1376,2112.118938
1377,2112.432724
1378,2112.746366
1379,2113.060152
1380,2113.373792
1381,2113.687432
1382,2114.001218
1383,2114.31486
1384,2114.6285
1385,2114.942286
1386,2115.255926
1387,2115.569714
1388,2115.883354
1389,2116.196994
1390,2116.51078
1391,2116.824422
1392,2117.138208
1393,2117.451848
1394,2117.765488
1395,2118.079276
1396,2118.392916
1397,2118.706556
1398,2119.020342
1399,2119.333984
1400,2119.64777
1401,2119.96141
1402,2120.27505
1403,2120.588838
1404,2120.902478
1405,2121.216118
1406,2121.529904
1407,2121.843546
1408,2122.157332
1409,2122.470972
1410,2122.784612
1411,2123.0984
1412,2123.41204
1413,2123.72568
1414,2124.039466
1415,2124.353108
1416,2124.666894
1417,2124.980534
1418,2125.294174
1419,2125.60796
1420,2125.921602
1421,2126.235242
1422,2126.549028
1423,2126.862668
1424,2127.176456
1425,2127.490096
1426,2127.803736
1427,2128.117522
1428,2128.431164
1429,2128.744804
1430,2129.05859
1431,2129.37223
1432,2129.686018
1433,2129.999658
1434,2130.313298
1435,2130.627084
1436,2130.940726
1437,2131.254512
1438,2131.568152
1439,2131.881792
1440,2132.19558
1441,2132.50922
1442,2132.82286
1443,2133.136646
1444,2133.450288
1445,2133.764074
1446,2134.077714
1447,2134.391354
1448,2134.705142
1449,2135.018782
1450,2135.332422
1451,2135.646208
1452,2135.95985
1453,2136.273636
1454,2136.587276
1455,2136.900916
1456,2137.214702
1457,2137.528344
1458,2137.841984
1459,2138.15577
1460,2138.46941
1461,2138.783198
1462,2139.096838
1463,2139.410478
1464,2139.724264
1465,2140.037906
1466,2140.351546
1467,2140.580722
1468,2140.640824
1469,2140.700926
1470,2140.76103
1471,2140.821132
1472,2140.881234
1473,2140.941336
1474,2141.001438
1475,2141.06154
1476,2141.121642
1477,2141.181746
1478,2141.241848
1479,2141.30195
1480,2141.362052
1481,2141.422154
1482,2141.48211
1483,2141.542212
1484,2141.602316
1485,2141.662418
1486,2141.72252
1487,2141.782622
1488,2141.842724
1489,2141.902826
1490,2141.962928
1491,2142.023032
1492,2142.083134
1493,2142.143236
1494,2142.203338
1495,2142.26344
1496,2142.323542
1497,2142.383644
1498,2142.443748
1499,2142.503704
1500,2142.563806
1501,2142.623908
1502,2142.68401
1503,2142.744112
1504,2142.804214
1505,2142.864318
1506,2142.92442
1507,2142.984522
1508,2143.044624
1509,2143.104726
1510,2143.164828
1511,2143.22493
1512,2143.285034
1513,2143.345136
1514,2143.405238
1515,2143.465194
1516,2143.525296
1517,2143.585398
1518,2143.6455
1519,2143.705604
1520,2143.765706
1521,2143.825808
1522,2143.88591
1523,2143.946012
1524,2144.006114
1525,2144.066216
1526,2144.12632
1527,2144.186422
1528,2144.246524
1529,2144.306626
1530,2144.366728
1531,2144.42683
1532,2144.486786
1533,2144.54689
1534,2144.606992
1535,2144.667094
1536,2144.727196
1537,2144.787298
1538,2144.8474
1539,2144.907502
1540,2144.967606
1541,2145.027708
1542,2145.08781
1543,2145.147912
1544,2145.208014
1545,2145.268116
1546,2145.328218
1547,2145.388322
1548,2145.448424
1549,2145.50838
1550,2145.568482
1551,2145.628584
1552,2145.688686
1553,2145.748788
1554,2145.808892
1555,2145.868994
1556,2145.929096
1557,2145.989198
1558,2146.0493
1559,2146.109402
1560,2146.169504
1561,2146.229608
1562,2146.28971
1563,2146.349812
1564,2146.409914
1565,2146.46987
1566,2146.529972
1567,2146.590074
1568,2146.650178
1569,2146.71028
1570,2146.770382
1571,2146.830484
1572,2146.890586
1573,2146.950688
1574,2147.01079
1575,2147.070894
1576,2147.130996
1577,2147.191098
1578,2147.2512
1579,2147.311302
1580,2147.371404
1581,2147.431506
1582,2147.491464
1583,2147.551566
1584,2147.611668
1585,2147.67177
1586,2147.731872
1587,2147.791974
1588,2147.852076
1589,2147.91218
1590,2147.972282
1591,2148.032384
1592,2148.092486
1593,2148.152588
1594,2148.21269
1595,2148.272792
1596,2148.332896
1597,2148.392998
1598,2148.4531
1599,2148.513056
1600,2148.573158
1601,2148.668856
1602,2148.764406
1603,2148.859956
1604,2148.955508
1605,2149.051058
1606,2149.14661
1607,2149.242306
1608,2149.337858
1609,2149.433408
1610,2149.52896
1611,2149.62451
1612,2149.720208
1613,2149.815758
1614,2149.91131
1615,2150.00686
1616,2150.102412
1617,2150.197962
1618,2150.293658
1619,2150.38921
1620,2150.48476
1621,2150.580312
1622,2150.675862
1623,2150.77156
1624,2150.86711
1625,2150.962662
1626,2151.058212
1627,2151.153764
1628,2151.249314
1629,2151.345012
1630,2151.440562
1631,2151.536114
1632,2151.631664
1633,2151.727214
1634,2151.822766
1635,2151.918462
1636,2152.014014
1637,2152.109564
1638,2152.205116
1639,2152.300666
1640,2152.396364
1641,2152.491914
1642,2152.587466
1643,2152.683016
1644,2152.778568
1645,2152.874118
1646,2152.969814
1647,2153.065366
1648,2153.160916
1649,2153.256468
1650,2153.352018
1651,2153.447716
1652,2153.543266
1653,2153.638818
1654,2153.734368
1655,2153.82992
1656,2153.92547
1657,2154.021168
1658,2154.116718
1659,2154.21227
1660,2154.30782
1661,2154.403372
1662,2154.498922
1663,2154.594618
1664,2154.69017
1665,2154.78572
1666,2154.881272
1667,2154.976822
1668,2155.07252
1669,2155.16807
1670,2155.263622
1671,2155.359172
1672,2155.454724
1673,2155.550274
1674,2155.645972
1675,2155.741522
1676,2155.837072
1677,2155.932624
1678,2156.028174
1679,2156.123872
1680,2156.219422
1681,2156.314974
1682,2156.410524
1683,2156.506076
1684,2156.601626
1685,2156.697324
1686,2156.792874
1687,2156.888426
1688,2156.983976
1689,2157.079528
1690,2157.175224
1691,2157.270774
1692,2157.366326
1693,2157.461876
1694,2157.557428
1695,2157.652978
1696,2157.748676
1697,2157.844226
1698,2157.939778
1699,2158.035328
1700,2158.13088
1701,2158.22643
1702,2158.322128
1703,2158.417678
1704,2158.51323
1705,2158.60878
1706,2158.70433
1707,2158.800028
1708,2158.895578
1709,2158.99113
1710,2159.08668
1711,2159.182232
1712,2159.277782
1713,2159.37348
1714,2159.46903
1715,2159.564582
1716,2159.660132
1717,2159.755684
1718,2159.85138
1719,2159.94693
1720,2160.042482
1721,2160.138032
1722,2160.233584
1723,2160.329134
1724,2160.424832
1725,2160.520382
1726,2160.615934
1727,2160.711484
1728,2160.807036
1729,2160.902732
1730,2160.998284
1731,2161.093834
1732,2161.189386
1733,2161.284936
1734,2161.322572
1735,2161.331326
1736,2161.340078
1737,2161.348832
1738,2161.357438
1739,2161.36619
1740,2161.374944
1741,2161.38355
1742,2161.392304
1743,2161.401056
1744,2161.409662
1745,2161.418416
1746,2161.427168
1747,2161.435922
1748,2161.444528
1749,2161.45328
1750,2161.462034
1751,2161.47064
1752,2161.479394
1753,2161.488146
1754,2161.496752
1755,2161.505506
1756,2161.514258
1757,2161.523012
1758,2161.531618
1759,2161.54037
1760,2161.549124
1761,2161.55773
1762,2161.566484
1763,2161.575236
1764,2161.583988
1765,2161.592596
1766,2161.601348
1767,2161.610102
1768,2161.618708
1769,2161.62746
1770,2161.636214
1771,2161.64482
1772,2161.653574
1773,2161.662326
1774,2161.671078
1775,2161.679686
1776,2161.688438
1777,2161.69719
1778,2161.705798
1779,2161.71455
1780,2161.723304
1781,2161.73191
1782,2161.740664
1783,2161.749416
1784,2161.758168
1785,2161.766776
1786,2161.775528
1787,2161.78428
1788,2161.792888
1789,2161.80164
1790,2161.810394
1791,2161.819146
1792,2161.827752
1793,2161.836506
1794,2161.845258
1795,2161.853866
1796,2161.862618
1797,2161.87137
1798,2161.879978
1799,2161.88873
1800,2161.897484
1801,2161.906236
1802,2161.914842
1803,2161.923596
1804,2161.932348
1805,2161.940956
1806,2161.949708
1807,2161.95846
1808,2161.967068
1809,2161.97582
1810,2161.984574
1811,2161.993326
1812,2162.001932
1813,2162.010686
1814,2162.019438
1815,2162.028046
1816,2162.036798
1817,2162.04555
1818,2162.054304
1819,2162.06291
1820,2162.071664
1821,2162.080416
1822,2162.089022
1823,2162.097776
1824,2162.106528
1825,2162.115136
1826,2162.123888
1827,2162.13264
1828,2162.141394
1829,2162.15
1830,2162.158754
1831,2162.167506
1832,2162.176112
1833,2162.184866
1834,2162.193618
1835,2162.202226
1836,2162.210978
1837,2162.21973
1838,2162.228484
1839,2162.23709
1840,2162.245844
1841,2162.254596
1842,2162.263202
1843,2162.271956
1844,2162.280708
1845,2162.289462
1846,2162.298068
1847,2162.30682
1848,2162.315574
1849,2162.32418
1850,2162.332934
1851,2162.341686
1852,2162.350292
1853,2162.359046
1854,2162.367798
1855,2162.37655
1856,2162.385158
1857,2162.39391
1858,2162.402664
1859,2162.41127
1860,2162.420022
1861,2162.428776
1862,2162.437382
1863,2162.446136
1864,2162.454888
1865,2162.46364
1866,2162.472248
1867,2162.484502
1868,2162.503466
1869,2162.522576
1870,2162.541686
1871,2162.560796
1872,2162.579906
1873,2162.598872
1874,2162.617982
1875,2162.637092
1876,2162.656202
1877,2162.675166
1878,2162.694276
1879,2162.713386
1880,2162.732496
1881,2162.75146
1882,2162.77057
1883,2162.789682
1884,2162.808792
1885,2162.827756
1886,2162.846866
1887,2162.865976
1888,2162.885086
1889,2162.90405
1890,2162.92316
1891,2162.94227
1892,2162.961382
1893,2162.980492
1894,2162.999456
1895,2163.018566
1896,2163.037676
1897,2163.056786
1898,2163.07575
1899,2163.09486
1900,2163.11397
1901,2163.133082
1902,2163.152046
1903,2163.171156
1904,2163.190266
1905,2163.209376
1906,2163.22834
1907,2163.24745
1908,2163.26656
1909,2163.28567
1910,2163.304782
1911,2163.323746
1912,2163.342856
1913,2163.361966
1914,2163.381076
1915,2163.40004
1916,2163.41915
1917,2163.43826
1918,2163.45737
1919,2163.476336
1920,2163.495446
1921,2163.514556
1922,2163.533666
1923,2163.55263
1924,2163.57174
1925,2163.59085
1926,2163.60996
1927,2163.62907
1928,2163.648036
1929,2163.667146
1930,2163.686256
1931,2163.705366
1932,2163.72433
1933,2163.74344
1934,2163.76255
1935,2163.78166
1936,2163.800624
1937,2163.819736
1938,2163.838846
1939,2163.857956
1940,2163.87692
1941,2163.89603
1942,2163.91514
1943,2163.93425
1944,2163.953214
1945,2163.972324
1946,2163.991434
1947,2164.010546
1948,2164.029656
1949,2164.04862
1950,2164.06773
1951,2164.08684
1952,2164.10595
1953,2164.124914
1954,2164.144024
1955,2164.163134
1956,2164.182246
1957,2164.20121
1958,2164.22032
1959,2164.23943
1960,2164.25854
1961,2164.277504
1962,2164.296614
1963,2164.315724
1964,2164.334834
1965,2164.353946
1966,2164.37291
1967,2164.39202
1968,2164.41113
1969,2164.43024
1970,2164.449204
1971,2164.468314
1972,2164.487424
1973,2164.506534
1974,2164.5255
1975,2164.54461
1976,2164.56372
1977,2164.58283
1978,2164.601794
1979,2164.620904
1980,2164.640014
1981,2164.659124
1982,2164.678088
1983,2164.6972
1984,2164.71631
1985,2164.73542
1986,2164.75453
1987,2164.773494
1988,2164.792604
1989,2164.811714
1990,2164.830824
1991,2164.849788
1992,2164.8689
1993,2164.88801
1994,2164.90712
1995,2164.926084
1996,2164.945194
1997,2164.964304
1998,2164.983414
1999,2165.002378
2000,2165.021488
2001,2164.876338
2002,2164.731044
2003,2164.585748
2004,2164.440598
2005,2164.295302
2006,2164.150152
2007,2164.004856
2008,2163.859706
2009,2163.71441
2010,2163.569114
2011,2163.423964
2012,2163.278668
2013,2163.133518
2014,2162.988222
2015,2162.842928
2016,2162.697778
2017,2162.552482
2018,2162.407332
2019,2162.262036
2020,2162.116886
2021,2161.97159
2022,2161.826294
2023,2161.681144
2024,2161.535848
2025,2161.390698
2026,2161.245402
2027,2161.100106
2028,2160.954958
2029,2160.809662
2030,2160.664512
2031,2160.519216
2032,2160.374066
2033,2160.22877
2034,2160.083474
2035,2159.938324
2036,2159.793028
2037,2159.647878
2038,2159.502582
2039,2159.357286
2040,2159.212136
2041,2159.066842
2042,2158.921692
2043,2158.776396
2044,2158.631246
2045,2158.48595
2046,2158.340654
2047,2158.195504
2048,2158.050208
2049,2157.905058
2050,2157.759762
2051,2157.614466
2052,2157.469316
2053,2157.32402
2054,2157.17887
2055,2157.033576
2056,2156.888426
2057,2156.74313
2058,2156.597834
2059,2156.452684
2060,2156.307388
2061,2156.162238
2062,2156.016942
2063,2155.871646
2064,2155.726496
2065,2155.5812
2066,2155.43605
2067,2155.290754
2068,2155.145604
2069,2155.00031
2070,2154.855014
2071,2154.709864
2072,2154.564568
2073,2154.419418
2074,2154.274122
2075,2154.128826
2076,2153.983676
2077,2153.83838
2078,2153.69323
2079,2153.547934
2080,2153.402784
2081,2153.257488
2082,2153.112194
2083,2152.967044
2084,2152.821748
2085,2152.676598
2086,2152.531302
2087,2152.386006
2088,2152.240856
2089,2152.09556
2090,2151.95041
2091,2151.805114
2092,2151.659964
2093,2151.514668
2094,2151.369372
2095,2151.224224
2096,2151.078928
2097,2150.933778
2098,2150.788482
2099,2150.643186
2100,2150.498036
2101,2150.35274
2102,2150.20759
2103,2150.062294
2104,2149.916998
2105,2149.771848
2106,2149.626552
2107,2149.481402
2108,2149.336108
2109,2149.190958
2110,2149.045662
2111,2148.900366
2112,2148.755216
2113,2148.60992
2114,2148.46477
2115,2148.319474
2116,2148.174178
2117,2148.029028
2118,2147.883732
2119,2147.738582
2120,2147.593286
2121,2147.448136
2122,2147.302842
2123,2147.157546
2124,2147.012396
2125,2146.8671
2126,2146.72195
2127,2146.576654
2128,2146.431358
2129,2146.286208
2130,2146.140912
2131,2145.995762
2132,2145.850466
2133,2145.705316
2134,2145.783508
2135,2145.973442
2136,2146.163378
2137,2146.353166
2138,2146.543102
2139,2146.733036
2140,2146.922972
2141,2147.112906
2142,2147.302842
2143,2147.492776
2144,2147.68271
2145,2147.872646
2146,2148.06258
2147,2148.252516
2148,2148.44245
2149,2148.632386
2150,2148.82232
2151,2149.012254
2152,2149.20219
2153,2149.392124
2154,2149.58206
2155,2149.771848
2156,2149.961784
2157,2150.151718
2158,2150.341654
2159,2150.531588
2160,2150.721522
2161,2150.911458
2162,2151.101392
2163,2151.291328
2164,2151.481262
2165,2151.671198
2166,2151.861132
2167,2152.051068
2168,2152.241002
2169,2152.430936
2170,2152.620872
2171,2152.810806
2172,2153.000742
2173,2153.19053
2174,2153.380466
2175,2153.5704
2176,2153.760334
2177,2153.95027
2178,2154.140204
2179,2154.33014
2180,2154.520074
2181,2154.71001
2182,2154.899944
2183,2155.08988
2184,2155.279814
2185,2155.469748
2186,2155.659684
2187,2155.849618
2188,2156.039554
2189,2156.229488
2190,2156.419278
2191,2156.609212
2192,2156.799148
2193,2156.989082
2194,2157.179016
2195,2157.368952
2196,2157.558886
2197,2157.748822
2198,2157.938756
2199,2158.128692
2200,2158.318626
2201,2158.50856
2202,2158.698496
2203,2158.88843
2204,2159.078366
2205,2159.2683
2206,2159.458236
2207,2159.64817
2208,2159.83796
2209,2160.027894
2210,2160.217828
2211,2160.407764
2212,2160.597698
2213,2160.787634
2214,2160.977568
2215,2161.167504
2216,2161.357438
2217,2161.547372
2218,2161.737308
2219,2161.927242
2220,2162.117178
2221,2162.307112
2222,2162.497048
2223,2162.686982
2224,2162.876918
2225,2163.066852
2226,2163.25664
2227,2163.446576
2228,2163.63651
2229,2163.826446
2230,2164.01638
2231,2164.206316
2232,2164.39625
2233,2164.586184
2234,2164.77612
2235,2164.966054
2236,2165.15599
2237,2165.345924
2238,2165.53586
2239,2165.725794
2240,2165.91573
2241,2166.105664
2242,2166.295598
2243,2166.485388
2244,2166.675322
2245,2166.865258
2246,2167.055192
2247,2167.245128
2248,2167.435062
2249,2167.624998
2250,2167.814932
2251,2168.004866
2252,2168.194802
2253,2168.384736
2254,2168.574672
2255,2168.764606
2256,2168.954542
2257,2169.144476
2258,2169.33441
2259,2169.524346
2260,2169.71428
2261,2169.90407
2262,2170.094004
2263,2170.28394
2264,2170.473874
2265,2170.66381
2266,2170.853744
2267,2171.13004
2268,2171.578764
2269,2172.027634
2270,2172.47636
2271,2172.92523
2272,2173.373954
2273,2173.822826
2274,2174.27155
2275,2174.720422
2276,2175.169146
2277,2175.618016
2278,2176.066742
2279,2176.515612
2280,2176.964336
2281,2177.413208
2282,2177.861932
2283,2178.310802
2284,2178.759528
2285,2179.208398
2286,2179.657124
2287,2180.105994
2288,2180.554718
2289,2181.00359
2290,2181.452314
2291,2181.901184
2292,2182.34991
2293,2182.79878
2294,2183.247504
2295,2183.696376
2296,2184.1451
2297,2184.59397
2298,2185.042696
2299,2185.491566
2300,2185.940292
2301,2186.389162
2302,2186.837886
2303,2187.286758
2304,2187.735482
2305,2188.184352
2306,2188.633078
2307,2189.081948
2308,2189.530672
2309,2189.979544
2310,2190.428414
2311,2190.877138
2312,2191.32601
2313,2191.774734
2314,2192.223606
2315,2192.67233
2316,2193.1212
2317,2193.569926
2318,2194.018796
2319,2194.46752
2320,2194.916392
2321,2195.365116
2322,2195.813986
2323,2196.262712
2324,2196.711582
2325,2197.160306
2326,2197.609178
2327,2198.057902
2328,2198.506774
2329,2198.955498
2330,2199.404368
2331,2199.853094
2332,2200.301964
2333,2200.750688
2334,2201.19956
2335,2201.648284
2336,2202.097154
2337,2202.54588
2338,2202.99475
2339,2203.443476
2340,2203.892346
2341,2204.34107
2342,2204.789942
2343,2205.238666
2344,2205.687536
2345,2206.136262
2346,2206.585132
2347,2207.033856
2348,2207.482728
2349,2207.931452
2350,2208.380322
2351,2208.829048
2352,2209.277918
2353,2209.726644
2354,2210.175514
2355,2210.624238
2356,2211.07311
2357,2211.521834
2358,2211.970704
2359,2212.41943
2360,2212.8683
2361,2213.317024
2362,2213.765896
2363,2214.21462
2364,2214.66349
2365,2215.112216
2366,2215.561086
2367,2216.009812
2368,2216.458682
2369,2216.907406
2370,2217.356278
2371,2217.805002
2372,2218.253872
2373,2218.702744
2374,2219.151468
2375,2219.600338
2376,2220.049064
2377,2220.497934
2378,2220.946658
2379,2221.39553
2380,2221.844254
2381,2222.293126
2382,2222.74185
2383,2223.19072
2384,2223.639446
2385,2224.088316
2386,2224.53704
2387,2224.985912
2388,2225.434636
2389,2225.883506
2390,2226.332232
2391,2226.781102
2392,2227.229828
2393,2227.678698
2394,2228.127422
2395,2228.576294
2396,2229.025018
2397,2229.473888
2398,2229.922614
2399,2230.371484
2400,2230.820208
2401,2230.7232
2402,2230.62619
2403,2230.52918
2404,2230.43217
2405,2230.33516
2406,2230.23815
2407,2230.14114
2408,2230.04413
2409,2229.947122
2410,2229.849966
2411,2229.752956
2412,2229.655946
2413,2229.558936
2414,2229.461926
2415,2229.364916
2416,2229.267906
2417,2229.170898
2418,2229.073888
2419,2228.976878
2420,2228.879868
2421,2228.782858
2422,2228.685848
2423,2228.588692
2424,2228.491684
2425,2228.394674
2426,2228.297664
2427,2228.200654
2428,2228.103644
2429,2228.006634
2430,2227.909624
2431,2227.812614
2432,2227.715606
2433,2227.618596
2434,2227.521586
2435,2227.424576
2436,2227.32742
2437,2227.23041
2438,2227.1334
2439,2227.036392
2440,2226.939382
2441,2226.842372
2442,2226.745362
2443,2226.648352
2444,2226.551342
2445,2226.454332
2446,2226.357322
2447,2226.260314
2448,2226.163304
2449,2226.066294
2450,2225.969138
2451,2225.872128
2452,2225.775118
2453,2225.678108
2454,2225.581098
2455,2225.48409
2456,2225.38708
2457,2225.29007
2458,2225.19306
2459,2225.09605
2460,2224.99904
2461,2224.90203
2462,2224.805022
2463,2224.707866
2464,2224.610856
2465,2224.513846
2466,2224.416836
2467,2224.319826
2468,2224.222816
2469,2224.125806
2470,2224.028798
2471,2223.931788
2472,2223.834778
2473,2223.737768
2474,2223.640758
2475,2223.543748
2476,2223.446592
2477,2223.349584
2478,2223.252574
2479,2223.155564
2480,2223.058554
2481,2222.961544
2482,2222.864534
2483,2222.767524
2484,2222.670514
2485,2222.573506
2486,2222.476496
2487,2222.379486
2488,2222.282476
2489,2222.18532
2490,2222.08831
2491,2221.9913
2492,2221.894292
2493,2221.797282
2494,2221.700272
2495,2221.603262
2496,2221.506252
2497,2221.409242
2498,2221.312232
2499,2221.215222
2500,2221.118214
2501,2221.021204
2502,2220.924048
2503,2220.827038
2504,2220.730028
2505,2220.633018
2506,2220.536008
2507,2220.438998
2508,2220.34199
2509,2220.24498
2510,2220.14797
2511,2220.05096
2512,2219.95395
2513,2219.85694
2514,2219.75993
2515,2219.66292
2516,2219.565766
2517,2219.468756
2518,2219.371746
2519,2219.274736
2520,2219.177726
2521,2219.080716
2522,2218.983706
2523,2218.886698
2524,2218.789688
2525,2218.692678
2526,2218.595668
2527,2218.498658
2528,2218.401648
2529,2218.304492
2530,2218.207484
2531,2218.110474
2532,2218.013464
2533,2217.916454
2534,2217.97714
2535,2218.116746
2536,2218.256352
2537,2218.39596
2538,2218.53542
2539,2218.675026
2540,2218.814632
2541,2218.95424
2542,2219.093846
2543,2219.233306
2544,2219.372912
2545,2219.51252
2546,2219.652126
2547,2219.791586
2548,2219.931194
2549,2220.0708
2550,2220.210406
2551,2220.350012
2552,2220.489474
2553,2220.62908
2554,2220.768686
2555,2220.908292
2556,2221.047754
2557,2221.18736
2558,2221.326966
2559,2221.466572
2560,2221.60618
2561,2221.74564
2562,2221.885246
2563,2222.024852
2564,2222.16446
2565,2222.304066
2566,2222.443526
2567,2222.583134
2568,2222.72274
2569,2222.862346
2570,2223.001806
2571,2223.141414
2572,2223.28102
2573,2223.420626
2574,2223.560232
2575,2223.699694
2576,2223.8393
2577,2223.978906
2578,2224.118512
2579,2224.257974
2580,2224.39758
2581,2224.537186
2582,2224.676794
2583,2224.8164
2584,2224.95586
2585,2225.095466
2586,2225.235074
2587,2225.37468
2588,2225.51414
2589,2225.653746
2590,2225.793354
2591,2225.93296
2592,2226.072566
2593,2226.212028
2594,2226.351634
2595,2226.49124
2596,2226.630846
2597,2226.770454
2598,2226.909914
2599,2227.04952
2600,2227.189126
2601,2227.328734
2602,2227.468194
2603,2227.6078
2604,2227.747406
2605,2227.887014
2606,2228.02662
2607,2228.16608
2608,2228.305686
2609,2228.445294
2610,2228.5849
2611,2228.72436
2612,2228.863968
2613,2229.003574
2614,2229.14318
2615,2229.282786
2616,2229.422248
2617,2229.561854
2618,2229.70146
2619,2229.841066
2620,2229.980528
2621,2230.120134
2622,2230.25974
2623,2230.399346
2624,2230.538954
2625,2230.678414
2626,2230.81802
2627,2230.957628
2628,2231.097234
2629,2231.236694
2630,2231.3763
2631,2231.515908
2632,2231.655514
2633,2231.79512
2634,2231.93458
2635,2232.074188
2636,2232.213794
2637,2232.3534
2638,2232.493006
2639,2232.632468
2640,2232.772074
2641,2232.91168
2642,2233.051288
2643,2233.190748
2644,2233.330354
2645,2233.46996
2646,2233.609568
2647,2233.749174
2648,2233.888634
2649,2234.02824
2650,2234.167848
2651,2234.307454
2652,2234.446914
2653,2234.58652
2654,2234.726128
2655,2234.865734
2656,2235.00534
2657,2235.144802
2658,2235.284408
2659,2235.424014
2660,2235.56362
2661,2235.703082
2662,2235.842688
2663,2235.982294
2664,2236.1219
2665,2236.261508
2666,2236.400968
2667,2236.502792
2668,2236.528758
2669,2236.554724
2670,2236.580692
2671,2236.606658
2672,2236.632624
2673,2236.65859
2674,2236.684704
2675,2236.71067
2676,2236.736636
2677,2236.762602
2678,2236.78857
2679,2236.814536
2680,2236.840502
2681,2236.866468
2682,2236.892582
2683,2236.918548
2684,2236.944514
2685,2236.97048
2686,2236.996448
2687,2237.022414
2688,2237.04838
2689,2237.074346
2690,2237.10046
2691,2237.126426
2692,2237.152392
2693,2237.178358
2694,2237.204326
2695,2237.230292
2696,2237.256258
2697,2237.282224
2698,2237.308338
2699,2237.334304
2700,2237.36027
2701,2237.386236
2702,2237.412204
2703,2237.43817
2704,2237.464136
2705,2237.490102
2706,2237.516216
2707,2237.542182
2708,2237.568148
2709,2237.594114
2710,2237.620082
2711,2237.646048
2712,2237.672014
2713,2237.698126
2714,2237.724094
2715,2237.75006
2716,2237.776026
2717,2237.801992
2718,2237.82796
2719,2237.853926
2720,2237.879892
2721,2237.906004
2722,2237.931972
2723,2237.957938
2724,2237.983904
2725,2238.00987
2726,2238.035838
2727,2238.061804
2728,2238.08777
2729,2238.113882
2730,2238.13985
2731,2238.165816
2732,2238.191782
2733,2238.217748
2734,2238.243716
2735,2238.269682
2736,2238.295648
2737,2238.32176
2738,2238.347728
2739,2238.373694
2740,2238.39966
2741,2238.425626
2742,2238.451594
2743,2238.47756
2744,2238.503526
2745,2238.529638
2746,2238.555606
2747,2238.581572
2748,2238.607538
2749,2238.633504
2750,2238.659472
2751,2238.685438
2752,2238.711404
2753,2238.737516
2754,2238.763484
2755,2238.78945
2756,2238.815416
2757,2238.841382
2758,2238.86735
2759,2238.893316
2760,2238.919428
2761,2238.945394
2762,2238.971362
2763,2238.997328
2764,2239.023294
2765,2239.049262
2766,2239.075228
2767,2239.101194
2768,2239.127306
2769,2239.153272
2770,2239.17924
2771,2239.205206
2772,2239.231172
2773,2239.25714
2774,2239.283106
2775,2239.309072
2776,2239.335184
2777,2239.36115
2778,2239.387118
2779,2239.413084
2780,2239.43905
2781,2239.465018
2782,2239.490984
2783,2239.51695
2784,2239.543062
2785,2239.56903
2786,2239.594996
2787,2239.620962
2788,2239.646928
2789,2239.672896
2790,2239.698862
2791,2239.724828
2792,2239.75094
2793,2239.776908
2794,2239.802874
2795,2239.82884
2796,2239.854806
2797,2239.880774
2798,2239.90674
2799,2239.932706
2800,2239.958818
2801,2239.95415
2802,2239.949628
2803,2239.945106
2804,2239.940584
2805,2239.936062
2806,2239.93154
2807,2239.927016
2808,2239.922494
2809,2239.917826
2810,2239.913304
2811,2239.908782
2812,2239.90426
2813,2239.899738
2814,2239.895216
2815,2239.890692
2816,2239.88617
2817,2239.881502
2818,2239.87698
2819,2239.872458
2820,2239.867936
2821,2239.863414
2822,2239.858892
2823,2239.854368
2824,2239.849846
2825,2239.845178
2826,2239.840656
2827,2239.836134
2828,2239.831612
2829,2239.82709
2830,2239.822568
2831,2239.818046
2832,2239.813522
2833,2239.808854
2834,2239.804332
2835,2239.79981
2836,2239.795288
2837,2239.790766
2838,2239.786244
2839,2239.781722
2840,2239.777198
2841,2239.77253
2842,2239.768008
2843,2239.763486
2844,2239.758964
2845,2239.754442
2846,2239.74992
2847,2239.745398
2848,2239.740874
2849,2239.736206
2850,2239.731684
2851,2239.727162
2852,2239.72264
2853,2239.718118
2854,2239.713596
2855,2239.709074
2856,2239.70455
2857,2239.699882
2858,2239.69536
2859,2239.690838
2860,2239.686316
2861,2239.681794
2862,2239.677272
2863,2239.67275
2864,2239.668226
2865,2239.663558
2866,2239.659036
2867,2239.654514
2868,2239.649992
2869,2239.64547
2870,2239.640948
2871,2239.636426
2872,2239.631902
2873,2239.627234
2874,2239.622712
2875,2239.61819
2876,2239.613668
2877,2239.609146
2878,2239.604624
2879,2239.600102
2880,2239.595434
2881,2239.59091
2882,2239.586388
2883,2239.581866
2884,2239.577344
2885,2239.572822
2886,2239.5683
2887,2239.563778
2888,2239.55911
2889,2239.554586
2890,2239.550064
2891,2239.545542
2892,2239.54102
2893,2239.536498
2894,2239.531976
2895,2239.527454
2896,2239.522786
2897,2239.518264
2898,2239.51374
2899,2239.509218
2900,2239.504696
2901,2239.500174
2902,2239.495652
2903,2239.49113
2904,2239.486462
2905,2239.48194
2906,2239.477416
2907,2239.472894
2908,2239.468372
2909,2239.46385
2910,2239.459328
2911,2239.454806
2912,2239.450138
2913,2239.445616
2914,2239.441092
2915,2239.43657
2916,2239.432048
2917,2239.427526
2918,2239.423004
2919,2239.418482
2920,2239.413814
2921,2239.409292
2922,2239.404768
2923,2239.400246
2924,2239.395724
2925,2239.391202
2926,2239.38668
2927,2239.382158
2928,2239.37749
2929,2239.372968
2930,2239.368444
2931,2239.363922
2932,2239.3594
2933,2239.354878
2934,2239.260932
2935,2239.122492
2936,2238.984052
2937,2238.845468
2938,2238.707028
2939,2238.568442
2940,2238.430004
2941,2238.291418
2942,2238.152978
2943,2238.01454
2944,2237.875954
2945,2237.737514
2946,2237.598928
2947,2237.46049
2948,2237.321904
2949,2237.183464
2950,2237.045026
2951,2236.90644
2952,2236.768
2953,2236.629414
2954,2236.490976
2955,2236.35239
2956,2236.21395
2957,2236.075366
2958,2235.936926
2959,2235.798486
2960,2235.6599
2961,2235.521462
2962,2235.382876
2963,2235.244436
2964,2235.105852
2965,2234.967412
2966,2234.828972
2967,2234.690388
2968,2234.551948
2969,2234.413362
2970,2234.274922
2971,2234.136338
2972,2233.997898
2973,2233.859458
2974,2233.720874
2975,2233.582434
2976,2233.443848
2977,2233.305408
2978,2233.166824
2979,2233.028384
2980,2232.889944
2981,2232.75136
2982,2232.61292
2983,2232.474334
2984,2232.335894
2985,2232.19731
2986,2232.05887
2987,2231.920284
2988,2231.781846
2989,2231.643406
2990,2231.50482
2991,2231.36638
2992,2231.227796
2993,2231.089356
2994,2230.95077
2995,2230.812332
2996,2230.673892
2997,2230.535306
2998,2230.396866
2999,2230.258282
3000,2230.119842
3001,2229.981256
3002,2229.842818
3003,2229.704378
3004,2229.565792
3005,2229.427354
3006,2229.288768
3007,2229.150328
3008,2229.011742
3009,2228.873304
3010,2228.734718
3011,2228.596278
3012,2228.45784
3013,2228.319254
3014,2228.180814
3015,2228.042228
3016,2227.90379
3017,2227.765204
3018,2227.626764
3019,2227.488326
3020,2227.34974
3021,2227.2113
3022,2227.072714
3023,2226.934276
3024,2226.79569
3025,2226.65725
3026,2226.518812
3027,2226.380226
3028,2226.241786
3029,2226.103202
3030,2225.964762
3031,2225.826176
3032,2225.687736
3033,2225.549298
3034,2225.410712
3035,2225.272272
3036,2225.133688
3037,2224.995248
3038,2224.856662
3039,2224.718222
3040,2224.579638
3041,2224.441198
3042,2224.302758
3043,2224.164174
3044,2224.025734
3045,2223.887148
3046,2223.748708
3047,2223.610124
3048,2223.471684
3049,2223.333244
3050,2223.19466
3051,2223.05622
3052,2222.917634
3053,2222.779194
3054,2222.64061
3055,2222.50217
3056,2222.36373
3057,2222.225146
3058,2222.086706
3059,2221.94812
3060,2221.80968
3061,2221.671096
3062,2221.532656
3063,2221.394216
3064,2221.255632
3065,2221.117192
3066,2220.978606
3067,2221.094434
3068,2221.71909
3069,2222.343746
3070,2222.968254
3071,2223.59291
3072,2224.217564
3073,2224.842074
3074,2225.46673
3075,2226.091384
3076,2226.715894
3077,2227.34055
3078,2227.965058
3079,2228.589714
3080,2229.21437
3081,2229.838878
3082,2230.463534
3083,2231.08819
3084,2231.712698
3085,2232.337354
3086,2232.962008
3087,2233.586518
3088,2234.211174
3089,2234.835682
3090,2235.460338
3091,2236.084994
3092,2236.709502
3093,2237.334158
3094,2237.958814
3095,2238.583322
3096,2239.207978
3097,2239.832632
3098,2240.457142
3099,2241.081798
3100,2241.706452
3101,2242.330962
3102,2242.955618
3103,2243.580126
3104,2244.204782
3105,2244.829438
3106,2245.453946
3107,2246.078602
3108,2246.703256
3109,2247.327766
3110,2247.952422
3111,2248.577076
3112,2249.201586
3113,2249.826242
3114,2250.45075
3115,2251.075406
3116,2251.700062
3117,2252.32457
3118,2252.949226
3119,2253.573882
3120,2254.19839
3121,2254.823046
3122,2255.4477
3123,2256.07221
3124,2256.696866
3125,2257.321374
3126,2257.94603
3127,2258.570686
3128,2259.195194
3129,2259.81985
3130,2260.444506
3131,2261.069014
3132,2261.69367
3133,2262.318324
3134,2262.942834
3135,2263.56749
3136,2264.191998
3137,2264.816654
3138,2265.44131
3139,2266.065818
3140,2266.690474
3141,2267.31513
3142,2267.939638
3143,2268.564294
3144,2269.188948
3145,2269.813458
3146,2270.438114
3147,2271.062622
3148,2271.687278
3149,2272.311934
3150,2272.936442
3151,2273.561098
3152,2274.185754
3153,2274.810262
3154,2275.434918
3155,2276.059574
3156,2276.684082
3157,2277.308738
3158,2277.933246
3159,2278.557902
3160,2279.182558
3161,2279.807066
3162,2280.431722
3163,2281.056378
3164,2281.680886
3165,2282.305542
3166,2282.930198
3167,2283.554706
3168,2284.179362
3169,2284.803872
3170,2285.428526
3171,2286.053182
3172,2286.67769
3173,2287.302346
3174,2287.927002
3175,2288.55151
3176,2289.176166
3177,2289.800822
3178,2290.42533
3179,2291.049986
3180,2291.67464
3181,2292.29915
3182,2292.923806
3183,2293.548314
3184,2294.17297
3185,2294.797626
3186,2295.422134
3187,2296.04679
3188,2296.671446
3189,2297.295954
3190,2297.92061
3191,2298.545266
3192,2299.169774
3193,2299.79443
3194,2300.418938
3195,2301.043594
3196,2301.66825
3197,2302.292758
3198,2302.917414
3199,2303.54207
3200,2304.166578
3201,2304.071028
3202,2303.975476
3203,2303.879926
3204,2303.784374
3205,2303.688824
3206,2303.593272
3207,2303.497722
3208,2303.402172
3209,2303.30662
3210,2303.21107
3211,2303.115518
3212,2303.019968
3213,2302.92427
3214,2302.82872
3215,2302.733168
3216,2302.637618
3217,2302.542066
3218,2302.446516
3219,2302.350964
3220,2302.255414
3221,2302.159862
3222,2302.064312
3223,2301.96876
3224,2301.87321
3225,2301.777658
3226,2301.682108
3227,2301.586558
3228,2301.491006
3229,2301.395456
3230,2301.299904
3231,2301.204208
3232,2301.108656
3233,2301.013106
3234,2300.917554
3235,2300.822004
3236,2300.726452
3237,2300.630902
3238,2300.53535
3239,2300.4398
3240,2300.344248
3241,2300.248698
3242,2300.153146
3243,2300.057596
3244,2299.962044
3245,2299.866494
3246,2299.770944
3247,2299.675392
3248,2299.579696
3249,2299.484144
3250,2299.388594
3251,2299.293042
3252,2299.197492
3253,2299.10194
3254,2299.00639
3255,2298.910838
3256,2298.815288
3257,2298.719736
3258,2298.624186
3259,2298.528634
3260,2298.433084
3261,2298.337532
3262,2298.241982
3263,2298.14643
3264,2298.05088
3265,2297.955184
3266,2297.859632
3267,2297.764082
3268,2297.66853
3269,2297.57298
3270,2297.477428
3271,2297.381878
3272,2297.286326
3273,2297.190776
3274,2297.095224
3275,2296.999674
3276,2296.904122
3277,2296.808572
3278,2296.71302
3279,2296.61747
3280,2296.521918
3281,2296.426368
3282,2296.330672
3283,2296.23512
3284,2296.13957
3285,2296.044018
3286,2295.948468
3287,2295.852916
3288,2295.757366
3289,2295.661814
3290,2295.566264
3291,2295.470712
3292,2295.375162
3293,2295.27961
3294,2295.18406
3295,2295.088508
3296,2294.992958
3297,2294.897406
3298,2294.801856
3299,2294.70616
3300,2294.610608
3301,2294.515058
3302,2294.419506
3303,2294.323956
3304,2294.228404
3305,2294.132854
3306,2294.037302
3307,2293.941752
3308,2293.8462
3309,2293.75065
3310,2293.655098
3311,2293.559548
3312,2293.463996
3313,2293.368446
3314,2293.272894
3315,2293.177344
3316,2293.081646
3317,2292.986096
3318,2292.890546
3319,2292.794994
3320,2292.699444
3321,2292.603892
3322,2292.508342
3323,2292.41279
3324,2292.31724
3325,2292.221688
3326,2292.126138
3327,2292.030586
3328,2291.935036
3329,2291.839484
3330,2291.743934
3331,2291.648382
3332,2291.552832
3333,2291.457134
3334,2291.489374
3335,2291.585362
3336,2291.681498
3337,2291.777486
3338,2291.873474
3339,2291.969608
3340,2292.065598
3341,2292.161586
3342,2292.25772
3343,2292.35371
3344,2292.449698
3345,2292.545832
3346,2292.64182
3347,2292.737956
3348,2292.833944
3349,2292.929932
3350,2293.026066
3351,2293.122056
3352,2293.218044
3353,2293.314178
3354,2293.410168
3355,2293.506156
3356,2293.60229
3357,2293.698278
3358,2293.794268
3359,2293.890402
3360,2293.98639
3361,2294.08238
3362,2294.178514
3363,2294.274502
3364,2294.37049
3365,2294.466626
3366,2294.562614
3367,2294.658602
3368,2294.754736
3369,2294.850726
3370,2294.946714
3371,2295.042848
3372,2295.138838
3373,2295.234826
3374,2295.33096
3375,2295.426948
3376,2295.522938
3377,2295.619072
3378,2295.71506
3379,2295.811194
3380,2295.907184
3381,2296.003172
3382,2296.099306
3383,2296.195296
3384,2296.291284
3385,2296.387418
3386,2296.483406
3387,2296.579396
3388,2296.67553
3389,2296.771518
3390,2296.867508
3391,2296.963642
3392,2297.05963
3393,2297.155618
3394,2297.251754
3395,2297.347742
3396,2297.44373
3397,2297.539864
3398,2297.635854
3399,2297.731842
3400,2297.827976
3401,2297.923966
3402,2298.019954
3403,2298.116088
3404,2298.212076
3405,2298.308066
3406,2298.4042
3407,2298.500188
3408,2298.596322
3409,2298.692312
3410,2298.7883
3411,2298.884434
3412,2298.980424
3413,2299.076412
3414,2299.172546
3415,2299.268534
3416,2299.364524
3417,2299.460658
3418,2299.556646
3419,2299.652634
3420,2299.74877
3421,2299.844758
3422,2299.940746
3423,2300.036882
3424,2300.13287
3425,2300.228858
3426,2300.324992
3427,2300.420982
3428,2300.51697
3429,2300.613104
3430,2300.709092
3431,2300.805082
3432,2300.901216
3433,2300.997204
3434,2301.093194
3435,2301.189328
3436,2301.285316
3437,2301.381304
3438,2301.47744
3439,2301.573428
3440,2301.669562
3441,2301.76555
3442,2301.86154
3443,2301.957674
3444,2302.053662
3445,2302.149652
3446,2302.245786
3447,2302.341774
3448,2302.437762
3449,2302.533898
3450,2302.629886
3451,2302.725874
3452,2302.822008
3453,2302.917998
3454,2303.013986
3455,2303.11012
3456,2303.20611
3457,2303.302098
3458,2303.398232
3459,2303.49422
3460,2303.59021
3461,2303.686344
3462,2303.782332
3463,2303.878322
3464,2303.974456
3465,2304.070444
3466,2304.166432
3467,2304.243602
3468,2304.282844
3469,2304.322232
3470,2304.361474
3471,2304.400714
3472,2304.440102
3473,2304.479344
3474,2304.518586
3475,2304.557826
3476,2304.597214
3477,2304.636456
3478,2304.675698
3479,2304.715084
3480,2304.754326
3481,2304.793568
3482,2304.832956
3483,2304.872196
3484,2304.911438
3485,2304.95068
3486,2304.990068
3487,2305.029308
3488,2305.06855
3489,2305.107938
3490,2305.14718
3491,2305.18642
3492,2305.225662
3493,2305.26505
3494,2305.304292
3495,2305.343532
3496,2305.38292
3497,2305.422162
3498,2305.461404
3499,2305.500644
3500,2305.540032
3501,2305.579274
3502,2305.618516
3503,2305.657902
3504,2305.697144
3505,2305.736386
3506,2305.775774
3507,2305.815014
3508,2305.854256
3509,2305.893498
3510,2305.932886
3511,2305.972126
3512,2306.011368
3513,2306.050756
3514,2306.089998
3515,2306.129238
3516,2306.16848
3517,2306.207868
3518,2306.24711
3519,2306.28635
3520,2306.325738
3521,2306.36498
3522,2306.404222
3523,2306.443464
3524,2306.48285
3525,2306.522092
3526,2306.561334
3527,2306.60072
3528,2306.639962
3529,2306.679204
3530,2306.718446
3531,2306.757832
3532,2306.797074
3533,2306.836316
3534,2306.875704
3535,2306.914944
3536,2306.954186
3537,2306.993574
3538,2307.032816
3539,2307.072056
3540,2307.111298
3541,2307.150686
3542,2307.189928
3543,2307.229168
3544,2307.268556
3545,2307.307798
3546,2307.34704
3547,2307.386282
3548,2307.425668
3549,2307.46491
3550,2307.504152
3551,2307.543538
3552,2307.58278
3553,2307.622022
3554,2307.661264
3555,2307.70065
3556,2307.739892
3557,2307.779134
3558,2307.818522
3559,2307.857762
3560,2307.897004
3561,2307.936392
3562,2307.975634
3563,2308.014874
3564,2308.054116
3565,2308.093504
3566,2308.132746
3567,2308.171988
3568,2308.211374
3569,2308.250616
3570,2308.289858
3571,2308.3291
3572,2308.368486
3573,2308.407728
3574,2308.44697
3575,2308.486356
3576,2308.525598
3577,2308.56484
3578,2308.604082
3579,2308.643468
3580,2308.68271
3581,2308.721952
3582,2308.76134
3583,2308.80058
3584,2308.839822
3585,2308.87921
3586,2308.918452
3587,2308.957694
3588,2308.996934
3589,2309.036322
3590,2309.075564
3591,2309.114806
3592,2309.154192
3593,2309.193434
3594,2309.232676
3595,2309.271918
3596,2309.311304
3597,2309.350546
3598,2309.389788
3599,2309.429174
3600,2309.468416
3601,2309.695842
3602,2309.923414
3603,2310.15084
3604,2310.378412
3605,2310.605838
3606,2310.83341
3607,2311.060836
3608,2311.288406
3609,2311.515832
3610,2311.743404
3611,2311.97083
3612,2312.198402
3613,2312.425828
3614,2312.653254
3615,2312.880826
3616,2313.108252
3617,2313.335824
3618,2313.563248
3619,2313.79082
3620,2314.018246
3621,2314.245818
3622,2314.473244
3623,2314.700816
3624,2314.928242
3625,2315.155814
3626,2315.38324
3627,2315.610812
3628,2315.838236
3629,2316.065808
3630,2316.293234
3631,2316.52066
3632,2316.748232
3633,2316.975658
3634,2317.20323
3635,2317.430656
3636,2317.658228
3637,2317.885654
3638,2318.113224
3639,2318.34065
3640,2318.568222
3641,2318.795648
3642,2319.02322
3643,2319.250646
3644,2319.478218
3645,2319.705644
3646,2319.93307
3647,2320.160642
3648,2320.388066
3649,2320.615638
3650,2320.843064
3651,2321.070636
3652,2321.298062
3653,2321.525634
3654,2321.75306
3655,2321.980632
3656,2322.208058
3657,2322.435628
3658,2322.663054
3659,2322.890626
3660,2323.118052
3661,2323.345624
3662,2323.57305
3663,2323.800476
3664,2324.028048
3665,2324.255474
3666,2324.483046
3667,2324.710472
3668,2324.938042
3669,2325.165468
3670,2325.39304
3671,2325.620466
3672,2325.848038
3673,2326.075464
3674,2326.303036
3675,2326.530462
3676,2326.758034
3677,2326.985458
3678,2327.21303
3679,2327.440456
3680,2327.667882
3681,2327.895454
3682,2328.12288
3683,2328.350452
3684,2328.577878
3685,2328.80545
3686,2329.032876
3687,2329.260446
3688,2329.487872
3689,2329.715444
3690,2329.94287
3691,2330.170442
3692,2330.397868
3693,2330.62544
3694,2330.852866
3695,2331.080438
3696,2331.307864
3697,2331.535288
3698,2331.76286
3699,2331.990286
3700,2332.217858
3701,2332.445284
3702,2332.672856
3703,2332.900282
3704,2333.127854
3705,2333.35528
3706,2333.582852
3707,2333.810276
3708,2334.037848
3709,2334.265274
3710,2334.492846
3711,2334.720272
3712,2334.947698
3713,2335.17527
3714,2335.402696
3715,2335.630268
3716,2335.857694
3717,2336.085264
3718,2336.31269
3719,2336.540262
3720,2336.767688
3721,2336.99526
3722,2337.222686
3723,2337.450258
3724,2337.677684
3725,2337.905256
3726,2338.132682
3727,2338.360252
3728,2338.587678
3729,2338.815104
3730,2339.042676
3731,2339.270102
3732,2339.497674
3733,2339.7251
3734,2339.71022
3735,2339.573968
3736,2339.437864
3737,2339.301612
3738,2339.165506
3739,2339.029402
3740,2338.89315
3741,2338.757044
3742,2338.620794
3743,2338.484688
3744,2338.348436
3745,2338.212332
3746,2338.07608
3747,2337.939974
3748,2337.803724
3749,2337.667618
3750,2337.531512
3751,2337.395262
3752,2337.259156
3753,2337.122904
3754,2336.9868
3755,2336.850548
3756,2336.714442
3757,2336.578192
3758,2336.442086
3759,2336.305834
3760,2336.169728
3761,2336.033478
3762,2335.897372
3763,2335.761266
3764,2335.625016
3765,2335.48891
3766,2335.352658
3767,2335.216554
3768,2335.080302
3769,2334.944196
3770,2334.807946
3771,2334.67184
3772,2334.535588
3773,2334.399484
3774,2334.263232
3775,2334.127126
3776,2333.991022
3777,2333.85477
3778,2333.718664
3779,2333.582414
3780,2333.446308
3781,2333.310056
3782,2333.173952
3783,2333.0377
3784,2332.901594
3785,2332.765344
3786,2332.629238
3787,2332.493132
3788,2332.356882
3789,2332.220776
3790,2332.084524
3791,2331.94842
3792,2331.812168
3793,2331.676062
3794,2331.539812
3795,2331.403706
3796,2331.267454
3797,2331.13135
3798,2330.995098
3799,2330.858992
3800,2330.722888
3801,2330.586636
3802,2330.45053
3803,2330.31428
3804,2330.178174
3805,2330.041922
3806,2329.905818
3807,2329.769566
3808,2329.63346
3809,2329.49721
3810,2329.361104
3811,2329.224852
3812,2329.088746
3813,2328.952642
3814,2328.81639
3815,2328.680284
3816,2328.544034
3817,2328.407928
3818,2328.271676
3819,2328.135572
3820,2327.99932
3821,2327.863214
3822,2327.726964
3823,2327.590858
3824,2327.454752
3825,2327.318502
3826,2327.182396
3827,2327.046144
3828,2326.91004
3829,2326.773788
3830,2326.637682
3831,2326.501432
3832,2326.365326
3833,2326.229074
3834,2326.09297
3835,2325.956718
3836,2325.820612
3837,2325.684508
3838,2325.548256
3839,2325.41215
3840,2325.2759
3841,2325.139794
3842,2325.003542
3843,2324.867438
3844,2324.731186
3845,2324.59508
3846,2324.45883
3847,2324.322724
3848,2324.186472
3849,2324.050368
3850,2323.914262
3851,2323.77801
3852,2323.641906
3853,2323.505654
3854,2323.369548
3855,2323.233298
3856,2323.097192
3857,2322.96094
3858,2322.824834
3859,2322.688584
3860,2322.552478
3861,2322.416372
3862,2322.280122
3863,2322.144016
3864,2322.007764
3865,2321.87166
3866,2321.735408
3867,2321.60047
3868,2321.467866
3869,2321.335262
3870,2321.202656
3871,2321.070198
3872,2320.937594
3873,2320.80499
3874,2320.672386
3875,2320.539782
3876,2320.407322
3877,2320.274718
3878,2320.142114
3879,2320.00951
3880,2319.876906
3881,2319.744302
3882,2319.611844
3883,2319.479238
3884,2319.346634
3885,2319.21403
3886,2319.081426
3887,2318.948822
3888,2318.816364
3889,2318.683758
3890,2318.551154
3891,2318.41855
3892,2318.285946
3893,2318.153342
3894,2318.020884
3895,2317.888278
3896,2317.755674
3897,2317.62307
3898,2317.490466
3899,2317.357862
3900,2317.225404
3901,2317.092798
3902,2316.960194
3903,2316.82759
3904,2316.694986
3905,2316.562382
3906,2316.429924
3907,2316.29732
3908,2316.164714
3909,2316.03211
3910,2315.899506
3911,2315.767048
3912,2315.634444
3913,2315.50184
3914,2315.369234
3915,2315.23663
3916,2315.104026
3917,2314.971568
3918,2314.838964
3919,2314.70636
3920,2314.573754
3921,2314.44115
3922,2314.308546
3923,2314.176088
3924,2314.043484
3925,2313.91088
3926,2313.778276
3927,2313.64567
3928,2313.513066
3929,2313.380608
3930,2313.248004
3931,2313.1154
3932,2312.982796
3933,2312.85019
3934,2312.717586
3935,2312.585128
3936,2312.452524
3937,2312.31992
3938,2312.187316
3939,2312.05471
3940,2311.922106
3941,2311.789648
3942,2311.657044
3943,2311.52444
3944,2311.391836
3945,2311.259232
3946,2311.126772
3947,2310.994168
3948,2310.861564
3949,2310.72896
3950,2310.596356
3951,2310.463752
3952,2310.331292
3953,2310.198688
3954,2310.066084
3955,2309.93348
3956,2309.800876
3957,2309.668272
3958,2309.535812
3959,2309.403208
3960,2309.270604
3961,2309.138
3962,2309.005396
3963,2308.872792
3964,2308.740332
3965,2308.607728
3966,2308.475124
3967,2308.34252
3968,2308.209916
3969,2308.077312
3970,2307.944852
3971,2307.812248
3972,2307.679644
3973,2307.54704
3974,2307.414436
3975,2307.281832
3976,2307.149374
3977,2307.016768
3978,2306.884164
3979,2306.75156
3980,2306.618956
3981,2306.486498
3982,2306.353894
3983,2306.221288
3984,2306.088684
3985,2305.95608
3986,2305.823476
3987,2305.691018
3988,2305.558414
3989,2305.425808
3990,2305.293204
3991,2305.1606
3992,2305.027996
3993,2304.895538
3994,2304.762934
3995,2304.630328
3996,2304.497724
3997,2304.36512
3998,2304.232516
3999,2304.100058
4000,2303.967454
4001,2301.126746
4002,2298.286038
4003,2295.44533
4004,2292.604622
4005,2289.763914
4006,2286.92306
4007,2284.082352
4008,2281.241644
4009,2278.400936
4010,2275.560228
4011,2272.71952
4012,2269.878812
4013,2267.038104
4014,2264.197396
4015,2261.356688
4016,2258.51598
4017,2255.675272
4018,2252.834564
4019,2249.993856
4020,2247.153148
4021,2244.31244
4022,2241.471732
4023,2238.631026
4024,2235.790318
4025,2232.94961
4026,2230.108756
4027,2227.268048
4028,2224.42734
4029,2221.586632
4030,2218.745924
4031,2215.905216
4032,2213.064508
4033,2210.2238
4034,2207.383092
4035,2204.542384
4036,2201.701676
4037,2198.860968
4038,2196.02026
4039,2193.179552
4040,2190.338844
4041,2187.498136
4042,2184.657428
4043,2181.81672
4044,2178.976012
4045,2176.135304
4046,2173.294596
4047,2170.453742
4048,2167.613034
4049,2164.772326
4050,2161.93162
4051,2159.090912
4052,2156.250204
4053,2153.409496
4054,2150.568788
4055,2147.72808
4056,2144.887372
4057,2142.046664
4058,2139.205956
4059,2136.365248
4060,2133.52454
4061,2130.683832
4062,2127.843124
4063,2125.002416
4064,2122.161708
4065,2119.321
4066,2116.480292
4067,2113.639438
4068,2110.79873
4069,2107.958022
4070,2105.117314
4071,2102.276606
4072,2099.435898
4073,2096.59519
4074,2093.754482
4075,2090.913774
4076,2088.073066
4077,2085.232358
4078,2082.391652
4079,2079.550944
4080,2076.710236
4081,2073.869528
4082,2071.02882
4083,2068.188112
4084,2065.347404
4085,2062.506696
4086,2059.665988
4087,2056.825134
4088,2053.984426
4089,2051.143718
4090,2048.30301
4091,2045.462302
4092,2042.621594
4093,2039.780886
4094,2036.940178
4095,2034.09947
4096,2031.258762
4097,2028.418054
4098,2025.577346
4099,2022.736638
4100,2019.89593
4101,2017.055222
4102,2014.214514
4103,2011.373806
4104,2008.533098
4105,2005.69239
4106,2002.851682
4107,2000.010976
4108,1997.1701212
4109,1994.3294134
4110,1991.4887054
4111,1988.6479974
4112,1985.8072896
4113,1982.9665816
4114,1980.1258736
4115,1977.2851658
4116,1974.4444578
4117,1971.6037498
4118,1968.763042
4119,1965.922334
4120,1963.081626
4121,1960.2409182
4122,1957.4002102
4123,1954.5595022
4124,1951.7187944
4125,1948.8780864
4126,1946.0373784
4127,1943.1966706
4128,1940.3558166
4129,1937.5151088
4130,1934.6744008
4131,1931.8336928
4132,1928.992985
4133,1926.152277
4134,1923.8177704
4135,1921.7365102
4136,1919.655104
4137,1917.573698
4138,1915.4924378
4139,1913.4110316
4140,1911.3297714
4141,1909.2483654
4142,1907.1669592
4143,1905.085699
4144,1903.004293
4145,1900.9228868
4146,1898.8416266
4147,1896.7602206
4148,1894.6788144
4149,1892.5975542
4150,1890.5161482
4151,1888.434742
4152,1886.3534818
4153,1884.2720758
4154,1882.1906696
4155,1880.1094094
4156,1878.0280034
4157,1875.9465972
4158,1873.865337
4159,1871.783931
4160,1869.7025248
4161,1867.6212646
4162,1865.5398586
4163,1863.4584524
4164,1861.3771922
4165,1859.2957862
4166,1857.214526
4167,1855.1331198
4168,1853.0517138
4169,1850.9704536
4170,1848.8890476
4171,1846.8076414
4172,1844.7263812
4173,1842.6449752
4174,1840.563569
4175,1838.4823088
4176,1836.4009028
4177,1834.3194966
4178,1832.2382364
4179,1830.1568304
4180,1828.0754242
4181,1825.994164
4182,1823.912758
4183,1821.8313518
4184,1819.7500916
4185,1817.6686856
4186,1815.5872794
4187,1813.5060192
4188,1811.4246132
4189,1809.343353
4190,1807.2619468
4191,1805.1805408
4192,1803.0992806
4193,1801.0178744
4194,1798.9364684
4195,1796.8552082
4196,1794.773802
4197,1792.692396
4198,1790.6111358
4199,1788.5297296
4200,1786.4483236
4201,1784.3670634
4202,1782.2856572
4203,1780.2042512
4204,1778.122991
4205,1776.0415848
4206,1773.9601788
4207,1771.8789186
4208,1769.7975124
4209,1767.7161064
4210,1765.6348462
4211,1763.5534402
4212,1761.472034
4213,1759.3907738
4214,1757.3093678
4215,1755.2281076
4216,1753.1467014
4217,1751.0652954
4218,1748.9840352
4219,1746.902629
4220,1744.821223
4221,1742.7399628
4222,1740.6585566
4223,1738.5771506
4224,1736.4958904
4225,1734.4144842
4226,1732.3330782
4227,1730.251818
4228,1728.1704118
4229,1726.0890058
4230,1724.0077456
4231,1721.9263394
4232,1719.8449334
4233,1717.7636732
4234,1715.682267
4235,1713.600861
4236,1711.5196008
4237,1709.4381946
4238,1707.3569344
4239,1705.2755284
4240,1703.1941222
4241,1701.112862
4242,1699.031456
4243,1696.9500498
4244,1694.8687896
4245,1692.7873836
4246,1690.7059774
4247,1688.6247172
4248,1686.5433112
4249,1684.4619052
4250,1682.3806448
4251,1680.2992388
4252,1678.2178328
4253,1676.1365726
4254,1674.0551664
4255,1671.9737604
4256,1669.8925002
4257,1667.811094
4258,1665.729688
4259,1663.6484278
4260,1661.5670216
4261,1659.4856156
4262,1657.4043554
4263,1655.3229492
4264,1653.241689
4265,1651.160283
4266,1649.0788768
4267,1644.5418842
4268,1635.0937186
4269,1625.645407
4270,1616.1970954
4271,1606.7489296
4272,1597.300618
4273,1587.8523064
4274,1578.4041408
4275,1568.9558292
4276,1559.5076634
4277,1550.059352
4278,1540.6110404
4279,1531.1628746
4280,1521.714563
4281,1512.2662514
4282,1502.8180858
4283,1493.3697742
4284,1483.9214626
4285,1474.4732968
4286,1465.0249854
4287,1455.5767612
4288,1446.1284934
4289,1436.6802402
4290,1427.231987
4291,1417.7837192
4292,1408.335466
4293,1398.8872126
4294,1389.4389448
4295,1379.9906916
4296,1370.5424384
4297,1361.0941706
4298,1351.6459174
4299,1342.1976642
4300,1332.7493964
4301,1323.301143
4302,1313.8528752
4303,1304.404622
4304,1294.9563688
4305,1285.508101
4306,1276.0598478
4307,1266.6115946
4308,1257.1633266
4309,1247.7150734
4310,1238.2668202
4311,1228.8185524
4312,1219.3702992
4313,1209.922046
4314,1200.4737782
4315,1191.025525
4316,1181.5772716
4317,1172.1290038
4318,1162.6807506
4319,1153.2324974
4320,1143.7842296
4321,1134.3359764
4322,1124.8877232
4323,1115.4394552
4324,1105.991202
4325,1096.5429488
4326,1087.094681
4327,1077.6464278
4328,1068.1981746
4329,1058.7499068
4330,1049.3016536
4331,1039.8534002
4332,1030.4051324
4333,1020.9568792
4334,1011.508626
4335,1002.0603582
4336,992.612105
4337,983.1638518
4338,973.7155838
4339,964.2673306
4340,954.8190774
4341,945.3708096
4342,935.9225564
4343,926.4742886
4344,917.0260354
4345,907.5777822
4346,898.1295142
4347,888.681261
4348,879.2330078
4349,869.78474
4350,860.3364868
4351,850.8882336
4352,841.4399658
4353,831.9917124
4354,822.5434592
4355,813.0951914
4356,803.6469382
4357,794.198685
4358,784.7504172
4359,775.302164
4360,765.8539106
4361,756.4056428
4362,746.9573896
4363,737.5091364
4364,728.0608686
4365,718.6126154
4366,709.1643622
4367,699.7160944
4368,690.267841
4369,680.8195878
4370,671.37132
4371,661.9230668
4372,652.4748136
4373,643.0265458
4374,633.5782926
4375,624.1300392
4376,614.6817714
4377,605.2335182
4378,595.785265
4379,586.3369972
4380,576.888744
4381,567.4404762
4382,557.992223
4383,548.5439696
4384,539.0957018
4385,529.6474486
4386,520.1991954
4387,510.7509276
4388,501.3026744
4389,491.8544212
4390,482.4061534
4391,472.9579
4392,463.5096468
4393,454.061379
4394,444.6131258
4395,435.1648726
4396,425.7166048
4397,416.2683516
4398,406.8200982
4399,397.3718304
4400,387.9235772
