position,SA_spikes,RA_spikes,SA_activated,RA_activated,SA_mean_firing_frequency,RA_mean_firing_frequency,SA_peak_firing_frequency,RA_peak_firing_frequency,SA_first_spike_time,RA_first_spike_time
x27.440675196366236_y17.879734159310487_d4,0,0,0,0,0,0.0,0,0,0,0
x31.178184839298616_y9.609542682317496_d4,0,0,0,0,0.0,0,0,0,0,0
x48.18313802505146_y9.586037970644442_d4,0,0,0,0,0,0.0,0,0,0,0
x28.402228054696614_y23.139915957316525_d4,0,0,0,0,0.0,0,0,0,0,0
x32.40859360255986_y9.206038496013699_d4,0,0,0,0,0,0.0,0,0,0,0
x48.9309171116382_y19.97896410541809_d4,0,0,0,0,0,0.0,0,0,0,0
x36.03163273629584_y14.550494801877678_d4,0,0,0,0,0,0.0,0,0,0,0
x26.092416087503583_y10.36654849976309_d4,0,0,0,0,0.0,0,0,0,0,0
x7.4837433591841585_y5.558034706289691_d4,0,0,0,0,0.0,0,0,0,0,0
x22.807516610827427_y14.210848721716212_d4,0,0,0,0,0.0,0,0,0,0,0
x34.091014955174174_y8.98769751434465_d4,0,0,0,0,0.0,0,0,0,0,0
x17.907608348476252_y18.767153530461407_d4,0,0,0,0,0,0.0,0,0,0,0
x4.964017517948694_y24.24522669366872_d4,0,0,0,0,0,0.0,0,0,0,0
x28.509838520893982_y10.96503783655801_d4,0,0,0,0,0,0.0,0,0,0,0
x32.63951585027454_y15.876471840089096_d4,0,0,0,0,0,0.0,0,0,0,0
x12.664580126989106_y11.657769321407658_d4,0,0,0,0,0.0,0,0,0,0,0
x33.73761611295104_y7.9300435517324015_d4,0,0,0,0,0,0.0,0,0,0,0
x4.804920394698153_y24.411486625334895_d4,0,0,0,0,0,0.0,0,0,0,0
x33.126343347502214_y0.33929089030274584_d4,0,0,0,0,0,0.0,0,0,0,0
x2.7857346850803157_y11.278980363023203_d4,0,0,0,0,0.0,0,0,0,0,0
x14.140348128820479_y3.0049140303292226_d4,0,0,0,0,0.0,0,0,0,0,0
x28.259443330243766_y21.627564032634623_d4,0,0,0,0,0,0.0,0,0,0,0
x4.697025537922084_y14.398662388904482_d4,0,0,0,0,0,0.0,0,0,0,0
x34.43305914028852_y22.011897231314887_d4,0,0,0,0,0,0.0,0,0,0,0
x33.37051899818408_y3.2949465601098042_d4,0,0,0,0,0,0.0,0,0,0,0
x36.75970110612975_y24.054713627935957_d4,0,0,0,0,0.0,0,0,0,0,0
x13.236508214172481_y9.945518818965727_d4,0,0,0,0,0,0.0,0,0,0,0
x41.44700146086816_y0.11738690481367664_d4,0,0,0,0,0,0.0,0,0,0,0
x44.80191937545385_y15.973026905782822_d4,0,0,0,0,0,0.0,0,0,0,0
x22.356268930881367_y21.160216811778195_d4,0,0,0,0,0,0.0,0,0,0,0
x38.35118517793634_y10.295503474121118_d4,0,0,0,0,0,0.0,0,0,0,0
x29.063643631792935_y22.04338404637132_d4,0,0,0,0,0,0.0,0,0,0,0
x32.98342060347064_y13.330156347916205_d4,0,0,0,0,0.0,0,0,0,0,0
x21.192752427908985_y15.159830353198108_d4,0,0,0,0,0.0,0,0,0,0,0
x35.80372656143216_y7.199775109082013_d4,0,0,0,0,0.0,0,0,0,0,0
x21.43843504728831_y3.386851605561256_d4,0,0,0,0,0.0,0,0,0,0,0
x16.049862068674877_y5.53156712959457_d4,0,0,0,0,0.0,0,0,0,0,0
x29.54363806240866_y14.35813122123947_d4,0,0,0,0,0,0.0,0,0,0,0
x21.79324626328134_y22.298083875391804_d4,0,0,0,0,0,0.0,0,0,0,0
x4.978454455540554_y8.807791530013326_d4,0,0,0,0,0,0.0,0,0,0,0
x7.472415232899687_y21.703151434205356_d4,0,0,0,0,0.0,0,0,0,0,0
x6.190999142472076_y21.20020573305586_d4,0,0,0,0,0,0.0,0,0,0,0
x6.998629274660084_y0.8305596316544317_d4,0,0,0,0,0,0.0,0,0,0,0
x36.10277997351739_y21.65955814821573_d4,0,0,0,0,0,0.0,0,0,0,0
x11.537116770339784_y19.12279247492143_d4,0,0,0,0,0,0.0,0,0,0,0
x8.581483863072027_y13.025915155103233_d4,0,0,0,0,0.0,0,0,0,0,0
x8.974513045892785_y4.274664967078287_d4,0,19,0,1,0,10.81883574125877,0,125.0,0,28.0
x17.267584034845136_y23.20203233663977_d4,0,0,0,0,0,0.0,0,0,0,0
x39.18221226509442_y12.500657443232535_d4,0,0,0,0,0.0,0,0,0,0,0
x11.89464106872543_y23.355349948119844_d4,0,0,0,0,0,0.0,0,0,0,0
x29.49549881772855_y18.253050737919242_d4,0,0,0,0,0.0,0,0,0,0,0
x10.61952494451543_y5.561080609670468_d4,25,0,1,0,16.17064257535411,0,50.00000000000001,0,65.0,0
x36.97753975246438_y12.261470215439177_d4,0,0,0,0,0.0,0,0,0,0,0
x21.72083127790604_y7.7948970498525645_d4,0,0,0,0,0,0.0,0,0,0,0
x27.124938750519874_y21.36533950776786_d4,0,0,0,0,0,0.0,0,0,0,0
x22.684842227802264_y13.414480277718056_d4,0,0,0,0,0,0.0,0,0,0,0
x23.474859154558548_y11.400365580446682_d4,0,0,0,0,0,0.0,0,0,0,0
x1.032549973286434_y18.959466345903536_d4,0,0,0,0,0.0,0,0,0,0,0
x43.632532772369764_y6.838550870390894_d4,0,0,0,0,0,0.0,0,0,0,0
x32.28922992509496_y8.117074301661633_d4,0,0,0,0,0,0.0,0,0,0,0
x33.99397282033848_y11.40324430307155_d4,0,0,0,0,0,0.0,0,0,0,0
x47.36852952444621_y18.271395169253946_d4,0,0,0,0,0.0,0,0,0,0,0
x47.87254278294768_y11.79378927232003_d4,0,0,0,0,0,0.0,0,0,0,0
x36.52210882833972_y16.15661093286712_d4,0,0,0,0,0.0,0,0,0,0,0
x40.37901344293937_y18.676986753480854_d4,0,0,0,0,0,0.0,0,0,0,0
x6.603405317257666_y17.921492029814843_d4,0,0,0,0,0.0,0,0,0,0,0
x17.780636892497782_y23.510798631320327_d4,0,0,0,0,0,0.0,0,0,0,0
x42.02142662677162_y5.121644054511143_d4,0,0,0,0,0.0,0,0,0,0,0
x45.18598698729667_y2.0855608860504637_d4,0,0,0,0,0,0.0,0,0,0,0
x2.280731857544321_y5.2289257370210285_d4,0,0,0,0,0.0,0,0,0,0,0
x5.014697113274891_y0.4107407397868551_d4,0,0,0,0,0,0.0,0,0,0,0
x41.65190487546954_y24.60823585870305_d4,0,0,0,0,0,0.0,0,0,0,0
x3.1977633060490565_y12.140689898365572_d4,0,0,0,0,0,0.0,0,0,0,0
x16.90794759184228_y24.039253863537464_d4,0,0,0,0,0.0,0,0,0,0,0
x24.907011275373502_y21.113751986798558_d4,0,0,0,0,0.0,0,0,0,0,0
x24.613412075257934_y17.889028936475995_d4,0,0,0,0,0,0.0,0,0,0,0
x17.36167589661098_y3.7035215237041257_d4,0,0,0,0,0,0.0,0,0,0,0
x37.67848033360815_y0.10120265921065852_d4,0,0,0,0,0.0,0,0,0,0,0
x21.411191605820406_y7.446045463876408_d4,0,0,0,0,0.0,0,0,0,0,0
x11.215851448736963_y2.446112112350851_d4,0,0,0,0,0,0.0,0,0,0,0
x17.180275157404935_y19.7218194429866_d4,0,0,0,0,0.0,0,0,0,0,0
x47.64353361934213_y0.3487098983353837_d4,0,0,0,0,0,0.0,0,0,0,0
x15.091543796375827_y19.380494436665277_d4,0,0,0,0,0,0.0,0,0,0,0
x12.268360492642238_y10.51348666700246_d4,0,0,0,0,0,0.0,0,0,0,0
x2.7687160210598973_y7.539965862023562_d4,0,0,0,0,0.0,0,0,0,0,0
x18.95168860519091_y2.4137402456864523_d4,0,0,0,0,0.0,0,0,0,0,0
x44.14299990218955_y6.265568004847136_d4,0,0,0,0,0,0.0,0,0,0,0
x26.229631037742397_y11.050382944871753_d4,0,0,0,0,0,0.0,0,0,0,0
x18.996347795006024_y4.528774043422576_d4,0,0,0,0,0,0.0,0,0,0,0
x33.00199311114745_y5.164865176881736_d4,0,0,0,0,0,0.0,0,0,0,0
x18.69065689662807_y14.689990879909725_d4,0,0,0,0,0.0,0,0,0,0,0
x39.9897942285309_y1.9239111746658182_d4,0,0,0,0,0,0.0,0,0,0,0
x6.6732604790681105_y19.479799356284712_d4,0,0,0,0,0,0.0,0,0,0,0
x28.877147441568773_y23.985833520835627_d4,0,0,0,0,0,0.0,0,0,0,0
x21.52012197540306_y12.750421307956255_d4,0,0,0,0,0,0.0,0,0,0,0
x13.879804886588303_y3.221514136658005_d4,0,0,0,0,0.0,0,0,0,0,0
x9.356544587542237_y22.599598873205924_d4,0,0,0,0,0,0.0,0,0,0,0
x45.527236119673184_y2.0742936914048995_d4,0,0,0,0,0,0.0,0,0,0,0
x4.6729728222058675_y10.65764700808097_d4,0,0,0,0,0,0.0,0,0,0,0
x35.81220871090093_y0.6767246194297527_d4,0,0,0,0,0,0.0,0,0,0,0
x8.026941124262821_y19.90978686293329_d4,0,0,0,0,0,0.0,0,0,0,0
x25.17137139699763_y23.843034516595797_d4,0,0,0,0,0,0.0,0,0,0,0
x47.59372384163681_y14.393779051121811_d4,0,0,0,0,0,0.0,0,0,0,0
x49.62147616428279_y2.125026687870632_d4,0,0,0,0,0.0,0,0,0,0,0
x36.384817156582436_y18.555949448292072_d4,0,0,0,0,0.0,0,0,0,0,0
x19.921712930983855_y1.5678238005836427_d4,0,0,0,0,0.0,0,0,0,0,0
x17.768442423596483_y8.917672260063572_d4,0,0,0,0,0.0,0,0,0,0,0
x42.26788409101199_y13.406863609196881_d4,0,0,0,0,0,0.0,0,0,0,0
x43.47442652733161_y11.354059922688794_d4,0,0,0,0,0.0,0,0,0,0,0
x11.858664681935572_y20.98782417049158_d4,0,0,0,0,0,0.0,0,0,0,0
x21.43978612491189_y1.7018518493680053_d4,0,0,0,0,0.0,0,0,0,0,0
x29.007585813548857_y19.277226204249118_d4,0,0,0,0,0.0,0,0,0,0,0
x49.08198402020344_y6.116285356554426_d4,0,0,0,0,0.0,0,0,0,0,0
x20.452704768653078_y4.073860651165134_d4,0,0,0,0,0,0.0,0,0,0,0
x32.001207764971916_y9.202560049538352_d4,0,0,0,0,0.0,0,0,0,0,0
x14.419924866574696_y6.03546550191435_d4,0,0,0,0,0,0.0,0,0,0,0
x27.73439043307095_y7.176287997990744_d4,0,0,0,0,0,0.0,0,0,0,0
x31.69654781589624_y23.17197723636562_d4,0,0,0,0,0,0.0,0,0,0,0
x22.357192024791818_y24.2225760274859_d4,0,0,0,0,0.0,0,0,0,0,0
x2.3003655443648463_y5.815674820744138_d4,0,0,0,0,0.0,0,0,0,0,0
x12.861674273569667_y9.543995180907045_d4,0,0,0,0,0,0.0,0,0,0,0
x14.827813253201494_y24.800281085361853_d4,0,0,0,0,0.0,0,0,0,0,0
x47.547630552769704_y5.8355063867024075_d4,0,0,0,0,0,0.0,0,0,0,0
x45.836350966509094_y2.845416009746529_d4,0,0,0,0,0,0.0,0,0,0,0
x18.95284480387143_y9.357404583022902_d4,0,0,0,0,0,0.0,0,0,0,0
x39.77673730695736_y12.598340296985889_d4,0,0,0,0,0.0,0,0,0,0,0
x41.95945611293262_y5.943545650390969_d4,0,0,0,0,0,0.0,0,0,0,0
x31.699884887233036_y21.68223513656162_d4,0,0,0,0,0,0.0,0,0,0,0
x1.230997852822785_y3.720732586079381_d4,0,0,0,0,0.0,0,0,0,0,0
x22.591084133487982_y1.771744454605209_d4,0,0,0,0,0.0,0,0,0,0,0
x22.375793538051237_y17.401929224150127_d4,0,0,0,0,0.0,0,0,0,0,0
x19.140402957892704_y22.38464710720525_d4,0,0,0,0,0,0.0,0,0,0,0
x48.978662593224485_y3.7119521931242963_d4,0,0,0,0,0.0,0,0,0,0,0
x20.336667291787414_y13.801956917299272_d4,0,0,0,0,0.0,0,0,0,0,0
x48.50375369255004_y0.6374337241823708_d4,0,0,0,0,0,0.0,0,0,0,0
x15.51904129899057_y9.325871597018686_d4,0,0,0,0,0,0.0,0,0,0,0
x45.07414931567107_y8.248391271780338_d4,0,0,0,0,0,0.0,0,0,0,0
x16.675373289563765_y23.10396916551909_d4,0,0,0,0,0,0.0,0,0,0,0
x17.423799451674853_y18.502438140442063_d4,0,0,0,0,0,0.0,0,0,0,0
x33.812124113873146_y21.980869075783176_d4,0,0,0,0,0,0.0,0,0,0,0
x47.23537404482379_y22.321556174182085_d4,0,0,0,0,0,0.0,0,0,0,0
x18.633953491049777_y13.263430364069546_d4,0,0,0,0,0,0.0,0,0,0,0
x42.81514884167733_y15.876419974553738_d4,0,0,0,0,0.0,0,0,0,0,0
x25.135477038451405_y3.8406884343015397_d4,0,0,0,0,0.0,0,0,0,0,0
x28.857012201017092_y17.38175014761715_d4,0,0,0,0,0,0.0,0,0,0,0
x31.111552941989746_y6.976698705714959_d4,0,0,0,0,0.0,0,0,0,0,0
x19.443371520453397_y5.677099273949238_d4,0,0,0,0,0,0.0,0,0,0,0
x29.43698049851441_y24.069257996006062_d4,0,0,0,0,0.0,0,0,0,0,0
x22.033304651706903_y17.127299776264874_d4,0,0,0,0,0,0.0,0,0,0,0
x39.54200816137025_y2.431073140810616_d4,0,0,0,0,0,0.0,0,0,0,0
x19.15514457745716_y20.16673313284027_d4,0,0,0,0,0,0.0,0,0,0,0
x26.955911749338608_y22.18162098656609_d4,0,0,0,0,0,0.0,0,0,0,0
x6.673073546746721_y24.51450331968206_d4,0,0,0,0,0,0.0,0,0,0,0
x27.10647267899692_y3.022984028478351_d4,0,0,0,0,0,0.0,0,0,0,0
x48.414320514714866_y22.99457026945396_d4,0,0,0,0,0.0,0,0,0,0,0
x15.824395935660107_y6.163369855311268_d4,0,0,0,0,0,0.0,0,0,0,0
x29.044363707389852_y3.646753851532472_d4,0,0,0,0,0.0,0,0,0,0,0
x8.023382194380051_y22.157616652164_d4,0,0,0,0,0,0.0,0,0,0,0
x3.8243384515142695_y17.411578616312514_d4,0,0,0,0,0.0,0,0,0,0,0
x25.880605005129624_y11.866699700752822_d4,0,0,0,0,0.0,0,0,0,0,0
x44.903117860686756_y16.814557782413033_d4,0,0,0,0,0,0.0,0,0,0,0
x16.02826639933968_y0.07748852710967036_d4,0,0,0,0,0,0.0,0,0,0,0
x0.2594813628222503_y24.255545097339596_d4,0,0,0,0,0,0.0,0,0,0,0
x34.01743330075008_y1.5801904584657662_d4,0,0,0,0,0,0.0,0,0,0,0
x20.160901652276504_y15.826550170483678_d4,0,0,0,0,0,0.0,0,0,0,0
x18.396379026852067_y11.412997281566383_d4,0,0,0,0,0.0,0,0,0,0,0
x41.08592817901688_y10.069168991829594_d4,0,0,0,0,0.0,0,0,0,0,0
x29.63901353383043_y8.862651343793413_d4,0,0,0,0,0,0.0,0,0,0,0
x17.59464980965213_y18.03516669899881_d4,0,0,0,0,0,0.0,0,0,0,0
x13.33484388002219_y14.101609008348296_d4,0,0,0,0,0,0.0,0,0,0,0
x13.611468052677129_y2.051443634123648_d4,0,0,0,0,0,0.0,0,0,0,0
x12.095085210074242_y10.807037029532465_d4,0,0,0,0,0,0.0,0,0,0,0
x8.970503493674443_y10.831968321897179_d4,0,0,0,0,0.0,0,0,0,0,0
x49.1713121130321_y9.995042305613147_d4,0,0,0,0,0.0,0,0,0,0,0
x46.82340500704872_y23.519541481165284_d4,0,0,0,0,0.0,0,0,0,0,0
x38.24972237830402_y4.726566496633355_d4,0,0,0,0,0,0.0,0,0,0,0
x4.862899739382032_y12.444422695633545_d4,0,0,0,0,0,0.0,0,0,0,0
x8.451270306458063_y21.489520910490537_d4,0,0,0,0,0.0,0,0,0,0,0
x23.659502385494857_y11.993846754926956_d4,0,0,0,0,0,0.0,0,0,0,0
x21.18531767277364_y21.428122937614184_d4,0,0,0,0,0.0,0,0,0,0,0
x20.189637033366726_y9.995303500233268_d4,0,0,0,0,0,0.0,0,0,0,0
x18.737635245370747_y16.54018220865022_d4,0,0,0,0,0,0.0,0,0,0,0
x33.589715036132354_y8.102067287438175_d4,0,0,0,0,0.0,0,0,0,0,0
x42.83776235348242_y9.991684302536191_d4,0,0,0,0,0.0,0,0,0,0,0
x20.251780664847495_y10.134339571213902_d4,0,0,0,0,0.0,0,0,0,0,0
x36.86271212982387_y2.7446114515625175_d4,0,0,0,0,0,0.0,0,0,0,0
x1.481740906515061_y22.232182901966972_d4,0,0,0,0,0,0.0,0,0,0,0
x1.4595117424456627_y13.3729213731771_d4,0,0,0,0,0.0,0,0,0,0,0
x18.25499385300049_y4.7641728735017015_d4,0,0,0,0,0.0,0,0,0,0,0
x38.53372478588553_y18.01318793990015_d4,0,0,0,0,0,0.0,0,0,0,0
x45.55985807383639_y22.12379732288598_d4,0,0,0,0,0,0.0,0,0,0,0
x13.251984918224103_y1.653736552923868_d4,0,0,0,0,0.0,0,0,0,0,0
x26.86395126779039_y6.864376221112245_d4,0,0,0,0,0.0,0,0,0,0,0
x3.5205415567307163_y10.546112945493617_d4,0,0,0,0,0.0,0,0,0,0,0
x9.979807106005717_y10.824605157029518_d4,0,0,0,0,0,0.0,0,0,0,0
x1.447627451348027_y22.392282280255085_d4,0,0,0,0,0.0,0,0,0,0,0
x13.045224969052988_y12.39925738433674_d4,0,0,0,0,0,0.0,0,0,0,0
x34.53923880782648_y24.683718926849206_d4,0,0,0,0,0,0.0,0,0,0,0
x22.79492188284664_y16.058793734086517_d4,0,0,0,0,0.0,0,0,0,0,0
x4.874669210754262_y21.296342484165038_d4,0,0,0,0,0.0,0,0,0,0,0
x30.449430711038396_y14.47528016061834_d4,0,0,0,0,0.0,0,0,0,0,0
x44.094825154841615_y17.990503946057203_d4,0,0,0,0,0,0.0,0,0,0,0
x40.13460699483889_y20.909100687038258_d4,0,0,0,0,0.0,0,0,0,0,0
x26.038071862093027_y6.6801757965579664_d4,0,0,0,0,0,0.0,0,0,0,0
x42.93887341159511_y11.462579176661125_d4,0,0,0,0,0,0.0,0,0,0,0
x21.29729725472009_y2.347361715079288_d4,0,0,0,0,0,0.0,0,0,0,0
x44.03390615235398_y23.625669423509784_d4,0,0,0,0,0,0.0,0,0,0,0
x44.76725569596419_y1.6270620360746169_d4,0,0,0,0,0,0.0,0,0,0,0
x12.244473971004972_y5.411431523605245_d4,0,0,0,0,0.0,0,0,0,0,0
x36.0715055071103_y12.072290564532251_d4,0,0,0,0,0.0,0,0,0,0,0
x38.90857977251271_y21.105874038825604_d4,0,0,0,0,0.0,0,0,0,0,0
x15.041196287741842_y1.9742477346273684_d4,0,0,0,0,0,0.0,0,0,0,0
x39.10446886129628_y6.176130301385943_d4,0,0,0,0,0.0,0,0,0,0,0
x5.380885257479095_y14.205439841746125_d4,0,0,0,0,0.0,0,0,0,0,0
x46.76509429422231_y19.306639577426736_d4,0,0,0,0,0,0.0,0,0,0,0
x19.58984692823329_y6.054464853152136_d4,0,0,0,0,0.0,0,0,0,0,0
x1.9996400950358484_y15.992627651878175_d4,0,0,0,0,0.0,0,0,0,0,0
x35.25737703195399_y14.90162475202893_d4,0,0,0,0,0,0.0,0,0,0,0
x30.009660459139482_y16.35204828716203_d4,0,0,0,0,0.0,0,0,0,0,0
x31.08327182266289_y7.214248941292389_d4,0,0,0,0,0,0.0,0,0,0,0
x4.068585936886948_y8.050433394132794_d4,0,0,0,0,0,0.0,0,0,0,0
x21.270086267752735_y1.5888443709039608_d4,0,0,0,0,0.0,0,0,0,0,0
x36.31135915477106_y16.951485255300312_d4,0,0,0,0,0.0,0,0,0,0,0
x4.412411978616637_y15.055729422408644_d4,0,0,0,0,0,0.0,0,0,0,0
x7.957311847112142_y15.142798931756971_d4,0,0,0,0,0.0,0,0,0,0,0
x42.723001404651356_y13.865084724861859_d4,0,0,0,0,0.0,0,0,0,0,0
x4.003054667021683_y12.928431908206745_d4,0,0,0,0,0,0.0,0,0,0,0
x20.905460587400043_y4.32378385677891_d4,0,0,0,0,0.0,0,0,0,0,0
x27.295879823395225_y14.720292739995505_d4,0,0,0,0,0,0.0,0,0,0,0
x20.48631028153718_y9.337775353892091_d4,0,0,0,0,0,0.0,0,0,0,0
x48.64558716762012_y21.80756274706739_d4,0,0,0,0,0.0,0,0,0,0,0
x25.506399996696416_y3.1922160385167735_d4,0,0,0,0,0,0.0,0,0,0,0
x45.97537034529103_y17.76139398761229_d4,0,0,0,0,0.0,0,0,0,0,0
x29.279669056758777_y6.3406426938095395_d4,0,0,0,0,0.0,0,0,0,0,0
x14.141842608804145_y8.490776104154978_d4,0,0,0,0,0,0.0,0,0,0,0
x24.594611585417226_y22.474027305675794_d4,0,0,0,0,0.0,0,0,0,0,0
x13.320395111049294_y7.4566105222275025_d4,0,0,0,0,0,0.0,0,0,0,0
x29.368765401195596_y20.239834546398846_d4,0,0,0,0,0.0,0,0,0,0,0
x36.377349566576484_y7.247836239798885_d4,0,0,0,0,0,0.0,0,0,0,0
x12.104985414292797_y17.113818478683093_d4,0,0,0,0,0,0.0,0,0,0,0
x36.79469484038665_y3.5376621405475066_d4,0,0,0,0,0,0.0,0,0,0,0
x2.2617245042362955_y8.13242019123755_d4,0,0,0,0,0,0.0,0,0,0,0
x31.058462368352735_y12.454489144073586_d4,0,0,0,0,0,0.0,0,0,0,0
x38.15825037711409_y7.787151712308033_d4,0,0,0,0,0,0.0,0,0,0,0
x45.9273225595175_y3.0030045540868993_d4,0,0,0,0,0.0,0,0,0,0,0
x23.16720083782628_y6.615488242243078_d4,0,0,0,0,0,0.0,0,0,0,0
x5.794923441293987_y22.496668575000754_d4,0,0,0,0,0.0,0,0,0,0,0
x4.369134491850008_y9.66118515720044_d4,0,0,0,0,0,0.0,0,0,0,0
x15.319132559874044_y24.718725077316936_d4,0,0,0,0,0,0.0,0,0,0,0
x32.86594583085709_y12.933152087902004_d4,0,0,0,0,0,0.0,0,0,0,0
x5.203938318284246_y15.360951577659993_d4,0,0,0,0,0,0.0,0,0,0,0
x1.9278623029499176_y19.32775131263548_d4,0,0,0,0,0.0,0,0,0,0,0
x32.22101406861997_y8.493909488072996_d4,0,0,0,0,0,0.0,0,0,0,0
x49.650065723906096_y4.113317991398299_d4,0,0,0,0,0,0.0,0,0,0,0
x11.36812245387509_y1.7212991123343486_d4,0,0,0,0,0,0.0,0,0,0,0
x48.87589116053282_y12.593695468944755_d4,0,0,0,0,0.0,0,0,0,0,0
x23.779455854242187_y20.500560896743796_d4,0,0,0,0,0.0,0,0,0,0,0
x36.388563660720905_y20.379984882857837_d4,0,0,0,0,0.0,0,0,0,0,0
x48.729432807251044_y22.28951217436062_d4,0,0,0,0,0,0.0,0,0,0,0
x24.003044391037783_y13.054396725052978_d4,0,0,0,0,0,0.0,0,0,0,0
x5.902078234737374_y19.61826423397214_d4,0,0,0,0,0,0.0,0,0,0,0
x16.116676902330905_y7.91251863634016_d4,0,0,0,0,0,0.0,0,0,0,0
x3.6175184209580156_y7.002843707645931_d4,0,0,0,0,0,0.0,0,0,0,0
x48.5039051395509_y11.103035231365304_d4,0,0,0,0,0.0,0,0,0,0,0
x23.35597035844184_y1.8891640548124977_d4,0,0,0,0,0,0.0,0,0,0,0
x0.484165849262419_y3.40892518385153_d4,0,0,0,0,0,0.0,0,0,0,0
x46.114925183372385_y12.309035167272103_d4,0,0,0,0,0,0.0,0,0,0,0
x21.741331820873672_y10.345025504236194_d4,0,0,0,0,0.0,0,0,0,0,0
x16.141476877404376_y5.739186117298745_d4,0,0,0,0,0,0.0,0,0,0,0
x11.52058508160575_y2.953167541869395_d4,1,0,1,0,0.0,0,0,0,263.0,0
x11.432327549147276_y16.928528602785605_d4,0,0,0,0,0,0.0,0,0,0,0
x18.31221598231278_y23.27098636120006_d4,0,0,0,0,0,0.0,0,0,0,0
x8.93178191784077_y2.8965363336095673_d4,2,0,1,0,0.003374570585892945,0,4.9504950495049505,0,186.0,0
x47.68378482136565_y14.557993326301382_d4,0,0,0,0,0.0,0,0,0,0,0
x39.74938931193338_y0.8089058140199751_d4,0,0,0,0,0,0.0,0,0,0,0
x24.472931771734906_y6.091946882030805_d4,0,0,0,0,0,0.0,0,0,0,0
x11.791711205281775_y15.512497506999692_d4,0,0,0,0,0,0.0,0,0,0,0
x6.697444535149693_y23.27691481417888_d4,0,0,0,0,0,0.0,0,0,0,0
x12.634996722673286_y1.818852116139763_d4,0,0,0,0,0,0.0,0,0,0,0
x9.267429348969142_y24.895382323990876_d4,0,0,0,0,0.0,0,0,0,0,0
x22.51122346147628_y7.2075138342347715_d4,0,0,0,0,0,0.0,0,0,0,0
x6.364701271003737_y13.145223826918073_d4,0,0,0,0,0.0,0,0,0,0,0
x31.335323797955244_y18.188590239768747_d4,0,0,0,0,0.0,0,0,0,0,0
x9.976476673828284_y12.31581081696711_d4,0,0,0,0,0.0,0,0,0,0,0
x48.46029358588426_y6.6408136885361815_d4,0,0,0,0,0.0,0,0,0,0,0
x15.531460914565315_y19.780685775477806_d4,0,0,0,0,0,0.0,0,0,0,0
x20.687921440643738_y16.926113483257158_d4,0,0,0,0,0,0.0,0,0,0,0
x4.586404824610074_y5.7319023494863615_d4,0,0,0,0,0,0.0,0,0,0,0
x27.502725463815697_y20.805971526222486_d4,0,0,0,0,0.0,0,0,0,0,0
x45.50363083990953_y0.6995497789839822_d4,0,0,0,0,0.0,0,0,0,0,0
x48.27583195687367_y21.475065991451466_d4,0,0,0,0,0.0,0,0,0,0,0
x34.575405391576766_y2.722593471033155_d4,0,0,0,0,0.0,0,0,0,0,0
x28.147372096576827_y18.26195130509842_d4,0,0,0,0,0.0,0,0,0,0,0
x12.181176233044933_y24.94793811088856_d4,0,0,0,0,0,0.0,0,0,0,0
x2.145309520127908_y17.52139123619344_d4,0,0,0,0,0,0.0,0,0,0,0
x7.8941935130301175_y19.671500682882467_d4,0,0,0,0,0,0.0,0,0,0,0
x44.25109256059031_y2.5062936018962145_d4,0,0,0,0,0,0.0,0,0,0,0
x48.35274590386098_y15.376450515877405_d4,0,0,0,0,0,0.0,0,0,0,0
x13.31419942129093_y20.18546318000287_d4,0,0,0,0,0.0,0,0,0,0,0
x49.2554339668566_y19.584916137870145_d4,0,0,0,0,0,0.0,0,0,0,0
x28.67219689205802_y11.460310861143459_d4,0,0,0,0,0,0.0,0,0,0,0
x21.179381835715223_y8.943947102008467_d4,0,0,0,0,0.0,0,0,0,0,0
x35.8016324277222_y1.409304052975477_d4,0,0,0,0,0,0.0,0,0,0,0
x45.311570989364206_y20.409107637996403_d4,0,0,0,0,0,0.0,0,0,0,0
x48.11975369054002_y2.763057351316514_d4,0,0,0,0,0,0.0,0,0,0,0
x41.18765801315121_y6.885631592575622_d4,0,0,0,0,0.0,0,0,0,0,0
x34.79734294075941_y10.310838735871606_d4,0,0,0,0,0.0,0,0,0,0,0
x31.91950528884743_y7.021487365806067_d4,0,0,0,0,0,0.0,0,0,0,0
x19.61594700327297_y5.530453193289809_d4,0,0,0,0,0,0.0,0,0,0,0
x22.4192836618614_y10.078679545179273_d4,0,0,0,0,0.0,0,0,0,0,0
x17.494884025193947_y17.660264441675274_d4,0,0,0,0,0.0,0,0,0,0,0
x9.073816015208447_y4.15723925021472_d4,20,0,1,0,12.887226340274738,0,40.0,0,72.0,0
x7.969685357276829_y16.118358498198727_d4,0,0,0,0,0.0,0,0,0,0,0
x49.38791946575242_y22.184076552091323_d4,0,0,0,0,0.0,0,0,0,0,0
x37.55161497674594_y3.8994482008614133_d4,0,0,0,0,0.0,0,0,0,0,0
x5.178923172418609_y0.4524089550368787_d4,0,0,0,0,0,0.0,0,0,0,0
x42.120090797055234_y9.080599047887238_d4,0,0,0,0,0.0,0,0,0,0,0
x24.313604316465742_y14.703786510882482_d4,0,0,0,0,0,0.0,0,0,0,0
x46.60398192314375_y15.042838875906108_d4,0,0,0,0,0,0.0,0,0,0,0
x6.77742165542532_y18.00664631261895_d4,0,0,0,0,0,0.0,0,0,0,0
x45.221987896805416_y19.485218301227487_d4,0,0,0,0,0,0.0,0,0,0,0
x33.73414088467168_y16.82976321807823_d4,0,0,0,0,0,0.0,0,0,0,0
x32.47671120876484_y23.19940416495895_d4,0,0,0,0,0,0.0,0,0,0,0
x18.99469518930087_y14.011264717744506_d4,0,0,0,0,0,0.0,0,0,0,0
x38.86889294514897_y3.5882142184716415_d4,0,0,0,0,0.0,0,0,0,0,0
x47.109235950902395_y22.20662601360109_d4,0,0,0,0,0,0.0,0,0,0,0
x32.360898629231336_y9.643476650338581_d4,0,0,0,0,0.0,0,0,0,0,0
x17.214458234946946_y13.721231684982618_d4,0,0,0,0,0,0.0,0,0,0,0
x40.378190207993676_y1.2751827207188953_d4,0,0,0,0,0,0.0,0,0,0,0
x28.3846374418422_y24.57497837291331_d4,0,0,0,0,0,0.0,0,0,0,0
x3.04461127885412_y22.14490848563219_d4,0,0,0,0,0,0.0,0,0,0,0
x5.930775918288295_y23.456403424099058_d4,0,0,0,0,0.0,0,0,0,0,0
x22.327336951124128_y2.3674307770321006_d4,0,0,0,0,0,0.0,0,0,0,0
x9.290837411299785_y2.618402667032332_d4,0,0,0,0,0.0,0,0,0,0,0
x35.07203757936315_y15.612436910132676_d4,0,0,0,0,0.0,0,0,0,0,0
x20.084409250199435_y2.144865012995878_d4,0,0,0,0,0.0,0,0,0,0,0
x8.465634527180038_y24.127374330449236_d4,0,0,0,0,0.0,0,0,0,0,0
x16.89204334695188_y7.5813205110443596_d4,0,0,0,0,0,0.0,0,0,0,0
x48.58815380569755_y9.096119377290945_d4,0,0,0,0,0,0.0,0,0,0,0
x23.800157902998347_y24.725803352047862_d4,0,0,0,0,0,0.0,0,0,0,0
x5.945847107300678_y10.438480024921414_d4,0,0,0,0,0,0.0,0,0,0,0
x7.2717801702683325_y4.851452216169555_d4,0,2,0,1,0,0.0010535753606651852,0,1.5455950540958268,0,72.0
x17.954854386514814_y22.192520893182994_d4,0,0,0,0,0,0.0,0,0,0,0
x28.680487348340773_y23.876167025157073_d4,0,0,0,0,0,0.0,0,0,0,0
x39.30942497325304_y18.700569983581747_d4,0,0,0,0,0,0.0,0,0,0,0
x46.104694171154_y15.946007477143429_d4,0,0,0,0,0.0,0,0,0,0,0
x22.04237498372741_y13.811008734413669_d4,0,0,0,0,0.0,0,0,0,0,0
x33.75629569103785_y0.5339670734587076_d4,0,0,0,0,0.0,0,0,0,0,0
x6.290557974200733_y5.125285338563057_d4,0,0,0,0,0,0.0,0,0,0,0
x2.5526532345961805_y8.281722007318157_d4,0,0,0,0,0.0,0,0,0,0,0
x16.91406959487277_y9.161998402842173_d4,0,0,0,0,0,0.0,0,0,0,0
x41.55155569976891_y16.513404428613505_d4,0,0,0,0,0.0,0,0,0,0,0
x46.05297971525544_y6.017399554534728_d4,0,0,0,0,0,0.0,0,0,0,0
x21.767673316257852_y19.886413169407867_d4,0,0,0,0,0,0.0,0,0,0,0
x25.501010053284585_y6.311829965153737_d4,0,0,0,0,0,0.0,0,0,0,0
x38.45777624942956_y17.79676127233305_d4,0,0,0,0,0.0,0,0,0,0,0
x28.52117052951299_y6.841938723233324_d4,0,0,0,0,0.0,0,0,0,0,0
x30.738494307214943_y0.9282400972861954_d4,0,0,0,0,0.0,0,0,0,0,0
x37.993662046855356_y19.81795910275497_d4,0,0,0,0,0,0.0,0,0,0,0
x41.17358595337686_y21.653367658118274_d4,0,0,0,0,0,0.0,0,0,0,0
x27.632293494258487_y6.280002913118077_d4,0,0,0,0,0.0,0,0,0,0,0
x27.899370030481634_y24.561122075017746_d4,0,0,0,0,0.0,0,0,0,0,0
x11.615824985576667_y13.147915998048095_d4,0,0,0,0,0,0.0,0,0,0,0
x13.565305062923311_y6.4514803134601815_d4,0,0,0,0,0,0.0,0,0,0,0
x4.208904113352258_y10.496441217900696_d4,0,0,0,0,0,0.0,0,0,0,0
x8.446305793228282_y9.351565625183142_d4,0,0,0,0,0.0,0,0,0,0,0
x0.7390462964370736_y20.068341363834573_d4,0,0,0,0,0,0.0,0,0,0,0
x40.51510407716161_y14.439752251083718_d4,0,0,0,0,0.0,0,0,0,0,0
x18.564347214124965_y19.164776265153957_d4,0,0,0,0,0,0.0,0,0,0,0
x5.268625455800463_y24.112770387372507_d4,0,0,0,0,0,0.0,0,0,0,0
x44.305900759858076_y21.583252950919896_d4,0,0,0,0,0,0.0,0,0,0,0
x39.66408363785241_y16.49926371308156_d4,0,0,0,0,0,0.0,0,0,0,0
x22.857481220376663_y20.055394440273087_d4,0,0,0,0,0,0.0,0,0,0,0
x37.81436157505579_y2.0947838227521136_d4,0,0,0,0,0,0.0,0,0,0,0
x45.85759836222817_y4.248374645009726_d4,0,0,0,0,0.0,0,0,0,0,0
x43.665971395095184_y11.11197388380675_d4,0,0,0,0,0,0.0,0,0,0,0
x34.89969098774503_y13.54555996970396_d4,0,0,0,0,0,0.0,0,0,0,0
x15.918946833308828_y4.203552950570508_d4,0,0,0,0,0,0.0,0,0,0,0
x14.32267723905562_y22.541260899181342_d4,0,0,0,0,0,0.0,0,0,0,0
x30.8748633833643_y24.63446411417765_d4,0,0,0,0,0,0.0,0,0,0,0
x24.357406345868732_y24.75921305348949_d4,0,0,0,0,0,0.0,0,0,0,0
x16.854053107496576_y10.755886950630511_d4,0,0,0,0,0,0.0,0,0,0,0
x7.208952317085221_y9.905862044289274_d4,0,0,0,0,0.0,0,0,0,0,0
x10.009494410422809_y16.84133173961588_d4,0,0,0,0,0,0.0,0,0,0,0
x38.55459476247438_y13.20799981431625_d4,0,0,0,0,0,0.0,0,0,0,0
x10.565077923929172_y1.1232445266421198_d4,0,0,0,0,0,0.0,0,0,0,0
x6.615283742653144_y4.8309073118639025_d4,0,0,0,0,0,0.0,0,0,0,0
x14.937515542597046_y6.376594632915985_d4,0,0,0,0,0,0.0,0,0,0,0
x3.255924036345598_y17.790362414755432_d4,0,0,0,0,0,0.0,0,0,0,0
x5.334122340135671_y10.219345736745932_d4,0,0,0,0,0.0,0,0,0,0,0
x22.891758999617274_y12.812209401475306_d4,0,0,0,0,0,0.0,0,0,0,0
x44.23824111496899_y17.549439879154928_d4,0,0,0,0,0,0.0,0,0,0,0
x38.581606521089995_y8.496075999811579_d4,0,0,0,0,0.0,0,0,0,0,0
x5.199403877171021_y22.697461437765703_d4,0,0,0,0,0,0.0,0,0,0,0
x39.62494528044583_y20.891150939586893_d4,0,0,0,0,0,0.0,0,0,0,0
x2.223392172313854_y12.807751497542688_d4,0,0,0,0,0.0,0,0,0,0,0
x15.143909185340615_y16.120673961906483_d4,0,0,0,0,0,0.0,0,0,0,0
x45.106560740211606_y11.468072215337566_d4,0,0,0,0,0,0.0,0,0,0,0
x47.46849482429988_y6.62395319671614_d4,0,0,0,0,0.0,0,0,0,0,0
x33.57638483828791_y21.074332410027104_d4,0,0,0,0,0.0,0,0,0,0,0
x22.143651231110624_y22.45219387817459_d4,0,0,0,0,0.0,0,0,0,0,0
x25.738355201759315_y3.510988034276324_d4,0,0,0,0,0,0.0,0,0,0,0
x9.99395402443009_y14.378473589455487_d4,0,0,0,0,0,0.0,0,0,0,0
x23.152502502191368_y7.682664126940147_d4,0,0,0,0,0,0.0,0,0,0,0
x46.29966853538645_y6.314176302471653_d4,0,0,0,0,0,0.0,0,0,0,0
x18.720699193987002_y8.845475814316023_d4,0,0,0,0,0.0,0,0,0,0,0
x37.974504826077556_y3.1426822975743534_d4,0,0,0,0,0,0.0,0,0,0,0
x11.387049667364323_y11.169833009227029_d4,0,0,0,0,0,0.0,0,0,0,0
x19.542718490192755_y24.283994907442246_d4,0,0,0,0,0.0,0,0,0,0,0
x39.903950987799874_y13.774849254637155_d4,0,0,0,0,0,0.0,0,0,0,0
x48.046601953175184_y15.69292306862451_d4,0,0,0,0,0,0.0,0,0,0,0
x30.063858628688816_y19.298271685223998_d4,0,0,0,0,0.0,0,0,0,0,0
x39.493475155456245_y7.931504931249569_d4,0,0,0,0,0,0.0,0,0,0,0
x21.418925655292814_y23.078975529343506_d4,0,0,0,0,0.0,0,0,0,0,0
x13.702028583082694_y23.01368958323258_d4,0,0,0,0,0,0.0,0,0,0,0
x44.04990303930656_y13.898442220215168_d4,0,0,0,0,0,0.0,0,0,0,0
x46.54385182092015_y17.359847216648287_d4,0,0,0,0,0,0.0,0,0,0,0
x35.877975010626294_y18.45378864227641_d4,0,0,0,0,0,0.0,0,0,0,0
x23.479407023985075_y5.398989002860111_d4,0,0,0,0,0,0.0,0,0,0,0
x6.921842068217571_y4.849769940004933_d4,0,2,0,1,0,0.0010552062822761223,0,1.5479876160990713,0,88.0
x40.243922427711944_y24.958871927481738_d4,0,0,0,0,0,0.0,0,0,0,0
x6.374944088499424_y21.016022705011945_d4,0,0,0,0,0.0,0,0,0,0,0
x38.57028617943723_y1.810571430002375_d4,0,0,0,0,0,0.0,0,0,0,0
x31.682162701985977_y3.3607015313145636_d4,0,0,0,0,0.0,0,0,0,0,0
x34.43241584918567_y1.0613622181380622_d4,0,0,0,0,0,0.0,0,0,0,0
x23.74424388263402_y10.897075211367909_d4,0,0,0,0,0.0,0,0,0,0,0
x17.899196843059816_y10.87854966290824_d4,0,0,0,0,0,0.0,0,0,0,0
x18.307340263438178_y9.280324416040212_d4,0,0,0,0,0.0,0,0,0,0,0
x2.0437430047009153_y6.4455423577134106_d4,0,0,0,0,0,0.0,0,0,0,0
x15.769360206652772_y5.887061897446441_d4,0,0,0,0,0,0.0,0,0,0,0
x38.48945103389173_y19.222985905370543_d4,0,0,0,0,0,0.0,0,0,0,0
x29.407883524558585_y0.8566760088057374_d4,0,0,0,0,0,0.0,0,0,0,0
x21.290877364705203_y16.576538387875107_d4,0,0,0,0,0.0,0,0,0,0,0
x4.9379943395277515_y18.715150145739447_d4,0,0,0,0,0,0.0,0,0,0,0
x45.77038244259003_y3.664593403776417_d4,0,0,0,0,0,0.0,0,0,0,0
x8.995318526501583_y12.544191431824537_d4,0,0,0,0,0,0.0,0,0,0,0
x29.281406721785046_y14.779273254144062_d4,0,0,0,0,0.0,0,0,0,0,0
x38.821052642352335_y18.34406655604637_d4,0,0,0,0,0.0,0,0,0,0,0
x19.656120761170854_y14.74279544982308_d4,0,0,0,0,0,0.0,0,0,0,0
x2.6764810103659054_y4.540559866142208_d4,0,0,0,0,0.0,0,0,0,0,0
x11.371569092053102_y21.175433603400677_d4,0,0,0,0,0,0.0,0,0,0,0
x11.290442530107326_y18.784525057131134_d4,0,0,0,0,0,0.0,0,0,0,0
x42.26822593338815_y19.450971173117473_d4,0,0,0,0,0.0,0,0,0,0,0
x2.1381568973899423_y0.009183593786446509_d4,0,0,0,0,0.0,0,0,0,0,0
x27.050450682030203_y10.162336770774843_d4,0,0,0,0,0,0.0,0,0,0,0
x40.090793352984726_y4.63282298948417_d4,0,0,0,0,0.0,0,0,0,0,0
x47.281803359019385_y11.543847955731662_d4,0,0,0,0,0.0,0,0,0,0,0
x39.947658200408995_y1.9498204468956142_d4,0,0,0,0,0,0.0,0,0,0,0
x20.289442031074458_y24.560206411983238_d4,0,0,0,0,0,0.0,0,0,0,0
x26.415756352867533_y16.79224644027134_d4,0,0,0,0,0,0.0,0,0,0,0
x12.10066051792067_y6.257446624923538_d4,0,3,0,1,0,0.3509201982696911,0,26.31578947368421,0,66.0
x28.103305537735956_y11.405562549038828_d4,0,0,0,0,0,0.0,0,0,0,0
x4.756171835658652_y12.12355036603919_d4,0,0,0,0,0,0.0,0,0,0,0
x34.767323406976494_y2.321280326699199_d4,0,0,0,0,0.0,0,0,0,0,0
x47.533005018188554_y15.045064367624692_d4,0,0,0,0,0,0.0,0,0,0,0
x39.37258043068544_y12.284501756419669_d4,0,0,0,0,0,0.0,0,0,0,0
x2.2125985657634795_y10.781446171047454_d4,0,0,0,0,0,0.0,0,0,0,0
x6.481579636294022_y1.032658672477285_d4,0,0,0,0,0.0,0,0,0,0,0
x16.954729423870152_y4.7183052739846465_d4,0,0,0,0,0,0.0,0,0,0,0
x1.9523629981402446_y10.88165398369105_d4,0,0,0,0,0,0.0,0,0,0,0
x44.982585166383444_y2.911581354047904_d4,0,0,0,0,0.0,0,0,0,0,0
x12.380754243422182_y3.087380633846873_d4,0,0,0,0,0.0,0,0,0,0,0
x36.42369827705074_y22.516880970221628_d4,0,0,0,0,0,0.0,0,0,0,0
x35.89263336097652_y6.245073920152241_d4,0,0,0,0,0.0,0,0,0,0,0
x20.797665731488973_y5.781373824492212_d4,0,0,0,0,0.0,0,0,0,0,0
x14.709043993567578_y8.847602754494643_d4,0,0,0,0,0.0,0,0,0,0,0
x5.843357426986357_y10.312037207958152_d4,0,0,0,0,0,0.0,0,0,0,0
x44.23110284224213_y5.161285281157868_d4,0,0,0,0,0,0.0,0,0,0,0
x28.5019520398306_y13.79444433666045_d4,0,0,0,0,0,0.0,0,0,0,0
x44.907740949094574_y23.146176764057863_d4,0,0,0,0,0.0,0,0,0,0,0
x21.32969547994395_y0.6137029130994398_d4,0,0,0,0,0.0,0,0,0,0,0
x8.634834307752465_y12.038833865705142_d4,0,0,0,0,0.0,0,0,0,0,0
x24.678926557308834_y20.643454713927408_d4,0,0,0,0,0,0.0,0,0,0,0
x48.82013000593623_y16.14021693069234_d4,0,0,0,0,0.0,0,0,0,0,0
x38.096325572479955_y22.269108661252332_d4,0,0,0,0,0,0.0,0,0,0,0
x33.10337066987902_y13.789389876969924_d4,0,0,0,0,0.0,0,0,0,0,0
x19.21365876211592_y17.585175766536835_d4,0,0,0,0,0.0,0,0,0,0,0
x32.1287823143191_y9.034281202466083_d4,0,0,0,0,0,0.0,0,0,0,0
x10.375636703368423_y19.711709675611033_d4,0,0,0,0,0.0,0,0,0,0,0
x9.824842276254897_y0.7470284897759388_d4,0,0,0,0,0.0,0,0,0,0,0
x48.694666198693476_y17.51583361601357_d4,0,0,0,0,0,0.0,0,0,0,0
x12.828373714089897_y19.34581932088032_d4,0,0,0,0,0,0.0,0,0,0,0
x23.46921775725765_y18.98625628644107_d4,0,0,0,0,0.0,0,0,0,0,0
x20.024598923266918_y10.592532217641903_d4,0,0,0,0,0,0.0,0,0,0,0
x42.22352462093672_y19.290070167358746_d4,0,0,0,0,0,0.0,0,0,0,0
x3.6300033273802654_y19.166732525696876_d4,0,0,0,0,0.0,0,0,0,0,0
x28.90402943614102_y21.979813983484707_d4,0,0,0,0,0.0,0,0,0,0,0
x42.0008348867639_y16.53944120574585_d4,0,0,0,0,0.0,0,0,0,0,0
x23.243919993846006_y24.06019976455389_d4,0,0,0,0,0,0.0,0,0,0,0
x28.05604637148874_y20.913679515479945_d4,0,0,0,0,0.0,0,0,0,0,0
x14.680840990170507_y24.205109777262717_d4,0,0,0,0,0.0,0,0,0,0,0
x10.920669091598228_y17.087235991793158_d4,0,0,0,0,0,0.0,0,0,0,0
x38.56444780746655_y13.788712677081932_d4,0,0,0,0,0,0.0,0,0,0,0
x47.79808753541256_y23.956983346052645_d4,0,0,0,0,0,0.0,0,0,0,0
x48.33258371344378_y24.36757553616839_d4,0,0,0,0,0,0.0,0,0,0,0
x49.454403767842685_y20.452526250600727_d4,0,0,0,0,0.0,0,0,0,0,0
x12.53107144834794_y21.315233920503_d4,0,0,0,0,0.0,0,0,0,0,0
x8.882586865001402_y2.464447748155191_d4,0,2,0,1,0,0.0010552062822761223,0,1.5479876160990713,0,89.0
x15.684752701115851_y12.810212050620995_d4,0,0,0,0,0.0,0,0,0,0,0
x46.05633498889469_y12.644965819169796_d4,0,0,0,0,0,0.0,0,0,0,0
x21.509042881952706_y22.72731892571408_d4,0,0,0,0,0.0,0,0,0,0,0
x48.51876639186083_y4.381887989077255_d4,0,0,0,0,0.0,0,0,0,0,0
x38.957696226245695_y12.26372636984832_d4,0,0,0,0,0,0.0,0,0,0,0
x34.81454233699077_y22.269480137540377_d4,0,0,0,0,0.0,0,0,0,0,0
x14.238985251547714_y11.115634002560501_d4,0,0,0,0,0,0.0,0,0,0,0
x38.667750880639346_y12.696841660066921_d4,0,0,0,0,0.0,0,0,0,0,0
x6.6574095767884085_y22.94691542482784_d4,0,0,0,0,0.0,0,0,0,0,0
x22.72949336152414_y5.240068221929889_d4,0,0,0,0,0.0,0,0,0,0,0
x43.504989514721096_y15.204289641919486_d4,0,0,0,0,0.0,0,0,0,0,0
x22.711615586732126_y19.785523406241857_d4,0,0,0,0,0,0.0,0,0,0,0
x16.83200650406434_y10.662030153502574_d4,0,0,0,0,0.0,0,0,0,0,0
x46.60283647484496_y19.194439840503332_d4,0,0,0,0,0,0.0,0,0,0,0
x16.34711248870953_y2.620855181331272_d4,0,0,0,0,0.0,0,0,0,0,0
x33.61364123151463_y0.8184472361411455_d4,0,0,0,0,0.0,0,0,0,0,0
x12.7144065138672_y16.648785268860404_d4,0,0,0,0,0,0.0,0,0,0,0
x0.1930013140620801_y22.189990935639088_d4,0,0,0,0,0.0,0,0,0,0,0
x40.98785062092502_y17.87087765069321_d4,0,0,0,0,0,0.0,0,0,0,0
x27.920501327293994_y17.954663152229596_d4,0,0,0,0,0,0.0,0,0,0,0
x13.631772793092189_y1.053775017972769_d4,0,0,0,0,0,0.0,0,0,0,0
x46.14571453162427_y15.425880266028125_d4,0,0,0,0,0,0.0,0,0,0,0
x3.416818871942379_y12.520704750040546_d4,0,0,0,0,0.0,0,0,0,0,0
x46.82585722056312_y6.4203259190046715_d4,0,0,0,0,0,0.0,0,0,0,0
x34.18007501767785_y6.718734676918387_d4,0,0,0,0,0.0,0,0,0,0,0
x27.649216720164837_y17.41695654552442_d4,0,0,0,0,0,0.0,0,0,0,0
x46.387653966185205_y13.428510477081016_d4,0,0,0,0,0.0,0,0,0,0,0
x45.520477583912324_y18.73842052857022_d4,0,0,0,0,0.0,0,0,0,0,0
x5.877297037803175_y9.541343666135804_d4,0,0,0,0,0,0.0,0,0,0,0
x9.439095789190416_y7.788705642330693_d4,0,1,0,1,0,0.0,0,0,0,100.0
x32.21985704752841_y1.50948705063991_d4,0,0,0,0,0,0.0,0,0,0,0
x24.873992487885026_y9.254881130459044_d4,0,0,0,0,0.0,0,0,0,0,0
x6.546739863680084_y5.703322218597762_d4,0,0,0,0,0,0.0,0,0,0,0
x29.09444713172849_y3.159188133265087_d4,0,0,0,0,0,0.0,0,0,0,0
x17.82424436669745_y23.298822476398172_d4,0,0,0,0,0,0.0,0,0,0,0
x4.940291493460141_y13.569566104136953_d4,0,0,0,0,0,0.0,0,0,0,0
x6.258082898067147_y24.105243915401118_d4,0,0,0,0,0,0.0,0,0,0,0
x22.424105708959775_y20.135529181265458_d4,0,0,0,0,0,0.0,0,0,0,0
x34.54353857970393_y18.949045229971276_d4,0,0,0,0,0,0.0,0,0,0,0
x49.018753961482844_y2.5546052862175483_d4,0,0,0,0,0,0.0,0,0,0,0
x17.955325382665006_y15.415461088801852_d4,0,0,0,0,0,0.0,0,0,0,0
x6.480952425838005_y0.11968463102930427_d4,0,0,0,0,0,0.0,0,0,0,0
x47.08710716327583_y18.02608521081224_d4,0,0,0,0,0.0,0,0,0,0,0
x20.918171380434288_y23.12062184181555_d4,0,0,0,0,0,0.0,0,0,0,0
x33.57841628611073_y4.467927669669155_d4,0,0,0,0,0,0.0,0,0,0,0
x20.721943659484708_y19.782038805812345_d4,0,0,0,0,0,0.0,0,0,0,0
x32.19320183612984_y12.544328267498631_d4,0,0,0,0,0,0.0,0,0,0,0
x28.864200727149104_y4.241952889351746_d4,0,0,0,0,0.0,0,0,0,0,0
x18.316358048662757_y23.15353445802685_d4,0,0,0,0,0.0,0,0,0,0,0
x1.2615913643908072_y6.788757250161892_d4,0,0,0,0,0,0.0,0,0,0,0
x21.34097575552704_y6.702731622813476_d4,0,0,0,0,0.0,0,0,0,0,0
x9.033031077031717_y8.462862319253567_d4,0,0,0,0,0,0.0,0,0,0,0
x9.608662305351977_y19.03325690031998_d4,0,0,0,0,0,0.0,0,0,0,0
x34.79871092371715_y8.319421162454166_d4,0,0,0,0,0.0,0,0,0,0,0
x41.06517388490521_y9.491661080166974_d4,0,0,0,0,0,0.0,0,0,0,0
x40.74748038099971_y14.678050118870825_d4,0,0,0,0,0.0,0,0,0,0,0
x0.07972853021472881_y3.6362535174716495_d4,0,0,0,0,0,0.0,0,0,0,0
x25.5625808991282_y13.616495591284519_d4,0,0,0,0,0,0.0,0,0,0,0
x11.269145920402867_y19.83992605355151_d4,0,0,0,0,0,0.0,0,0,0,0
x14.378769142878573_y19.22497306764641_d4,0,0,0,0,0.0,0,0,0,0,0
x15.093277040602732_y12.418610590222457_d4,0,0,0,0,0,0.0,0,0,0,0
x37.89120538454453_y0.0018424858276522293_d4,0,0,0,0,0.0,0,0,0,0,0
x23.39735497993829_y24.20713791902217_d4,0,0,0,0,0.0,0,0,0,0,0
x18.77746775422713_y14.204056104523746_d4,0,0,0,0,0,0.0,0,0,0,0
x40.241148249486116_y17.834260135363998_d4,0,0,0,0,0.0,0,0,0,0,0
x38.51307202027417_y9.814225582782498_d4,0,0,0,0,0.0,0,0,0,0,0
x6.821618451023481_y4.160029904284718_d4,0,0,0,0,0.0,0,0,0,0,0
x38.11484562798695_y2.038530477286424_d4,0,0,0,0,0,0.0,0,0,0,0
x40.98449027872676_y12.211061668256898_d4,0,0,0,0,0.0,0,0,0,0,0
x28.74951636370572_y18.498437019571767_d4,0,0,0,0,0,0.0,0,0,0,0
x8.546740299205224_y21.641915236656885_d4,0,0,0,0,0,0.0,0,0,0,0
x19.770536045932086_y5.764865916468037_d4,0,0,0,0,0.0,0,0,0,0,0
x23.86761579385804_y8.908568368477859_d4,0,0,0,0,0.0,0,0,0,0,0
x42.809229520479484_y13.9224433962584_d4,0,0,0,0,0,0.0,0,0,0,0
x30.524486751001596_y13.640723114337137_d4,0,0,0,0,0,0.0,0,0,0,0
x36.99731210242199_y24.17389869916833_d4,0,0,0,0,0.0,0,0,0,0,0
x17.72772373402954_y16.695086133518124_d4,0,0,0,0,0,0.0,0,0,0,0
x9.175223353566924_y18.86959732991411_d4,0,0,0,0,0,0.0,0,0,0,0
x41.02310804196868_y5.769348532147367_d4,0,0,0,0,0.0,0,0,0,0,0
x19.63794729522364_y0.7317735025261035_d4,0,0,0,0,0.0,0,0,0,0,0
x3.1112284991970274_y24.728032635943762_d4,0,0,0,0,0,0.0,0,0,0,0
x45.98649865612314_y14.13614379279679_d4,0,0,0,0,0,0.0,0,0,0,0
x35.40374667438788_y23.047894981214124_d4,0,0,0,0,0.0,0,0,0,0,0
x7.3648664072426095_y10.046112947798488_d4,0,0,0,0,0,0.0,0,0,0,0
x15.990366769803604_y20.42062853696094_d4,0,0,0,0,0,0.0,0,0,0,0
x24.491068521102765_y6.601818592097536_d4,0,0,0,0,0.0,0,0,0,0,0
x33.70386444955219_y8.069333592008674_d4,0,0,0,0,0.0,0,0,0,0,0
x35.66230065203383_y24.54660542533256_d4,0,0,0,0,0.0,0,0,0,0,0
x48.50484878096022_y3.7178533213971714_d4,0,0,0,0,0,0.0,0,0,0,0
x28.459798611547228_y19.725899313983337_d4,0,0,0,0,0,0.0,0,0,0,0
x12.832375335796387_y18.525597504886864_d4,0,0,0,0,0.0,0,0,0,0,0
x33.370888015122766_y15.768662359802684_d4,0,0,0,0,0.0,0,0,0,0,0
x33.088179730220524_y2.011679599478469_d4,0,0,0,0,0,0.0,0,0,0,0
x26.985166962234295_y21.685840750794_d4,0,0,0,0,0,0.0,0,0,0,0
x36.1811547199429_y7.222669283933881_d4,0,0,0,0,0,0.0,0,0,0,0
x45.78264204929062_y0.480801483788712_d4,0,0,0,0,0,0.0,0,0,0,0
x1.4894771758573622_y9.700152768352934_d4,0,0,0,0,0.0,0,0,0,0,0
x16.14244527557902_y9.579902508743219_d4,0,0,0,0,0,0.0,0,0,0,0
x5.690409901178578_y2.5517932279787963_d4,0,0,0,0,0,0.0,0,0,0,0
x10.269497881092777_y16.373259553756295_d4,0,0,0,0,0,0.0,0,0,0,0
x5.7294084837802846_y13.50557011965477_d4,0,0,0,0,0,0.0,0,0,0,0
x36.71805137320181_y15.264081136096808_d4,0,0,0,0,0,0.0,0,0,0,0
x26.57838611211993_y16.128463339291503_d4,0,0,0,0,0,0.0,0,0,0,0
x47.6107907380056_y13.202048197734657_d4,0,0,0,0,0,0.0,0,0,0,0
x11.71735466305544_y2.7700992779760543_d4,0,0,0,0,0.0,0,0,0,0,0
x39.57268649804647_y15.596668131721339_d4,0,0,0,0,0.0,0,0,0,0,0
x45.8242699373245_y4.6465663168622635_d4,0,0,0,0,0.0,0,0,0,0,0
x44.52523773588643_y23.31108542352837_d4,0,0,0,0,0,0.0,0,0,0,0
x3.5875951237830828_y3.709339331446876_d4,0,0,0,0,0,0.0,0,0,0,0
x17.794903832832524_y24.062404274343493_d4,0,0,0,0,0,0.0,0,0,0,0
x45.80254541374955_y16.71956357480652_d4,0,0,0,0,0.0,0,0,0,0,0
x48.1059883818953_y7.325570911670648_d4,0,0,0,0,0,0.0,0,0,0,0
x48.35027619651833_y9.689179335588591_d4,0,0,0,0,0,0.0,0,0,0,0
x29.389061311508186_y18.330646797304887_d4,0,0,0,0,0,0.0,0,0,0,0
x47.9709796284855_y7.028389759549028_d4,0,0,0,0,0.0,0,0,0,0,0
x35.12086701264826_y19.980898151747134_d4,0,0,0,0,0.0,0,0,0,0,0
x34.81618425402527_y9.158109270768866_d4,0,0,0,0,0,0.0,0,0,0,0
x20.313624845305938_y24.077347255298182_d4,0,0,0,0,0.0,0,0,0,0,0
x16.67536978375913_y14.307925398965637_d4,0,0,0,0,0,0.0,0,0,0,0
x11.385319858669785_y19.588479880556434_d4,0,0,0,0,0,0.0,0,0,0,0
x22.366144362786265_y20.518356552410165_d4,0,0,0,0,0,0.0,0,0,0,0
x22.823632392045777_y8.041346036094932_d4,0,0,0,0,0.0,0,0,0,0,0
x14.715820447686767_y15.952114943057094_d4,0,0,0,0,0,0.0,0,0,0,0
x15.736202915164466_y10.161563551077876_d4,0,0,0,0,0,0.0,0,0,0,0
x0.7838058024956962_y8.617554469194703_d4,0,0,0,0,0,0.0,0,0,0,0
x49.007951872049624_y10.565251845776213_d4,0,0,0,0,0.0,0,0,0,0,0
x10.025080870057156_y8.595350884334477_d4,0,0,0,0,0.0,0,0,0,0,0
x37.879798346164634_y5.950551130770973_d4,0,0,0,0,0,0.0,0,0,0,0
x44.87166633646298_y10.472310662960375_d4,0,0,0,0,0,0.0,0,0,0,0
x47.799372904316165_y23.974983735566674_d4,0,0,0,0,0,0.0,0,0,0,0
x4.548466964778175_y24.524485020009877_d4,0,0,0,0,0.0,0,0,0,0,0
x47.03193064969533_y2.8385090602138314_d4,0,0,0,0,0,0.0,0,0,0,0
x36.107538285005205_y2.8197066207746815_d4,0,0,0,0,0,0.0,0,0,0,0
x23.09263033215289_y13.081643064423082_d4,0,0,0,0,0.0,0,0,0,0,0
x25.079573547038375_y21.985436550604202_d4,0,0,0,0,0.0,0,0,0,0,0
x24.97252532636743_y23.951484698271212_d4,0,0,0,0,0.0,0,0,0,0,0
x49.52695969605939_y14.28743616156139_d4,0,0,0,0,0,0.0,0,0,0,0
x8.274161416980657_y15.635440258779216_d4,0,0,0,0,0,0.0,0,0,0,0
x7.986450331701911_y18.79752257701751_d4,0,0,0,0,0.0,0,0,0,0,0
x16.363133915508715_y3.4576686582293013_d4,0,0,0,0,0,0.0,0,0,0,0
x0.04516427606248152_y1.7453575739923732_d4,0,0,0,0,0.0,0,0,0,0,0
x12.576136908430641_y21.9170473055762_d4,0,0,0,0,0.0,0,0,0,0,0
x20.95781991253105_y24.891754840897175_d4,0,0,0,0,0,0.0,0,0,0,0
x46.110306782033184_y18.23463670547732_d4,0,0,0,0,0,0.0,0,0,0,0
x28.755555823499208_y24.902511007530954_d4,0,0,0,0,0.0,0,0,0,0,0
x23.565772646252505_y12.239915758578746_d4,0,0,0,0,0.0,0,0,0,0,0
x17.99048836205236_y22.19662578660971_d4,0,0,0,0,0.0,0,0,0,0,0
x5.776111015854091_y12.638949924778005_d4,0,0,0,0,0.0,0,0,0,0,0
x38.85963642017203_y3.0794912213625985_d4,0,0,0,0,0,0.0,0,0,0,0
x28.322174859649742_y16.10256361623616_d4,0,0,0,0,0.0,0,0,0,0,0
x19.081966019796294_y23.682714545831022_d4,0,0,0,0,0.0,0,0,0,0,0
x40.568970198174334_y20.39043966091654_d4,0,0,0,0,0,0.0,0,0,0,0
x29.806650986884392_y4.546825994963122_d4,0,0,0,0,0.0,0,0,0,0,0
x21.792060656915545_y18.464805531073527_d4,0,0,0,0,0,0.0,0,0,0,0
x17.893364962528942_y0.3229420690993662_d4,0,0,0,0,0,0.0,0,0,0,0
x30.458063217782154_y24.039378607502037_d4,0,0,0,0,0.0,0,0,0,0,0
x10.23906809679262_y1.3415726572897273_d4,0,0,0,0,0,0.0,0,0,0,0
x40.08902153926546_y2.5176020395547893_d4,0,0,0,0,0,0.0,0,0,0,0
x2.225481357431025_y6.195966174769244_d4,0,0,0,0,0.0,0,0,0,0,0
x44.708625764648595_y4.526041788023127_d4,0,0,0,0,0,0.0,0,0,0,0
x44.55311571773827_y1.3669437314231008_d4,0,0,0,0,0.0,0,0,0,0,0
x23.408485376373388_y20.646541007889514_d4,0,0,0,0,0,0.0,0,0,0,0
x1.7553685413572828_y23.346159036832862_d4,0,0,0,0,0,0.0,0,0,0,0
x38.60309940162172_y18.440013620305294_d4,0,0,0,0,0,0.0,0,0,0,0
x16.62147703885728_y23.225283216915578_d4,0,0,0,0,0,0.0,0,0,0,0
x4.8355631096010825_y16.4234740475036_d4,0,0,0,0,0.0,0,0,0,0,0
x37.70451831243587_y17.97692558887574_d4,0,0,0,0,0,0.0,0,0,0,0
x30.12804727676165_y19.657974429516315_d4,0,0,0,0,0.0,0,0,0,0,0
x43.37904256708235_y7.827472043399755_d4,0,0,0,0,0,0.0,0,0,0,0
x37.43278604915698_y10.322415422708037_d4,0,0,0,0,0,0.0,0,0,0,0
x4.883710248865908_y12.120832922666644_d4,0,0,0,0,0.0,0,0,0,0,0
x7.300217431824574_y0.19783133223995053_d4,0,0,0,0,0,0.0,0,0,0,0
x0.8514921056309022_y9.449411849571915_d4,0,0,0,0,0,0.0,0,0,0,0
x8.049393065670957_y11.514918716362516_d4,0,0,0,0,0,0.0,0,0,0,0
x15.661144265761424_y0.6988845057360971_d4,0,0,0,0,0.0,0,0,0,0,0
x4.942297593845218_y10.072711118297326_d4,0,0,0,0,0,0.0,0,0,0,0
x27.952340431797374_y12.780078670990935_d4,0,0,0,0,0,0.0,0,0,0,0
x5.3889407044091895_y5.772898111866656_d4,0,0,0,0,0,0.0,0,0,0,0
x19.001728801184374_y15.040837394578663_d4,0,0,0,0,0,0.0,0,0,0,0
x40.03802542430674_y9.435754630384846_d4,0,0,0,0,0,0.0,0,0,0,0
x17.263492458440044_y0.43871900519933116_d4,0,0,0,0,0.0,0,0,0,0,0
x13.303355072186672_y15.642071931728571_d4,0,0,0,0,0,0.0,0,0,0,0
x47.75630172362819_y6.50616443229402_d4,0,0,0,0,0.0,0,0,0,0,0
x26.608152411117693_y3.1845148199857674_d4,0,0,0,0,0,0.0,0,0,0,0
x43.43540825559911_y3.231754873284473_d4,0,0,0,0,0,0.0,0,0,0,0
x26.580290905432225_y16.234318265734647_d4,0,0,0,0,0,0.0,0,0,0,0
x45.09618163146588_y21.459953351167147_d4,0,0,0,0,0,0.0,0,0,0,0
x13.89713894059792_y7.02669849869246_d4,0,0,0,0,0,0.0,0,0,0,0
x9.930837504222373_y10.743137490446392_d4,0,0,0,0,0,0.0,0,0,0,0
x2.724907777108132_y4.780054925436225_d4,0,0,0,0,0,0.0,0,0,0,0
x20.174259908868304_y18.995555279702213_d4,0,0,0,0,0.0,0,0,0,0,0
x38.19309210764556_y11.62729460359397_d4,0,0,0,0,0,0.0,0,0,0,0
x26.240059987928976_y12.14875942437682_d4,0,0,0,0,0.0,0,0,0,0,0
x19.724570403504682_y10.829846396136627_d4,0,0,0,0,0,0.0,0,0,0,0
x48.6466808640107_y8.460935494468687_d4,0,0,0,0,0,0.0,0,0,0,0
x17.660688352940024_y24.57667172229597_d4,0,0,0,0,0,0.0,0,0,0,0
x24.260583652650258_y2.0479375044125643_d4,0,0,0,0,0,0.0,0,0,0,0
x47.670267325167416_y8.365878279258649_d4,0,0,0,0,0.0,0,0,0,0,0
x42.92387843009271_y6.186429652045749_d4,0,0,0,0,0.0,0,0,0,0,0
x13.210213211208638_y23.873631672867102_d4,0,0,0,0,0,0.0,0,0,0,0
x13.060947635171082_y10.150932563319213_d4,0,0,0,0,0,0.0,0,0,0,0
x10.858353206612097_y17.397288817862076_d4,0,0,0,0,0,0.0,0,0,0,0
x4.0103331165039275_y12.690886742943853_d4,0,0,0,0,0.0,0,0,0,0,0
x37.16701128243323_y10.612636983921247_d4,0,0,0,0,0,0.0,0,0,0,0
x29.30816968636194_y8.480520459666105_d4,0,0,0,0,0,0.0,0,0,0,0
x16.145355316852594_y8.643646127246615_d4,0,0,0,0,0.0,0,0,0,0,0
x12.847059258540428_y17.16174399835969_d4,0,0,0,0,0.0,0,0,0,0,0
x16.507807397039524_y7.3220732528147146_d4,0,0,0,0,0,0.0,0,0,0,0
x7.743470782723954_y19.595917271055306_d4,0,0,0,0,0,0.0,0,0,0,0
x31.638282055315507_y19.81387918326115_d4,0,0,0,0,0,0.0,0,0,0,0
x46.95652525332299_y16.63566077426521_d4,0,0,0,0,0,0.0,0,0,0,0
x5.7573974002586015_y9.6600260206521_d4,0,0,0,0,0.0,0,0,0,0,0
x22.143214738159024_y11.060888337471555_d4,0,0,0,0,0,0.0,0,0,0,0
x43.59841980750731_y11.207053672361136_d4,0,0,0,0,0.0,0,0,0,0,0
x44.07063126408681_y13.302754949265827_d4,0,0,0,0,0.0,0,0,0,0,0
x40.679084082553096_y12.46598381850101_d4,0,0,0,0,0,0.0,0,0,0,0
x17.698341178307743_y16.224966581571177_d4,0,0,0,0,0,0.0,0,0,0,0
x22.375171998910098_y16.51996400753852_d4,0,0,0,0,0,0.0,0,0,0,0
x34.46503455776319_y23.842654549077086_d4,0,0,0,0,0,0.0,0,0,0,0
x31.440522953314648_y2.479016298340042_d4,0,0,0,0,0,0.0,0,0,0,0
x3.5867257357729554_y2.089463417269413_d4,0,0,0,0,0,0.0,0,0,0,0
x33.097436608676574_y1.7194461920960942_d4,0,0,0,0,0.0,0,0,0,0,0
x2.1442240991908115_y9.59154968323959_d4,0,0,0,0,0,0.0,0,0,0,0
x1.4957272337770333_y17.986252775893124_d4,0,0,0,0,0,0.0,0,0,0,0
x12.692752350871583_y16.28760555840774_d4,0,0,0,0,0.0,0,0,0,0,0
x15.893642364959366_y15.354375059096034_d4,0,0,0,0,0.0,0,0,0,0,0
x20.76974787547635_y12.706784376154909_d4,0,0,0,0,0,0.0,0,0,0,0
x8.335233351813665_y16.906843962863192_d4,0,0,0,0,0,0.0,0,0,0,0
x2.6329606645632997_y12.548659330798062_d4,0,0,0,0,0,0.0,0,0,0,0
x47.69602333518638_y9.721265721080186_d4,0,0,0,0,0,0.0,0,0,0,0
x30.45754085237476_y14.078721767838445_d4,0,0,0,0,0,0.0,0,0,0,0
x19.93938048109576_y3.39232120649994_d4,0,0,0,0,0.0,0,0,0,0,0
x28.502343904638384_y18.644093352408206_d4,0,0,0,0,0.0,0,0,0,0,0
x45.80116848167351_y8.08695196230754_d4,0,0,0,0,0,0.0,0,0,0,0
x21.731626219552524_y8.439534383221789_d4,0,0,0,0,0,0.0,0,0,0,0
x4.5868072942440055_y16.72202184015135_d4,0,0,0,0,0.0,0,0,0,0,0
x36.92012205077085_y14.705044426970884_d4,0,0,0,0,0,0.0,0,0,0,0
x29.52107375151317_y13.646340881159954_d4,0,0,0,0,0,0.0,0,0,0,0
x14.56906018268031_y14.015509874800417_d4,0,0,0,0,0,0.0,0,0,0,0
x6.936351237147037_y2.5940086979637234_d4,0,0,0,0,0.0,0,0,0,0,0
x30.621262454836717_y5.815046936427107_d4,0,0,0,0,0,0.0,0,0,0,0
x22.655538314261246_y20.088632372816452_d4,0,0,0,0,0,0.0,0,0,0,0
x43.041489707857785_y6.642713496827957_d4,0,0,0,0,0.0,0,0,0,0,0
x8.885829195812883_y11.623054217441558_d4,0,0,0,0,0,0.0,0,0,0,0
x31.341334341751637_y6.3492974413551835_d4,0,0,0,0,0,0.0,0,0,0,0
x32.99020146953859_y2.362181978559602_d4,0,0,0,0,0.0,0,0,0,0,0
x7.736165946767882_y24.508050850929134_d4,0,0,0,0,0.0,0,0,0,0,0
x26.390261443771802_y3.3129332971522594_d4,0,0,0,0,0,0.0,0,0,0,0
x45.22425131004499_y7.17550553352461_d4,0,0,0,0,0.0,0,0,0,0,0
x32.526898871806196_y16.012945421922986_d4,0,0,0,0,0,0.0,0,0,0,0
x42.93749553218576_y15.268048669063475_d4,0,0,0,0,0.0,0,0,0,0,0
x48.077715525138174_y3.038455815868299_d4,0,0,0,0,0.0,0,0,0,0,0
x31.124243713029976_y7.879766113759342_d4,0,0,0,0,0,0.0,0,0,0,0
x13.232803806055621_y21.661327315569036_d4,0,0,0,0,0.0,0,0,0,0,0
x12.537091369233423_y0.9261146697473355_d4,0,0,0,0,0.0,0,0,0,0,0
x11.106996088060662_y21.993060207491855_d4,0,0,0,0,0.0,0,0,0,0,0
x38.5573048527294_y8.225403968089537_d4,0,0,0,0,0.0,0,0,0,0,0
x23.428967414284323_y5.346517104231721_d4,0,0,0,0,0,0.0,0,0,0,0
x49.46026368346795_y10.654331349176683_d4,0,0,0,0,0,0.0,0,0,0,0
x42.80174984669031_y2.3303118511336014_d4,0,0,0,0,0,0.0,0,0,0,0
x2.272282118596347_y8.082263191061454_d4,0,0,0,0,0,0.0,0,0,0,0
x34.714574361318704_y0.5504494721662562_d4,0,0,0,0,0,0.0,0,0,0,0
x22.665202618837878_y10.858247585666303_d4,0,0,0,0,0.0,0,0,0,0,0
x25.711708957814988_y18.13421137255879_d4,0,0,0,0,0,0.0,0,0,0,0
x13.32523193744607_y24.09372142802616_d4,0,0,0,0,0.0,0,0,0,0,0
x11.462309336402788_y21.382283625191214_d4,0,0,0,0,0,0.0,0,0,0,0
x45.080553475533705_y24.67481227667148_d4,0,0,0,0,0.0,0,0,0,0,0
x6.150837958824712_y20.45681936974403_d4,0,0,0,0,0,0.0,0,0,0,0
x18.35478491811438_y22.056785559888798_d4,0,0,0,0,0,0.0,0,0,0,0
x35.07381622002972_y10.696479499517183_d4,0,0,0,0,0,0.0,0,0,0,0
x13.494441028219256_y7.54421380414845_d4,0,0,0,0,0.0,0,0,0,0,0
x9.893607929242615_y3.046979391228319_d4,0,5,0,1,0,1.5181912027487958,0,45.45454545454545,0,55.0
x42.39709390563924_y12.681378054944417_d4,0,0,0,0,0,0.0,0,0,0,0
x38.273159737081734_y6.2032926271680635_d4,0,0,0,0,0.0,0,0,0,0,0
x35.709314692935365_y19.28452642979596_d4,0,0,0,0,0.0,0,0,0,0,0
x22.79789201939754_y12.58432274502267_d4,0,0,0,0,0,0.0,0,0,0,0
x17.431661498414634_y2.696242031517182_d4,0,0,0,0,0.0,0,0,0,0,0
x4.378588777859066_y24.38780459573758_d4,0,0,0,0,0,0.0,0,0,0,0
x3.4793554259508976_y9.136838133149839_d4,0,0,0,0,0,0.0,0,0,0,0
x34.90005823785816_y7.715498976282134_d4,0,0,0,0,0,0.0,0,0,0,0
x34.8028979679219_y4.970251357326813_d4,0,0,0,0,0.0,0,0,0,0,0
x41.26513087745459_y6.0984447377824855_d4,0,0,0,0,0.0,0,0,0,0,0
x27.62560263168513_y4.8262133510569685_d4,0,0,0,0,0,0.0,0,0,0,0
x40.05210139128834_y0.9257566401254191_d4,0,0,0,0,0.0,0,0,0,0,0
x45.47913387407804_y19.0235471793614_d4,0,0,0,0,0.0,0,0,0,0,0
x6.397644791596519_y3.015012283331828_d4,0,0,0,0,0,0.0,0,0,0,0
x46.52336001797228_y20.046185645291214_d4,0,0,0,0,0,0.0,0,0,0,0
x6.17968767406078_y14.401919146011352_d4,0,0,0,0,0.0,0,0,0,0,0
x18.63683757188033_y23.394989485999105_d4,0,0,0,0,0.0,0,0,0,0,0
x20.04200770772287_y19.758508815541806_d4,0,0,0,0,0,0.0,0,0,0,0
x21.631922984943486_y9.529935924624333_d4,0,0,0,0,0,0.0,0,0,0,0
x23.700129271095616_y10.71205386223086_d4,0,0,0,0,0.0,0,0,0,0,0
x14.694371350955798_y14.525434937888296_d4,0,0,0,0,0,0.0,0,0,0,0
x1.2605084395675037_y21.43470143308873_d4,0,0,0,0,0,0.0,0,0,0,0
x47.58163234918275_y3.1946008963138954_d4,0,0,0,0,0,0.0,0,0,0,0
x5.566010254550802_y9.173736644725034_d4,0,0,0,0,0.0,0,0,0,0,0
x28.232360715492938_y7.950757229013866_d4,0,0,0,0,0.0,0,0,0,0,0
x24.754816358818672_y24.744137671190614_d4,0,0,0,0,0.0,0,0,0,0,0
x28.56902884389976_y9.62346599617889_d4,0,0,0,0,0,0.0,0,0,0,0
x45.406321346587056_y18.67748973759296_d4,0,0,0,0,0.0,0,0,0,0,0
x40.500193041859994_y14.195516366599229_d4,0,0,0,0,0.0,0,0,0,0,0
x28.368930130670183_y24.54192290942443_d4,0,0,0,0,0,0.0,0,0,0,0
x31.290731826607594_y17.24935191850394_d4,0,0,0,0,0,0.0,0,0,0,0
x24.257981565965775_y2.455954616331196_d4,0,0,0,0,0.0,0,0,0,0,0
x13.711213271203327_y7.233548040980573_d4,0,0,0,0,0.0,0,0,0,0,0
x30.409619189851206_y0.9504558135626978_d4,0,0,0,0,0.0,0,0,0,0,0
x1.1705116323980247_y2.0073588754249223_d4,0,0,0,0,0.0,0,0,0,0,0
x45.25003699748346_y3.3698740967736756_d4,0,0,0,0,0,0.0,0,0,0,0
x0.23516281137002104_y14.017620360047376_d4,0,0,0,0,0,0.0,0,0,0,0
x14.035329528706686_y11.786992917931999_d4,0,0,0,0,0,0.0,0,0,0,0
x20.76836500956362_y17.22247768466284_d4,0,0,0,0,0.0,0,0,0,0,0
x5.753870297758118_y19.162519190764616_d4,0,0,0,0,0.0,0,0,0,0,0
x35.77957693625141_y22.529643406297595_d4,0,0,0,0,0,0.0,0,0,0,0
x28.018685190703756_y2.0623375770273347_d4,0,0,0,0,0,0.0,0,0,0,0
x43.11895589518605_y0.24219067486506707_d4,0,0,0,0,0,0.0,0,0,0,0
x40.188146503125765_y21.125321428020484_d4,0,0,0,0,0,0.0,0,0,0,0
x20.698124784793976_y15.740457567664828_d4,0,0,0,0,0,0.0,0,0,0,0
x20.471066540633405_y13.625401661931924_d4,0,0,0,0,0,0.0,0,0,0,0
x2.931452944188606_y5.004267038764215_d4,0,0,0,0,0,0.0,0,0,0,0
x9.203284831102037_y10.067680349194571_d4,0,0,0,0,0.0,0,0,0,0,0
x15.757575172273903_y1.7543391966226118_d4,0,0,0,0,0,0.0,0,0,0,0
x6.437206868746631_y0.457131173467612_d4,0,0,0,0,0.0,0,0,0,0,0
x0.516395984069512_y16.944378455729048_d4,0,0,0,0,0.0,0,0,0,0,0
x19.46186259761137_y17.437943346721088_d4,0,0,0,0,0,0.0,0,0,0,0
x40.48211638994148_y22.623580332420577_d4,0,0,0,0,0,0.0,0,0,0,0
x38.21775692320924_y10.164368379824682_d4,0,0,0,0,0,0.0,0,0,0,0
x30.058029177501698_y4.938497344152679_d4,0,0,0,0,0.0,0,0,0,0,0
x33.86062145569764_y14.446593106546363_d4,0,0,0,0,0.0,0,0,0,0,0
x13.813455400604479_y6.513690959142066_d4,0,0,0,0,0,0.0,0,0,0,0
x33.70831401868636_y6.397388345708252_d4,0,0,0,0,0,0.0,0,0,0,0
x44.71185273448488_y24.27635517076289_d4,0,0,0,0,0,0.0,0,0,0,0
x37.3248907937852_y10.355526252397288_d4,0,0,0,0,0.0,0,0,0,0,0
x12.950945863772212_y9.804497065475385_d4,0,0,0,0,0,0.0,0,0,0,0
x45.52137841890037_y24.738776839991765_d4,0,0,0,0,0,0.0,0,0,0,0
x39.17538828212677_y15.255326458424687_d4,0,0,0,0,0,0.0,0,0,0,0
x0.3906725896806851_y0.8887999520654055_d4,0,0,0,0,0,0.0,0,0,0,0
x27.528945906747204_y11.358218159716142_d4,0,0,0,0,0.0,0,0,0,0,0
x21.225490395018486_y21.540943079853996_d4,0,0,0,0,0,0.0,0,0,0,0
x46.88713564830024_y20.658297657803836_d4,0,0,0,0,0,0.0,0,0,0,0
x3.840922698874566_y1.3839078283590962_d4,0,0,0,0,0,0.0,0,0,0,0
x41.823920920129574_y10.844956943379197_d4,0,0,0,0,0.0,0,0,0,0,0
x26.6781488407466_y1.0377136700029876_d4,0,0,0,0,0.0,0,0,0,0,0
x5.109125367637324_y14.962418526818588_d4,0,0,0,0,0.0,0,0,0,0,0
x39.4507123110554_y17.31654115709759_d4,0,0,0,0,0.0,0,0,0,0,0
x48.501551603659806_y1.0122513020854234_d4,0,0,0,0,0,0.0,0,0,0,0
x17.402817939962496_y10.205210089166178_d4,0,0,0,0,0.0,0,0,0,0,0
x30.54363617707181_y24.22362050081558_d4,0,0,0,0,0.0,0,0,0,0,0
x17.326708782905932_y4.520984997895478_d4,0,0,0,0,0.0,0,0,0,0,0
x37.493142004903795_y6.695983417305717_d4,0,0,0,0,0,0.0,0,0,0,0
x5.977182770253043_y11.021931706702915_d4,0,0,0,0,0.0,0,0,0,0,0
x3.0650341249392365_y14.315824916868747_d4,0,0,0,0,0,0.0,0,0,0,0
x48.93152316456451_y10.492120582289784_d4,0,0,0,0,0,0.0,0,0,0,0
x7.488820464294394_y4.100109727763968_d4,0,0,0,0,0.0,0,0,0,0,0
x5.37122593496131_y10.053015716904595_d4,0,0,0,0,0,0.0,0,0,0,0
x33.53549791940847_y22.26718479784696_d4,0,0,0,0,0,0.0,0,0,0,0
x6.998353481543757_y9.722221977958478_d4,0,0,0,0,0,0.0,0,0,0,0
x9.728726212860344_y22.05089806314567_d4,0,0,0,0,0,0.0,0,0,0,0
x39.633769110652835_y0.8715839793639074_d4,0,0,0,0,0.0,0,0,0,0,0
x28.304422403157247_y14.395960231140242_d4,0,0,0,0,0.0,0,0,0,0,0
x45.02394357457022_y14.345407891577535_d4,0,0,0,0,0.0,0,0,0,0,0
x35.28902114922176_y15.535692183786606_d4,0,0,0,0,0,0.0,0,0,0,0
x7.065702489796022_y4.030455332312951_d4,0,0,0,0,0.0,0,0,0,0,0
x19.555250778030935_y8.617632247188403_d4,0,0,0,0,0.0,0,0,0,0,0
x16.52957260447331_y10.394589262843597_d4,0,0,0,0,0.0,0,0,0,0,0
x20.002194334252426_y13.964575714680795_d4,0,0,0,0,0,0.0,0,0,0,0
x8.653613018173417_y11.56065975747864_d4,0,0,0,0,0.0,0,0,0,0,0
x11.627861203146061_y6.845978486546006_d4,2,0,1,0,0.002989751133115679,0,4.385964912280701,0,196.0,0
x11.979001962195458_y18.357405064611243_d4,0,0,0,0,0,0.0,0,0,0,0
x4.566689908438759_y14.156546357000824_d4,0,0,0,0,0.0,0,0,0,0,0
x17.90784238003049_y11.885064326328209_d4,0,0,0,0,0,0.0,0,0,0,0
x42.23991171795542_y5.575037855232309_d4,0,0,0,0,0.0,0,0,0,0,0
x46.432124403480685_y17.996300694279803_d4,0,0,0,0,0,0.0,0,0,0,0
x21.347117941118416_y18.61183900299225_d4,0,0,0,0,0.0,0,0,0,0,0
x15.22857753909817_y0.34221027460229203_d4,0,0,0,0,0.0,0,0,0,0,0
x30.687203846756482_y7.940542003995682_d4,0,0,0,0,0,0.0,0,0,0,0
x33.05743827907065_y3.177153512247424_d4,0,0,0,0,0.0,0,0,0,0,0
x38.136681440627314_y1.680725999780344_d4,0,0,0,0,0.0,0,0,0,0,0
x28.233242609575772_y3.2755247358071946_d4,0,0,0,0,0.0,0,0,0,0,0
x20.117037891472588_y15.958442685634793_d4,0,0,0,0,0,0.0,0,0,0,0
x18.742026835676278_y18.225387758412303_d4,0,0,0,0,0.0,0,0,0,0,0
x36.58371936406726_y24.21475784435297_d4,0,0,0,0,0,0.0,0,0,0,0
x1.5646263954886885_y4.1277031842980065_d4,0,0,0,0,0,0.0,0,0,0,0
x26.084708725491048_y6.556460827548668_d4,0,0,0,0,0,0.0,0,0,0,0
x23.830196152163_y23.432338464146188_d4,0,0,0,0,0,0.0,0,0,0,0
x48.37470248507959_y20.714267139317027_d4,0,0,0,0,0,0.0,0,0,0,0
x34.46826553065009_y6.40812981989938_d4,0,0,0,0,0,0.0,0,0,0,0
x25.118986134796867_y21.536771276546045_d4,0,0,0,0,0.0,0,0,0,0,0
x15.814598191730244_y18.26697666596475_d4,0,0,0,0,0.0,0,0,0,0,0
x9.259100065107267_y23.894551339400444_d4,0,0,0,0,0.0,0,0,0,0,0
x12.666691314642387_y3.93553636407685_d4,0,0,0,0,0.0,0,0,0,0,0
x37.27110249693117_y2.7179637853795153_d4,0,0,0,0,0,0.0,0,0,0,0
x38.72832121008077_y12.127421135782274_d4,0,0,0,0,0,0.0,0,0,0,0
x22.120790769449904_y12.352313199704563_d4,0,0,0,0,0,0.0,0,0,0,0
x36.89406419586507_y0.04344566961680951_d4,0,0,0,0,0.0,0,0,0,0,0
x8.425626554041148_y7.740939107349084_d4,0,0,0,0,0,0.0,0,0,0,0
x19.71039453228165_y22.493371554084522_d4,0,0,0,0,0,0.0,0,0,0,0
x46.01167686388698_y14.176796372367273_d4,0,0,0,0,0,0.0,0,0,0,0
x40.70793500187435_y22.54602924500187_d4,0,0,0,0,0.0,0,0,0,0,0
x1.3360559659098104_y23.845146475559794_d4,0,0,0,0,0.0,0,0,0,0,0
x2.2132427695246593_y21.30572787657555_d4,0,0,0,0,0.0,0,0,0,0,0
x14.015461752528168_y2.4479699697685375_d4,0,0,0,0,0,0.0,0,0,0,0
x29.76332627931265_y11.008248889600228_d4,0,0,0,0,0.0,0,0,0,0,0
x8.017657269024408_y24.102523494311562_d4,0,0,0,0,0,0.0,0,0,0,0
x28.091247187470476_y6.304581680494109_d4,0,0,0,0,0,0.0,0,0,0,0
x10.532581211323787_y8.491208670871469_d4,0,0,0,0,0.0,0,0,0,0,0
x31.783863194042095_y10.861041380463254_d4,0,0,0,0,0,0.0,0,0,0,0
x13.662614793577404_y1.7506611889807262_d4,0,0,0,0,0,0.0,0,0,0,0
x11.049051719311587_y8.383793215338207_d4,0,0,0,0,0.0,0,0,0,0,0
x38.60624964005255_y20.565756154551494_d4,0,0,0,0,0.0,0,0,0,0,0
x44.058384703408606_y22.41278155158303_d4,0,0,0,0,0.0,0,0,0,0,0
x19.479238933886013_y7.334522331670379_d4,0,0,0,0,0.0,0,0,0,0,0
x8.218850551825534_y0.022822988521739584_d4,0,0,0,0,0.0,0,0,0,0,0
x14.49763213696294_y0.15151333612114792_d4,0,0,0,0,0,0.0,0,0,0,0
x17.573435387374253_y12.795164001650924_d4,0,0,0,0,0.0,0,0,0,0,0
x45.81215222606445_y14.678912846162584_d4,0,0,0,0,0.0,0,0,0,0,0
x15.273649006219337_y21.81504816884016_d4,0,0,0,0,0.0,0,0,0,0,0
x15.527085959885694_y17.732487195816912_d4,0,0,0,0,0,0.0,0,0,0,0
x38.272948516620474_y23.84789268464022_d4,0,0,0,0,0.0,0,0,0,0,0
x3.7902131559694574_y22.382420918853544_d4,0,0,0,0,0.0,0,0,0,0,0
x6.7206265563167005_y16.39235751024962_d4,0,0,0,0,0.0,0,0,0,0,0
x27.721436369620573_y17.929631007452652_d4,0,0,0,0,0.0,0,0,0,0,0
x36.281226877937236_y3.1773836930648116_d4,0,0,0,0,0,0.0,0,0,0,0
x27.09679448074897_y16.831527519362382_d4,0,0,0,0,0.0,0,0,0,0,0
x18.24286565458954_y10.981874343321305_d4,0,0,0,0,0,0.0,0,0,0,0
x4.815090105538772_y15.665335890097165_d4,0,0,0,0,0.0,0,0,0,0,0
x12.837120407452861_y13.468796461091415_d4,0,0,0,0,0,0.0,0,0,0,0
x26.70873750091763_y12.998494830661029_d4,0,0,0,0,0,0.0,0,0,0,0
x38.52982912062668_y6.982746715815069_d4,0,0,0,0,0,0.0,0,0,0,0
x20.939424239274512_y0.5121648817483615_d4,0,0,0,0,0.0,0,0,0,0,0
x9.299153761381096_y4.74569234000721_d4,0,26,0,1,0,14.947414103068079,0,166.66666666666666,0,23.0
x1.349514571584659_y7.786623984772064_d4,0,0,0,0,0,0.0,0,0,0,0
x19.23149080027697_y7.2131250715723185_d4,0,0,0,0,0,0.0,0,0,0,0
x6.28322226568962_y13.601778342222323_d4,0,0,0,0,0,0.0,0,0,0,0
x35.00557122328829_y16.63276923013223_d4,0,0,0,0,0.0,0,0,0,0,0
x18.576720422823946_y8.663921305092416_d4,0,0,0,0,0,0.0,0,0,0,0
x22.514523310923813_y10.62674201534645_d4,0,0,0,0,0.0,0,0,0,0,0
x34.289113643029246_y8.959859930543356_d4,0,0,0,0,0,0.0,0,0,0,0
x33.40773011850076_y7.194940231824018_d4,0,0,0,0,0.0,0,0,0,0,0
x23.470350312811618_y1.991334829643951_d4,0,0,0,0,0.0,0,0,0,0,0
x16.0719294582522_y0.06927391564204854_d4,0,0,0,0,0,0.0,0,0,0,0
x41.48830223872803_y8.502670735211504_d4,0,0,0,0,0,0.0,0,0,0,0
x1.255476908857156_y20.86246079933794_d4,0,0,0,0,0.0,0,0,0,0,0
x18.62861357219327_y24.063502394019313_d4,0,0,0,0,0.0,0,0,0,0,0
x25.173941905895568_y10.180746108942609_d4,0,0,0,0,0.0,0,0,0,0,0
x38.11480233759755_y23.880075377447447_d4,0,0,0,0,0,0.0,0,0,0,0
x8.480510459710604_y0.7474316766021144_d4,0,0,0,0,0,0.0,0,0,0,0
x44.84454684605901_y1.5367874444547347_d4,0,0,0,0,0.0,0,0,0,0,0
x0.6890952312291254_y24.39337583127214_d4,0,0,0,0,0.0,0,0,0,0,0
x10.994458117232874_y15.318169247000624_d4,0,0,0,0,0.0,0,0,0,0,0
x11.595702170708472_y9.442270510160371_d4,0,0,0,0,0.0,0,0,0,0,0
x48.8100691066687_y9.146586891761627_d4,0,0,0,0,0,0.0,0,0,0,0
x41.325931624705525_y16.1609723099312_d4,0,0,0,0,0.0,0,0,0,0,0
x18.404195111014555_y13.53665639022383_d4,0,0,0,0,0,0.0,0,0,0,0
x44.356724981737436_y13.220886708465665_d4,0,0,0,0,0,0.0,0,0,0,0
x45.47789508939128_y5.914105277830625_d4,0,0,0,0,0.0,0,0,0,0,0
x49.6088753348941_y14.728090512292805_d4,0,0,0,0,0,0.0,0,0,0,0
x10.34619068896011_y18.65578567318973_d4,0,0,0,0,0.0,0,0,0,0,0
x41.798228471449015_y10.722452313912953_d4,0,0,0,0,0,0.0,0,0,0,0
x5.7859075606607355_y14.047786445193225_d4,0,0,0,0,0.0,0,0,0,0,0
x8.533603370153742_y9.648569993293135_d4,0,0,0,0,0,0.0,0,0,0,0
x11.973959737553702_y6.771004592026472_d4,0,2,0,1,0,0.0010552062822761223,0,1.5479876160990713,0,80.0
x11.481242698597537_y23.155708397262615_d4,0,0,0,0,0,0.0,0,0,0,0
x34.95545901393011_y9.106342699426822_d4,0,0,0,0,0.0,0,0,0,0,0
x36.37198537791434_y16.188810814833815_d4,0,0,0,0,0,0.0,0,0,0,0
x39.75175221516772_y9.230583197101883_d4,0,0,0,0,0.0,0,0,0,0,0
x21.994952408422158_y6.289982635791247_d4,0,0,0,0,0,0.0,0,0,0,0
x22.178261271197908_y2.857626213347644_d4,0,0,0,0,0.0,0,0,0,0,0
x5.255911473140351_y13.539616517715572_d4,0,0,0,0,0,0.0,0,0,0,0
x17.02937998538026_y17.40919234016349_d4,0,0,0,0,0.0,0,0,0,0,0
x23.227245296538012_y20.935021486520544_d4,0,0,0,0,0.0,0,0,0,0,0
x7.250779471355595_y17.43453664210229_d4,0,0,0,0,0,0.0,0,0,0,0
x36.202119275438_y19.608814785499572_d4,0,0,0,0,0.0,0,0,0,0,0
x43.033126111271955_y0.3342284074924651_d4,0,0,0,0,0.0,0,0,0,0,0
x33.290351725451615_y15.350016282018048_d4,0,0,0,0,0.0,0,0,0,0,0
x36.442452250658_y23.52713517161169_d4,0,0,0,0,0,0.0,0,0,0,0
x9.557573844508765_y6.2545001793715995_d4,0,18,0,1,0,11.26630723401166,0,125.0,0,30.0
x34.28047598054362_y1.8411660599130464_d4,0,0,0,0,0,0.0,0,0,0,0
x38.77924201094429_y22.449305581015004_d4,0,0,0,0,0.0,0,0,0,0,0
x42.69178290523394_y13.899699591676443_d4,0,0,0,0,0,0.0,0,0,0,0
x22.25008445447037_y6.436661952006867_d4,0,0,0,0,0,0.0,0,0,0,0
x6.907949866439623_y24.76585199345123_d4,0,0,0,0,0,0.0,0,0,0,0
x38.96746361384259_y12.990341944115666_d4,0,0,0,0,0,0.0,0,0,0,0
x30.051342290708945_y6.565272080545312_d4,0,0,0,0,0,0.0,0,0,0,0
x8.354459425493255_y6.05109750058839_d4,5,0,1,0,0.020908009554469417,0,9.803921568627452,0,136.0,0
x23.215038336438305_y19.143285036826057_d4,0,0,0,0,0.0,0,0,0,0,0
x9.70164153056362_y20.675750685648627_d4,0,0,0,0,0.0,0,0,0,0,0
x41.515184298749745_y4.947690072858105_d4,0,0,0,0,0.0,0,0,0,0,0
x11.074027022415184_y17.617050777918738_d4,0,0,0,0,0.0,0,0,0,0,0
x36.67072773469853_y16.89938464187724_d4,0,0,0,0,0.0,0,0,0,0,0
x38.85130089840209_y1.3490648298098233_d4,0,0,0,0,0.0,0,0,0,0,0
x15.1298213650493_y17.149309748130783_d4,0,0,0,0,0.0,0,0,0,0,0
x42.06400331740538_y24.326156056705706_d4,0,0,0,0,0,0.0,0,0,0,0
x1.3361071592231433_y1.0177518857993477_d4,0,0,0,0,0.0,0,0,0,0,0
x38.80928985572041_y19.44458166541975_d4,0,0,0,0,0.0,0,0,0,0,0
x14.362614407770897_y3.125921812881663_d4,0,0,0,0,0,0.0,0,0,0,0
x31.018155103797433_y10.85766244764296_d4,0,0,0,0,0,0.0,0,0,0,0
x45.219859569951566_y7.371981678530426_d4,0,0,0,0,0.0,0,0,0,0,0
x25.25957775356895_y4.896723976470163_d4,0,0,0,0,0.0,0,0,0,0,0
x18.120647884678448_y9.794817823698976_d4,0,0,0,0,0.0,0,0,0,0,0
x19.135909907899734_y9.799733170256525_d4,0,0,0,0,0.0,0,0,0,0,0
x18.28853451800115_y19.96395627321325_d4,0,0,0,0,0.0,0,0,0,0,0
x9.214242043580278_y15.574721204102431_d4,0,0,0,0,0,0.0,0,0,0,0
