Time(ms),4.56,3.61,4.08,4.17,4.31,Unnamed: 8
0.0,-2.5273078,-3.6129982,-2.2518425,-4.8936716,-2.1244961,
4.971971972,-2.315534312,-3.478192079,-1.775360323,-4.461489785,-2.198474354,
9.943943944,-2.103760824,-3.343386052,-1.298878176,-4.029307882,-2.272452609,
14.91591592,-1.891987327,-3.208579937,-0.822395965,-3.597126055,-2.34643093,
19.88788789,-1.680213836,-3.073773895,-0.34591378,-3.164944164,-2.420409215,
24.85985986,-1.468440345,-2.938967795,0.130568404,-2.732762325,-2.494387486,
29.83183183,-1.256666854,-2.804161774,0.607050592,-2.300580445,-2.568365823,
34.8038038,-0.833477919,-2.669355653,1.083532784,-1.868398539,-2.642344077,
39.77577578,-0.345369558,-2.474959117,1.560014995,-1.436216683,-2.716322389,
44.74774775,0.142738795,-1.127510686,2.036497136,-1.004034832,-2.790300685,
49.71971972,0.63084715,0.266560831,2.512979318,-0.57185297,-2.864278938,
54.69169169,1.118955488,1.660632329,2.98946153,-0.139671106,-2.938257292,
59.66366366,1.607063889,3.054703834,3.465943742,0.292510761,-3.012235546,
64.63563564,2.095172222,4.448775287,3.942425903,0.724692626,-3.086213806,
69.60760761,2.583280554,5.842846821,4.418908066,1.156874488,-3.160192139,
74.57957958,3.071388886,7.325758682,4.895390277,1.589056353,-3.234170408,
79.55155155,3.559497319,10.18860985,5.371872489,2.021238219,-3.308148714,
84.52352352,4.047605651,13.07568467,5.848354612,2.453420078,-3.31519476,
89.4954955,4.535713984,15.9627603,6.324836813,2.885601942,-3.299341771,
94.46746747,5.023822316,18.84983593,7.149130691,3.317783803,-3.28348875,
99.43943944,5.511930705,21.73691062,8.514773499,3.749965664,-3.267635776,
104.4114114,6.000039081,24.62398619,9.920616379,4.182147529,-3.251782739,
109.3833834,6.488147414,27.51106181,11.32645927,4.614329386,-3.235929687,
114.3553554,6.976255746,30.63441738,12.7323026,5.046511261,-3.220076729,
119.3273273,7.464364078,35.92361429,14.13814583,5.47869317,-3.204223689,
124.2992993,7.952472481,41.31492281,15.54398857,5.910875017,-3.188370718,
129.2712713,8.440580843,46.70623132,16.94983159,6.343056896,-3.172517694,
134.2432432,8.928689176,52.09753983,18.35567492,6.775238739,-3.156664708,
139.2152152,9.416797508,57.48884834,19.76151759,7.207420621,-3.140811683,
144.1871872,10.61436872,62.88015686,21.16736067,7.639602463,-3.124958697,
149.1591592,11.94493206,68.1778647,22.57320391,8.573495387,-3.109104699,
154.1311311,13.2754954,72.7456705,23.97904663,9.874586616,-2.604015633,
159.1031031,14.60605873,77.29293459,25.38488976,11.2459036,-1.73623988,
164.0750751,15.93662299,81.84019909,26.7907329,12.61722018,-0.866585139,
169.047047,17.2671864,86.38746288,28.19657567,13.98853657,0.003069584,
174.019019,18.59774974,90.93472752,29.6639584,15.35985349,0.872724308,
178.990991,19.92831307,95.48199145,31.77119699,16.73117019,1.742379022,
183.962963,21.25887641,100.0292579,34.02260133,18.10248653,2.612033767,
188.9349349,22.58943981,104.5765209,36.27400632,19.47380333,3.481688474,
193.9069069,23.92000408,109.093118,38.52541149,20.84512019,4.351343181,
198.8788789,25.25056741,113.3906275,40.77681665,22.21643655,5.220997925,
203.8508509,26.58113075,117.6768378,43.0282216,23.5877532,6.090652633,
208.8228228,27.91169408,121.9630433,45.27962598,24.95907014,6.960307375,
213.7947948,29.24225742,126.24925,47.53103115,26.33038657,7.829962052,
218.7667668,30.57282175,130.535463,49.78243632,27.7017031,8.69961692,
223.7387387,31.90338509,134.8216682,52.03384148,29.07302008,10.03295401,
228.7107107,33.23394843,138.7584928,54.2852457,30.44433658,12.30279141,
233.6826827,34.56451176,140.6334716,56.53665082,31.81565301,14.6441121,
238.6546547,35.8950751,142.426258,58.78805598,33.18696999,16.98543238,
243.6266266,37.2256388,144.2190345,61.03946115,34.5582866,19.32675237,
248.5985986,38.55620277,146.0118142,63.29086598,35.92960294,21.66807253,
253.5705706,40.49301785,147.8045973,65.54227048,37.30091988,24.00939256,
258.5425425,42.66778028,149.5973737,67.79367565,38.67223658,26.35071333,
263.5145145,44.84254171,151.3901579,70.04508081,40.77475606,28.69203332,
268.4864865,47.01730362,153.0005416,72.44098333,43.21769177,31.03335349,
273.4584585,49.19206556,153.4251084,75.10888369,45.69976222,33.37467372,
278.4304304,51.36682699,153.8302546,77.8151706,48.18183268,35.71599428,
283.4024024,53.54158942,154.2354107,80.52145677,50.66390314,38.05731427,
288.3743744,55.71635085,154.6405569,83.22774297,53.14597292,40.39863426,
293.3463463,57.89111262,155.0457051,85.93402974,55.62804306,42.92687245,
298.3183183,60.06587471,155.4508592,88.64031601,58.11011352,46.48288419,
303.2902903,62.24063613,155.8099942,91.34660224,60.59218398,50.10750478,
308.2622623,64.41539856,155.750663,94.05288888,63.07425443,53.73212589,
313.2342342,66.59015999,155.6859598,96.75917525,65.55632441,57.35674624,
318.2062062,68.76492163,155.621258,99.46546075,68.03839435,60.98136661,
323.1781782,70.93968385,155.5565553,102.1717456,70.52046481,64.60598751,
328.1501502,73.11444528,155.491856,104.8780357,73.00253527,68.2306083,
333.1221221,75.2892077,155.4271489,107.5843235,75.48460573,71.85522903,
338.0940941,77.46396913,155.4022408,110.2906059,77.96667591,75.47984984,
343.0660661,79.63873063,155.6554105,112.996896,80.44874564,79.10447036,
348.038038,81.81349299,155.9102039,115.7031761,82.9308161,82.72909143,
353.01001,83.98825442,156.1649924,118.4094661,85.41288656,86.35371207,
357.981982,86.16301683,156.4197788,121.1157562,87.89495702,89.97833242,
362.953954,88.33777828,156.6745664,123.8220363,90.37702736,93.60295287,
367.9259259,90.5125397,156.9293568,126.5283264,92.85909694,97.22757403,
372.8978979,92.68730203,157.2085027,129.3155916,95.3411674,100.8521952,
377.8698699,95.56591063,157.2952363,131.3065478,98.12657252,103.634122,
382.8418418,98.96006707,157.3819689,133.2974959,101.0321354,106.607846,
387.8138138,102.3542281,157.4687003,135.2884503,103.9376956,109.5996103,
392.7857858,105.7483845,157.5554296,137.2794006,106.8432633,112.5913814,
397.7577578,109.1425409,157.6421608,139.2703531,109.7488227,115.5831489,
402.7297297,112.5366973,157.7288944,141.2613091,112.6543912,118.5749184,
407.7017017,115.9308537,157.8156265,143.2522618,115.5599508,121.5666875,
412.6736737,119.3250101,157.9023571,145.2432115,118.4655192,124.5584518,
417.6456456,122.7191665,157.9890858,147.2341678,121.3710783,127.5502189,
422.6176176,126.1133228,158.0758188,149.2251233,124.2766406,130.5419904,
427.5895896,129.5074792,158.1625524,151.2160705,127.182206,133.5337559,
432.5615616,132.9016356,158.249286,153.2070265,130.087766,136.525529,
437.5335335,136.295792,158.3360189,155.1979815,132.993334,139.5172932,
442.5055055,139.6899484,158.4227501,157.1889315,135.8988941,142.5090575,
447.4774775,143.08411,158.509478,159.1798853,138.8044619,145.50083,
452.4494494,146.4782667,158.5962105,161.1708402,141.7100215,148.4925961,
457.4214214,149.8724233,158.682944,163.1617921,144.6155855,151.484365,
462.3933934,153.2665839,158.7696773,165.152744,147.5211488,154.4761335,
467.3653654,156.6607403,158.856406,167.1436979,150.4267093,157.467899,
472.3373373,160.0548967,158.9431349,169.1346465,153.3322767,160.4596675,
477.3093093,163.4490531,159.0298685,171.1256027,156.2378374,163.4514376,
482.2812813,166.8432095,159.1166022,173.116559,159.1434046,166.4432041,
487.2532533,170.2803513,159.2033344,175.1075066,162.0489649,169.4349749,
492.2252252,173.7402075,159.2900619,177.0984615,164.95453,172.3990571,
497.1971972,177.2000636,159.3767933,179.0894177,167.8615274,175.1324331,
502.1691692,180.6599197,159.4635266,181.0803682,170.7758355,177.7158896,
507.1411411,184.1197759,159.5502602,182.9478742,173.6967195,180.2993469,
512.1131131,187.579632,159.6369938,184.4708623,176.617609,182.8827967,
517.0850851,191.0394882,159.7237267,185.6842193,179.5384977,185.4662518,
522.0570571,194.4993443,159.8104549,186.8975803,182.4593857,188.049709,
527.029029,197.9592004,159.8971857,188.1109355,185.3802691,190.6331661,
532.001001,201.4190566,159.9839183,189.3242983,188.3011589,193.2166191,
536.972973,204.8789127,160.0706519,190.5376523,191.2220458,195.8000715,
541.9449449,208.3387688,160.1573826,191.7510147,194.1429288,198.3835285,
546.9169169,211.798625,160.2441116,192.9643758,197.0638187,200.9669848,
551.8888889,215.2584811,160.3308435,194.1777334,199.9847058,203.5504408,
556.8608609,218.7183372,160.4164957,195.3910939,202.9055891,206.1338912,
561.8328328,222.1781934,160.5011458,196.6044524,205.826479,208.7173486,
566.8048048,225.6380495,160.5820138,197.8178101,208.7473683,211.3008037,
571.7767768,229.0979057,160.6628818,199.0311704,211.6682554,213.8842606,
576.7487487,232.5577618,160.7437498,200.2445263,214.5891392,216.4677126,
581.7207207,236.0176179,160.8246177,201.4578893,217.510028,219.0511683,
586.6926927,239.4774741,160.9054857,202.6712517,220.4309152,221.6346235,
591.6646647,242.9373302,160.9863537,203.8846064,223.3518004,224.2180793,
596.6366366,245.856954,161.0672217,205.0979686,226.2726894,226.801534,
601.6086086,248.5782237,161.1480896,206.3113245,229.193575,229.384988,
606.5805806,251.2994934,161.2289576,207.5246847,231.7863516,231.9684441,
611.5525526,254.0207586,161.3098256,208.7380425,233.5657696,234.3384448,
616.5245245,256.742028,161.3906936,209.9514009,234.8938585,235.8842375,
621.4964965,259.4632925,161.4715615,211.164764,236.2219496,237.0666167,
626.4684685,262.1845622,161.5524295,212.3781245,237.5500406,238.248996,
631.4404404,264.9058319,161.6332975,213.5914801,238.8781295,239.4313752,
636.4124124,267.6271016,161.7141654,214.8048425,240.2062155,240.6137545,
641.3843844,270.3483713,161.7950334,216.0181965,241.5343038,241.7961337,
646.3563564,273.069641,161.8759014,217.2315594,242.8623948,242.978513,
651.3283283,275.7909039,161.9567694,218.4449145,244.1904859,244.1608922,
656.3003003,278.5121734,162.0376373,219.6582755,245.5185752,245.3432715,
661.2722723,281.2334401,162.1185053,220.8716386,246.8466613,246.5256517,
666.2442442,283.9547098,162.1993733,221.87082,248.174749,247.7080322,
671.2162162,286.6759795,162.2802413,222.6911966,249.5028401,248.8904112,
676.1881882,289.3972492,162.3611092,223.497577,250.8309312,250.0727902,
681.1601602,292.1185189,162.4419772,224.3039561,252.1590211,251.2551692,
686.1321321,294.8397886,162.5228452,225.1103322,253.487107,252.4375482,
691.1041041,297.5610493,162.6037131,225.9167128,254.8151943,253.6199272,
696.0760761,300.282318,162.6845811,226.7230935,256.1432854,254.8023061,
701.048048,303.0035877,162.7654529,227.5294741,257.4713764,255.9846851,
706.02002,305.1480939,162.8463256,228.3358506,258.7994671,257.167071,
710.991992,306.9197964,162.9271937,229.1422298,260.1275525,258.3494531,
715.963964,308.6914893,163.0080619,229.9486102,261.4556396,259.5318321,
720.9359359,310.4631914,163.0884949,230.7549906,262.7837306,260.7142111,
725.9079079,312.2348939,163.1659251,231.561371,264.1118217,261.8965901,
730.8798799,314.0065876,163.2357269,232.3677515,265.4399128,263.0789691,
735.8518519,315.7782889,163.3006014,233.1741319,266.7679983,264.2613481,
740.8238238,317.5499914,163.36547,233.980512,268.096086,265.4437271,
745.7957958,319.3216939,163.4303423,234.78689,269.3546377,266.6261062,
750.7677678,321.0933864,163.4952174,235.5932707,270.2297515,267.8084871,
755.7397397,322.8650889,163.5600925,236.3996513,270.903089,268.9908664,
760.7117117,324.6367914,163.6249676,237.206032,271.5764282,270.1732457,
765.6836837,326.408487,163.6898427,238.0124071,272.2497678,271.1965584,
770.6556557,328.1801863,163.7547179,238.8187847,272.9231081,271.9095576,
775.6276276,329.9518888,163.8195897,239.6251651,273.5964439,272.5184851,
780.5995996,331.7235853,163.8844583,240.4287483,274.2697799,273.1274107,
785.5715716,333.4952838,163.9493332,241.0752214,274.9431192,273.7363323,
790.5435435,335.2669863,164.0142083,241.3725464,275.6164596,274.3452573,
795.5155155,337.0386836,164.0790834,241.669871,276.2897999,274.9541854,
800.4874875,338.8103813,164.1439586,241.9671875,276.9631364,275.5631069,
805.4594595,340.5820838,164.2088309,242.2645125,277.6364719,276.1720296,
810.4314314,342.353782,164.2736995,242.5618378,278.309811,276.78096,
815.4034034,343.5769282,164.3385739,242.8591566,278.9831513,277.3898816,
820.3753754,344.5472483,164.403449,243.1564795,279.6564917,277.9988031,
825.3473473,345.5175683,164.4683242,243.4538042,280.329829,278.6077327,
830.3193193,346.4878952,164.5331993,243.7511288,281.0031638,279.2166562,
835.2912913,347.4582155,164.5980744,244.0484513,281.6765027,279.8255778,
840.2632633,348.4285385,164.6629495,244.3457709,282.3498431,280.4345049,
845.2352352,349.3988585,164.7278192,244.6430946,283.0231811,281.0434309,
850.2072072,350.3691786,164.7926898,244.9404194,283.6965152,281.6523535,
855.1791792,351.3394986,164.8575649,245.2377383,284.256778,282.2612789,
860.1511512,352.3098187,164.92244,245.5350636,284.4435181,282.8702056,
865.1231231,353.2801387,164.9873151,245.8323863,284.5491607,283.4791274,
870.0950951,354.2504588,165.0521902,246.1297109,284.6548032,284.088051,
875.0670671,355.2207881,165.1170604,246.4270326,284.7604457,284.6969802,
880.039039,356.1911089,165.1819305,246.7243534,284.866089,285.3059018,
885.011011,357.1614289,165.2468056,247.0216766,284.9717315,285.7343967,
889.982983,358.131749,165.3015815,247.3190003,285.0773737,285.9206714,
894.954955,359.102069,165.3456482,247.6163222,285.183016,286.061449,
899.9269269,360.0723891,165.3617197,247.9136463,285.2886584,286.2022304,
904.8988989,361.0427091,165.3777911,248.2006097,285.3943009,286.3430096,
909.8708709,362.0130305,165.3938626,248.279845,285.4999434,286.4837894,
914.8428428,362.9833508,165.4099341,248.3334789,285.6055941,286.6245701,
919.8148148,363.9536793,165.4260098,248.3856158,285.7112372,286.7653483,
924.7867868,364.5230643,165.4420871,248.4377566,285.8168794,286.9061307,
929.7587588,364.966962,165.4581586,248.4898953,285.9225217,287.0469062,
934.7307307,365.4108596,165.4742301,248.5420319,286.0281639,287.1876834,
939.7027027,365.8547573,165.4903015,248.5941685,286.1338062,287.3284664,
944.6746747,366.298655,165.506373,248.6463051,286.2394484,287.4692419,
949.6466466,366.7425626,165.5224445,248.6984417,286.3450935,287.6100253,
954.6186186,367.1864603,165.538516,248.7505785,286.4507362,287.7508024,
959.5905906,367.6303579,165.5545875,248.8027166,286.5563787,287.8915843,
964.5625626,368.0742556,165.570659,248.854853,286.6620212,288.032363,
969.5345345,368.5181532,165.5867305,248.9069967,286.7676637,288.1731433,
974.5065065,368.9620609,165.6028019,248.9591348,286.8731711,288.3139236,
979.4784785,369.4059586,165.6188734,249.0112714,286.9602126,288.4547003,
984.4504505,369.8498562,165.6349449,249.063408,286.9137733,288.5954799,
989.4224224,370.2937539,165.6510164,249.1155446,286.8673339,288.7362594,
994.3943944,370.7376515,165.6670879,249.1676812,286.8208899,288.8770358,
1004.338338,371.6254568,165.6992308,249.2719544,286.7744513,289.0843009,
,,,,,,
0.0,-2.5273078,-3.6129982,-2.2518425,-4.8936716,-2.1244961,
4.971971972,-2.315534312,-3.478192079,-1.775360323,-4.461489785,-2.198474354,
9.943943944,-2.103760824,-3.343386052,-1.298878176,-4.029307882,-2.272452609,
14.91591592,-1.891987327,-3.208579937,-0.822395965,-3.597126055,-2.34643093,
19.88788789,-1.680213836,-3.073773895,-0.34591378,-3.164944164,-2.420409215,
24.85985986,-1.468440345,-2.938967795,0.130568404,-2.732762325,-2.494387486,
29.83183183,-1.256666854,-2.804161774,0.607050592,-2.300580445,-2.568365823,
34.8038038,-0.833477919,-2.669355653,1.083532784,-1.868398539,-2.642344077,
39.77577578,-0.345369558,-2.474959117,1.560014995,-1.436216683,-2.716322389,
44.74774775,0.142738795,-1.127510686,2.036497136,-1.004034832,-2.790300685,
49.71971972,0.63084715,0.266560831,2.512979318,-0.57185297,-2.864278938,
54.69169169,1.118955488,1.660632329,2.98946153,-0.139671106,-2.938257292,
59.66366366,1.607063889,3.054703834,3.465943742,0.292510761,-3.012235546,
64.63563564,2.095172222,4.448775287,3.942425903,0.724692626,-3.086213806,
69.60760761,2.583280554,5.842846821,4.418908066,1.156874488,-3.160192139,
74.57957958,3.071388886,7.325758682,4.895390277,1.589056353,-3.234170408,
79.55155155,3.559497319,10.18860985,5.371872489,2.021238219,-3.308148714,
84.52352352,4.047605651,13.07568467,5.848354612,2.453420078,-3.31519476,
89.4954955,4.535713984,15.9627603,6.324836813,2.885601942,-3.299341771,
94.46746747,5.023822316,18.84983593,7.149130691,3.317783803,-3.28348875,
99.43943944,5.511930705,21.73691062,8.514773499,3.749965664,-3.267635776,
104.4114114,6.000039081,24.62398619,9.920616379,4.182147529,-3.251782739,
109.3833834,6.488147414,27.51106181,11.32645927,4.614329386,-3.235929687,
114.3553554,6.976255746,30.63441738,12.7323026,5.046511261,-3.220076729,
119.3273273,7.464364078,35.92361429,14.13814583,5.47869317,-3.204223689,
124.2992993,7.952472481,41.31492281,15.54398857,5.910875017,-3.188370718,
129.2712713,8.440580843,46.70623132,16.94983159,6.343056896,-3.172517694,
134.2432432,8.928689176,52.09753983,18.35567492,6.775238739,-3.156664708,
139.2152152,9.416797508,57.48884834,19.76151759,7.207420621,-3.140811683,
144.1871872,10.61436872,62.88015686,21.16736067,7.639602463,-3.124958697,
149.1591592,11.94493206,68.1778647,22.57320391,8.573495387,-3.109104699,
154.1311311,13.2754954,72.7456705,23.97904663,9.874586616,-2.604015633,
159.1031031,14.60605873,77.29293459,25.38488976,11.2459036,-1.73623988,
164.0750751,15.93662299,81.84019909,26.7907329,12.61722018,-0.866585139,
169.047047,17.2671864,86.38746288,28.19657567,13.98853657,0.003069584,
174.019019,18.59774974,90.93472752,29.6639584,15.35985349,0.872724308,
178.990991,19.92831307,95.48199145,31.77119699,16.73117019,1.742379022,
183.962963,21.25887641,100.0292579,34.02260133,18.10248653,2.612033767,
188.9349349,22.58943981,104.5765209,36.27400632,19.47380333,3.481688474,
193.9069069,23.92000408,109.093118,38.52541149,20.84512019,4.351343181,
198.8788789,25.25056741,113.3906275,40.77681665,22.21643655,5.220997925,
203.8508509,26.58113075,117.6768378,43.0282216,23.5877532,6.090652633,
208.8228228,27.91169408,121.9630433,45.27962598,24.95907014,6.960307375,
213.7947948,29.24225742,126.24925,47.53103115,26.33038657,7.829962052,
218.7667668,30.57282175,130.535463,49.78243632,27.7017031,8.69961692,
223.7387387,31.90338509,134.8216682,52.03384148,29.07302008,10.03295401,
228.7107107,33.23394843,138.7584928,54.2852457,30.44433658,12.30279141,
233.6826827,34.56451176,140.6334716,56.53665082,31.81565301,14.6441121,
238.6546547,35.8950751,142.426258,58.78805598,33.18696999,16.98543238,
243.6266266,37.2256388,144.2190345,61.03946115,34.5582866,19.32675237,
248.5985986,38.55620277,146.0118142,63.29086598,35.92960294,21.66807253,
253.5705706,40.49301785,147.8045973,65.54227048,37.30091988,24.00939256,
258.5425425,42.66778028,149.5973737,67.79367565,38.67223658,26.35071333,
263.5145145,44.84254171,151.3901579,70.04508081,40.77475606,28.69203332,
268.4864865,47.01730362,153.0005416,72.44098333,43.21769177,31.03335349,
273.4584585,49.19206556,153.4251084,75.10888369,45.69976222,33.37467372,
278.4304304,51.36682699,153.8302546,77.8151706,48.18183268,35.71599428,
283.4024024,53.54158942,154.2354107,80.52145677,50.66390314,38.05731427,
288.3743744,55.71635085,154.6405569,83.22774297,53.14597292,40.39863426,
293.3463463,57.89111262,155.0457051,85.93402974,55.62804306,42.92687245,
298.3183183,60.06587471,155.4508592,88.64031601,58.11011352,46.48288419,
303.2902903,62.24063613,155.8099942,91.34660224,60.59218398,50.10750478,
308.2622623,64.41539856,155.750663,94.05288888,63.07425443,53.73212589,
313.2342342,66.59015999,155.6859598,96.75917525,65.55632441,57.35674624,
318.2062062,68.76492163,155.621258,99.46546075,68.03839435,60.98136661,
323.1781782,70.93968385,155.5565553,102.1717456,70.52046481,64.60598751,
328.1501502,73.11444528,155.491856,104.8780357,73.00253527,68.2306083,
333.1221221,75.2892077,155.4271489,107.5843235,75.48460573,71.85522903,
338.0940941,77.46396913,155.4022408,110.2906059,77.96667591,75.47984984,
343.0660661,79.63873063,155.6554105,112.996896,80.44874564,79.10447036,
348.038038,81.81349299,155.9102039,115.7031761,82.9308161,82.72909143,
353.01001,83.98825442,156.1649924,118.4094661,85.41288656,86.35371207,
357.981982,86.16301683,156.4197788,121.1157562,87.89495702,89.97833242,
362.953954,88.33777828,156.6745664,123.8220363,90.37702736,93.60295287,
367.9259259,90.5125397,156.9293568,126.5283264,92.85909694,97.22757403,
372.8978979,92.68730203,157.2085027,129.3155916,95.3411674,100.8521952,
377.8698699,95.56591063,157.2952363,131.3065478,98.12657252,103.634122,
382.8418418,98.96006707,157.3819689,133.2974959,101.0321354,106.607846,
387.8138138,102.3542281,157.4687003,135.2884503,103.9376956,109.5996103,
392.7857858,105.7483845,157.5554296,137.2794006,106.8432633,112.5913814,
397.7577578,109.1425409,157.6421608,139.2703531,109.7488227,115.5831489,
402.7297297,112.5366973,157.7288944,141.2613091,112.6543912,118.5749184,
407.7017017,115.9308537,157.8156265,143.2522618,115.5599508,121.5666875,
412.6736737,119.3250101,157.9023571,145.2432115,118.4655192,124.5584518,
417.6456456,122.7191665,157.9890858,147.2341678,121.3710783,127.5502189,
422.6176176,126.1133228,158.0758188,149.2251233,124.2766406,130.5419904,
427.5895896,129.5074792,158.1625524,151.2160705,127.182206,133.5337559,
432.5615616,132.9016356,158.249286,153.2070265,130.087766,136.525529,
437.5335335,136.295792,158.3360189,155.1979815,132.993334,139.5172932,
442.5055055,139.6899484,158.4227501,157.1889315,135.8988941,142.5090575,
447.4774775,143.08411,158.509478,159.1798853,138.8044619,145.50083,
452.4494494,146.4782667,158.5962105,161.1708402,141.7100215,148.4925961,
457.4214214,149.8724233,158.682944,163.1617921,144.6155855,151.484365,
462.3933934,153.2665839,158.7696773,165.152744,147.5211488,154.4761335,
467.3653654,156.6607403,158.856406,167.1436979,150.4267093,157.467899,
472.3373373,160.0548967,158.9431349,169.1346465,153.3322767,160.4596675,
477.3093093,163.4490531,159.0298685,171.1256027,156.2378374,163.4514376,
482.2812813,166.8432095,159.1166022,173.116559,159.1434046,166.4432041,
487.2532533,170.2803513,159.2033344,175.1075066,162.0489649,169.4349749,
492.2252252,173.7402075,159.2900619,177.0984615,164.95453,172.3990571,
497.1971972,177.2000636,159.3767933,179.0894177,167.8615274,175.1324331,
502.1691692,180.6599197,159.4635266,181.0803682,170.7758355,177.7158896,
507.1411411,184.1197759,159.5502602,182.9478742,173.6967195,180.2993469,
512.1131131,187.579632,159.6369938,184.4708623,176.617609,182.8827967,
517.0850851,191.0394882,159.7237267,185.6842193,179.5384977,185.4662518,
522.0570571,194.4993443,159.8104549,186.8975803,182.4593857,188.049709,
527.029029,197.9592004,159.8971857,188.1109355,185.3802691,190.6331661,
532.001001,201.4190566,159.9839183,189.3242983,188.3011589,193.2166191,
536.972973,204.8789127,160.0706519,190.5376523,191.2220458,195.8000715,
541.9449449,208.3387688,160.1573826,191.7510147,194.1429288,198.3835285,
546.9169169,211.798625,160.2441116,192.9643758,197.0638187,200.9669848,
551.8888889,215.2584811,160.3308435,194.1777334,199.9847058,203.5504408,
556.8608609,218.7183372,160.4164957,195.3910939,202.9055891,206.1338912,
561.8328328,222.1781934,160.5011458,196.6044524,205.826479,208.7173486,
566.8048048,225.6380495,160.5820138,197.8178101,208.7473683,211.3008037,
571.7767768,229.0979057,160.6628818,199.0311704,211.6682554,213.8842606,
576.7487487,232.5577618,160.7437498,200.2445263,214.5891392,216.4677126,
581.7207207,236.0176179,160.8246177,201.4578893,217.510028,219.0511683,
586.6926927,239.4774741,160.9054857,202.6712517,220.4309152,221.6346235,
591.6646647,242.9373302,160.9863537,203.8846064,223.3518004,224.2180793,
596.6366366,245.856954,161.0672217,205.0979686,226.2726894,226.801534,
601.6086086,248.5782237,161.1480896,206.3113245,229.193575,229.384988,
606.5805806,251.2994934,161.2289576,207.5246847,231.7863516,231.9684441,
611.5525526,254.0207586,161.3098256,208.7380425,233.5657696,234.3384448,
616.5245245,256.742028,161.3906936,209.9514009,234.8938585,235.8842375,
621.4964965,259.4632925,161.4715615,211.164764,236.2219496,237.0666167,
626.4684685,262.1845622,161.5524295,212.3781245,237.5500406,238.248996,
631.4404404,264.9058319,161.6332975,213.5914801,238.8781295,239.4313752,
636.4124124,267.6271016,161.7141654,214.8048425,240.2062155,240.6137545,
641.3843844,270.3483713,161.7950334,216.0181965,241.5343038,241.7961337,
646.3563564,273.069641,161.8759014,217.2315594,242.8623948,242.978513,
651.3283283,275.7909039,161.9567694,218.4449145,244.1904859,244.1608922,
656.3003003,278.5121734,162.0376373,219.6582755,245.5185752,245.3432715,
661.2722723,281.2334401,162.1185053,220.8716386,246.8466613,246.5256517,
666.2442442,283.9547098,162.1993733,221.87082,248.174749,247.7080322,
671.2162162,286.6759795,162.2802413,222.6911966,249.5028401,248.8904112,
676.1881882,289.3972492,162.3611092,223.497577,250.8309312,250.0727902,
681.1601602,292.1185189,162.4419772,224.3039561,252.1590211,251.2551692,
686.1321321,294.8397886,162.5228452,225.1103322,253.487107,252.4375482,
691.1041041,297.5610493,162.6037131,225.9167128,254.8151943,253.6199272,
696.0760761,300.282318,162.6845811,226.7230935,256.1432854,254.8023061,
701.048048,303.0035877,162.7654529,227.5294741,257.4713764,255.9846851,
706.02002,305.1480939,162.8463256,228.3358506,258.7994671,257.167071,
710.991992,306.9197964,162.9271937,229.1422298,260.1275525,258.3494531,
715.963964,308.6914893,163.0080619,229.9486102,261.4556396,259.5318321,
720.9359359,310.4631914,163.0884949,230.7549906,262.7837306,260.7142111,
725.9079079,312.2348939,163.1659251,231.561371,264.1118217,261.8965901,
730.8798799,314.0065876,163.2357269,232.3677515,265.4399128,263.0789691,
735.8518519,315.7782889,163.3006014,233.1741319,266.7679983,264.2613481,
740.8238238,317.5499914,163.36547,233.980512,268.096086,265.4437271,
745.7957958,319.3216939,163.4303423,234.78689,269.3546377,266.6261062,
750.7677678,321.0933864,163.4952174,235.5932707,270.2297515,267.8084871,
755.7397397,322.8650889,163.5600925,236.3996513,270.903089,268.9908664,
760.7117117,324.6367914,163.6249676,237.206032,271.5764282,270.1732457,
765.6836837,326.408487,163.6898427,238.0124071,272.2497678,271.1965584,
770.6556557,328.1801863,163.7547179,238.8187847,272.9231081,271.9095576,
775.6276276,329.9518888,163.8195897,239.6251651,273.5964439,272.5184851,
780.5995996,331.7235853,163.8844583,240.4287483,274.2697799,273.1274107,
785.5715716,333.4952838,163.9493332,241.0752214,274.9431192,273.7363323,
790.5435435,335.2669863,164.0142083,241.3725464,275.6164596,274.3452573,
795.5155155,337.0386836,164.0790834,241.669871,276.2897999,274.9541854,
800.4874875,338.8103813,164.1439586,241.9671875,276.9631364,275.5631069,
805.4594595,340.5820838,164.2088309,242.2645125,277.6364719,276.1720296,
810.4314314,342.353782,164.2736995,242.5618378,278.309811,276.78096,
815.4034034,343.5769282,164.3385739,242.8591566,278.9831513,277.3898816,
820.3753754,344.5472483,164.403449,243.1564795,279.6564917,277.9988031,
825.3473473,345.5175683,164.4683242,243.4538042,280.329829,278.6077327,
830.3193193,346.4878952,164.5331993,243.7511288,281.0031638,279.2166562,
835.2912913,347.4582155,164.5980744,244.0484513,281.6765027,279.8255778,
840.2632633,348.4285385,164.6629495,244.3457709,282.3498431,280.4345049,
845.2352352,349.3988585,164.7278192,244.6430946,283.0231811,281.0434309,
850.2072072,350.3691786,164.7926898,244.9404194,283.6965152,281.6523535,
855.1791792,351.3394986,164.8575649,245.2377383,284.256778,282.2612789,
860.1511512,352.3098187,164.92244,245.5350636,284.4435181,282.8702056,
865.1231231,353.2801387,164.9873151,245.8323863,284.5491607,283.4791274,
870.0950951,354.2504588,165.0521902,246.1297109,284.6548032,284.088051,
875.0670671,355.2207881,165.1170604,246.4270326,284.7604457,284.6969802,
880.039039,356.1911089,165.1819305,246.7243534,284.866089,285.3059018,
885.011011,357.1614289,165.2468056,247.0216766,284.9717315,285.7343967,
889.982983,358.131749,165.3015815,247.3190003,285.0773737,285.9206714,
894.954955,359.102069,165.3456482,247.6163222,285.183016,286.061449,
899.9269269,360.0723891,165.3617197,247.9136463,285.2886584,286.2022304,
904.8988989,361.0427091,165.3777911,248.2006097,285.3943009,286.3430096,
909.8708709,362.0130305,165.3938626,248.279845,285.4999434,286.4837894,
914.8428428,362.9833508,165.4099341,248.3334789,285.6055941,286.6245701,
919.8148148,363.9536793,165.4260098,248.3856158,285.7112372,286.7653483,
924.7867868,364.5230643,165.4420871,248.4377566,285.8168794,286.9061307,
929.7587588,364.966962,165.4581586,248.4898953,285.9225217,287.0469062,
934.7307307,365.4108596,165.4742301,248.5420319,286.0281639,287.1876834,
939.7027027,365.8547573,165.4903015,248.5941685,286.1338062,287.3284664,
944.6746747,366.298655,165.506373,248.6463051,286.2394484,287.4692419,
949.6466466,366.7425626,165.5224445,248.6984417,286.3450935,287.6100253,
954.6186186,367.1864603,165.538516,248.7505785,286.4507362,287.7508024,
959.5905906,367.6303579,165.5545875,248.8027166,286.5563787,287.8915843,
964.5625626,368.0742556,165.570659,248.854853,286.6620212,288.032363,
969.5345345,368.5181532,165.5867305,248.9069967,286.7676637,288.1731433,
974.5065065,368.9620609,165.6028019,248.9591348,286.8731711,288.3139236,
979.4784785,369.4059586,165.6188734,249.0112714,286.9602126,288.4547003,
984.4504505,369.8498562,165.6349449,249.063408,286.9137733,288.5954799,
989.4224224,370.2937539,165.6510164,249.1155446,286.8673339,288.7362594,
994.3943944,370.7376515,165.6670879,249.1676812,286.8208899,288.8770358,
999.3663664,371.1815529,165.6831594,249.2198178,286.7744513,289.0158563,
1004.338338,371.6254568,165.6992308,249.2719544,286.7280114,289.0843009,
1009.31031,372.0693545,165.7153023,249.3240918,286.6815733,289.0837641,
1014.282282,372.5132522,165.7313738,249.3762365,286.6351325,289.0789196,
1019.254254,372.9571498,165.7474453,249.4283729,286.5886888,289.0740687,
1024.226226,373.4010475,165.7635168,249.4805105,286.5422513,289.0692219,
1029.198198,373.8449551,165.7795883,249.4902283,286.4958096,289.0643725,
1034.17017,374.1075408,165.7956598,249.4874077,286.4493661,289.0595242,
1039.142142,374.2671013,165.8117334,249.4840076,286.4029292,289.0546764,
1044.114114,374.4266519,165.8278115,249.4806075,286.3564877,289.0498265,
1049.086086,374.5862025,165.8438842,249.4772074,286.3100511,289.0449808,
1054.058058,374.7457537,165.8576772,249.4738073,286.2636081,289.0401306,
1059.03003,374.9053137,165.8659223,249.4704077,286.2171652,289.0352849,
1064.002002,375.0648642,165.8442405,249.4670107,286.170729,289.0304411,
1068.973974,375.2244148,165.8137277,249.4636108,286.1242852,289.0255881,
1073.945946,375.3839754,165.783215,249.460211,286.0778426,289.0207434,
1078.917918,375.543526,165.7527022,249.4568111,286.0314066,289.015892,
1083.88989,375.7030766,165.7221895,249.4534112,285.9858474,289.0110457,
1088.861862,375.8626358,165.6916767,249.4500114,285.9481298,289.0061958,
1093.833834,376.0221877,165.6611639,249.4466115,285.9268629,289.001348,
1098.805806,376.1817383,165.6306512,249.4432117,285.905596,288.9964997,
1103.777778,376.3412889,165.6001384,249.4398118,285.884329,288.9916503,
1108.74975,376.5008495,165.5696241,249.4364119,285.8630626,288.9868062,
1113.721722,376.6604001,165.5391092,249.4330121,285.8417993,288.9819598,
1118.693694,376.8199506,165.5085963,249.4296122,285.8205383,288.976818,
1123.665666,376.9795112,165.4780834,249.4262124,285.7992713,288.9696526,
1128.637638,377.1390618,165.4475704,249.4228125,285.7780044,288.9590582,
1133.60961,377.2986124,165.4170575,249.4194147,285.7567375,288.9484567,
1138.581582,377.458163,165.3865445,249.4160153,285.7354706,288.9378616,
1143.553554,377.5105639,165.3560316,249.4126152,285.7142049,288.9272674,
1148.525526,377.5201843,165.3255186,249.3879241,285.6929427,288.9166714,
1153.497497,377.5298002,165.2950057,249.3413629,285.6716798,288.9060761,
1158.469469,377.5394208,165.2644927,249.2905495,285.6504129,288.8954816,
1163.441441,377.5490364,165.2339798,249.2397324,285.629146,288.8848872,
1168.413413,377.5586579,165.2034668,249.1889206,285.6078791,288.8742928,
1173.385385,377.5682776,165.1729539,249.1381096,285.5866121,288.8636969,
1178.357357,377.5778933,165.142441,249.0872898,285.5653452,288.8530983,
1183.329329,377.5875156,165.111928,249.0364783,285.5440806,288.8425041,
1188.301301,377.5971315,165.0814151,248.9856675,285.5228191,288.8319098,
1193.273273,377.6067502,165.0509021,248.9348503,285.5024369,288.821311,
1198.245245,377.6163733,165.0203892,248.884036,285.4975336,288.8107162,
1203.217217,377.6259892,164.9898762,248.8332248,285.5154425,288.8001218,
1208.189189,377.635607,164.9593633,248.7824102,285.533355,288.7895274,
1213.161161,377.6452227,164.9288503,248.7315936,285.5512674,288.778933,
1218.133133,377.6548469,164.8983374,248.6807826,285.5691754,288.7683367,
1223.105105,377.6644639,164.8645475,248.6299696,285.5870839,288.7577408,
1228.077077,377.6740795,164.8261876,248.5791514,285.6049963,288.7471466,
1233.049049,377.6837047,164.780369,248.5283406,285.6229092,288.7365525,
1238.021021,377.6933206,164.7345495,248.4775277,285.6408171,288.7253903,
1242.992993,377.7029365,164.6887302,248.4267111,285.6587251,288.7120231,
1247.964965,377.712562,164.6429118,248.3758983,285.676633,288.6962735,
1252.936937,377.6775662,164.5970934,248.3250822,285.6945455,288.680524,
1257.908909,377.6116679,164.551275,248.2742667,285.7124587,288.6647744,
1262.880881,377.5457695,164.5054565,248.223456,285.7303668,288.6490249,
1267.852853,377.4798712,164.4596381,248.1528231,285.7482748,288.6332753,
1272.824825,377.4139728,164.4138197,248.0290152,285.766187,288.6175258,
1277.796797,377.3480824,164.3680013,247.9000135,285.7840999,288.6017762,
1282.768769,377.2821838,164.3221781,247.7710161,285.8020086,288.5860267,
1287.740741,377.2162852,164.2763544,247.6420184,285.8199165,288.5702771,
1292.712713,377.1503866,164.230536,247.5130169,285.8378245,288.5545276,
1297.684685,377.0844879,164.1847176,247.3840179,285.8557363,288.538778,
1302.656657,377.0185893,164.1388991,247.2550205,285.8725213,288.5230285,
1307.628629,376.9526907,164.0930807,247.1260207,285.8812213,288.5072789,
1312.600601,376.886792,164.0472623,246.9970186,285.8843296,288.4915294,
1317.572573,376.8208934,164.0014439,246.8680176,285.8874379,288.4757798,
1322.544545,376.7549948,163.9556254,246.7390192,285.8905463,288.4600303,
1327.516517,376.6890962,163.909807,246.6100224,285.8936546,288.4442807,
1332.488488,376.6231975,163.8639885,246.4810205,285.8967629,288.4285312,
1337.46046,376.5572989,163.8181687,246.3520205,285.8998712,288.4127816,
1342.432432,376.4914003,163.7723467,246.2230251,285.9029795,288.3970321,
1347.404404,376.4255016,163.7265233,246.0940242,285.9060878,288.3812825,
1352.376376,376.359603,163.6807049,245.9650231,285.9091961,288.365533,
1357.348348,376.2937044,163.6348865,245.8360264,285.9123044,288.3492864,
1362.32032,376.2368802,163.589068,245.7070279,285.9154127,288.3317956,
1367.292292,376.1845651,163.5432496,245.5780259,285.9185211,288.3133906,
1372.264264,376.1322499,163.4974312,245.4490239,285.9216294,288.2949847,
1377.236236,376.0799348,163.4516128,245.3200241,285.9247377,288.2765706,
1382.208208,376.0276196,163.4057943,245.1910297,285.927846,288.2581656,
1387.18018,375.9753045,163.3639927,245.0616959,285.9309543,288.2397606,
1392.152152,375.9229978,163.326989,244.9146425,285.9340626,288.2213479,
1397.124124,375.870683,163.3073642,244.7675359,285.937172,288.2029406,
1402.096096,375.8183691,163.2889132,244.6204243,285.9402869,288.1845356,
1407.068068,375.7660539,163.2704616,244.4733127,285.9433975,288.1661253,
1412.04004,375.7137388,163.2520106,244.3262011,285.9400741,288.1477156,
1417.012012,375.6614236,163.2335596,244.1790895,285.9106926,288.1293094,
1421.983984,375.6091085,163.2151084,244.0319779,285.8731321,288.1109005,
1426.955956,375.5567933,163.1966571,243.8848664,285.8355716,288.0924906,
1431.927928,375.5044782,163.178206,243.7377548,285.7980112,288.0740842,
1436.8999,375.4521631,163.1597552,243.5906432,285.7604507,288.0556706,
1441.871872,375.3998479,163.1413069,243.4435316,285.7228902,288.0372656,
1446.843844,375.3475343,163.1228571,243.29642,285.6853227,288.0188606,
1451.815816,375.2952195,163.1044028,243.1493085,285.6477595,288.0004474,
1456.787788,375.2429125,163.0859536,243.0021969,285.6101987,287.9820406,
1461.75976,375.1905973,163.0675046,242.8550853,285.5726382,287.9636356,
1466.731732,375.1382822,163.0490524,242.7079737,285.5350777,287.9452248,
1471.703704,375.085967,163.0306019,242.5608621,285.4975173,287.9268156,
1476.675676,375.0336519,163.0121514,242.4137505,285.4599568,287.9042309,
1481.647648,374.9813367,162.9936988,242.266639,285.4223905,287.8717283,
1486.61962,374.9381541,162.9752484,242.1195274,285.3848293,287.8308436,
1491.591592,374.9031652,162.9567983,241.9724158,285.3472657,287.7899607,
1496.563564,374.8681825,162.9383453,241.8253042,285.3097048,287.7490841,
1501.535536,374.8331998,162.9198949,241.6781926,285.2721443,287.7081994,
1506.507508,374.7982122,162.9014459,241.5310811,285.2345838,287.6673146,
1511.479479,374.7632293,162.8829982,241.4184897,285.1970234,287.6264386,
1516.451451,374.7282418,162.8645462,241.3210802,285.1594585,287.5855552,
1521.423423,374.6932591,162.8460927,241.2259299,285.1188443,287.5446704,
1526.395395,374.6582764,162.8276449,241.1307836,285.0471793,287.503792,
1531.367367,374.6232874,162.8091932,241.0356342,284.9730317,287.462911,
1536.339339,374.5883044,162.7907394,240.9404811,284.8988834,287.4220262,
1541.311311,374.5533184,162.7722916,240.8453348,284.8247351,287.3811454,
1546.283283,374.5183357,162.7538402,240.7501881,284.7505966,287.3402668,
1551.255255,374.483353,162.7353862,240.6550328,284.6764486,287.299382,
1556.227227,374.4483626,162.7169382,240.5598859,284.6023004,287.2584989,
1561.199199,374.4133796,162.698487,240.4647397,284.5281521,287.2176226,
1566.171171,374.378395,162.6800328,240.3695867,284.4540138,287.1767378,
1571.143143,374.3434123,162.661585,240.2744371,284.3798656,287.1358531,
1576.115115,374.3084296,162.6471594,240.1792908,284.3057173,287.0949768,
1581.087087,374.2734469,162.6370736,240.0841446,284.2315693,287.0540936,
1586.059059,374.2384548,162.6633683,239.9889953,284.1574308,287.0132089,
1591.031031,374.2034715,162.691099,239.893842,284.0832825,286.9723302,
1596.003003,374.1818522,162.7188297,239.7986957,284.0091343,286.9242758,
1600.974975,374.1689946,162.7465604,239.7035493,283.934986,286.8642081,
1605.946947,374.1561274,162.7742911,239.6083939,283.8608384,286.7971053,
1610.918919,374.14327,162.8020218,239.5132469,283.7866995,286.7300007,
1615.890891,374.1304126,162.8297512,239.4181006,283.7125512,286.6629001,
1620.862863,374.1175538,162.857479,239.3229479,283.638403,286.5957993,
1625.834835,374.1046961,162.8852047,239.227798,283.5638692,286.5286966,
1630.806807,374.0918304,162.9129347,239.1653719,283.4837614,286.4615963,
1635.778779,374.078973,162.9406654,239.1365437,283.3864388,286.394496,
1640.750751,374.0661131,162.9683961,239.1097676,283.2891113,286.3273957,
1645.722723,374.0532554,162.9961268,239.0829914,283.1917891,286.260289,
1650.694695,374.0403907,163.0238576,239.0562152,283.0944674,286.1931862,
1655.666667,374.0275333,163.0515883,239.029439,282.9971386,286.1260856,
1660.638639,374.0146759,163.0793169,239.0026628,282.8998173,286.0589848,
1665.610611,374.0018146,163.1070446,238.9758866,282.802491,285.9918841,
1670.582583,373.9889511,163.1347714,238.9491104,282.7051667,285.9247838,
1675.554555,373.9760937,163.1625011,238.9223343,282.6078409,285.8576834,
1680.526527,373.9632363,163.1902318,238.8955581,282.5105172,285.7905828,
1685.498498,373.9503739,163.2179625,238.8687819,282.4131949,285.7234814,
1690.47047,373.9375162,163.2456933,238.8420057,282.3158666,285.6563726,
1695.442442,373.9246541,163.273424,238.8152295,282.2185454,285.5892723,
1700.414414,373.9117967,163.3011547,238.7884533,282.1212204,285.522172,
1705.386386,373.8991579,163.3288829,238.7616771,282.0238949,285.4550717,
1710.358358,373.8867577,163.35661,238.734901,281.9265702,285.3879714,
1715.33033,373.8743642,163.3843379,238.7081248,281.8292444,285.3187411,
1720.302302,373.8619642,163.4120675,238.6813486,281.73192,285.2451467,
1725.274274,373.8495671,163.4397983,238.6545724,281.6345947,285.1692468,
1730.246246,373.8371668,163.467529,238.6277962,281.5372717,285.0933468,
1735.218218,373.8247666,163.4952597,238.60102,281.440372,285.0174469,
1740.19019,373.8123745,163.523056,238.5742438,281.354172,284.9415469,
1745.162162,373.7999762,163.5518236,238.5477042,281.291555,284.8656469,
1750.134134,373.787576,163.589905,238.5276312,281.2289413,284.789747,
1755.106106,373.7751758,163.6357843,238.5259719,281.1663297,284.713847,
1760.078078,373.7627848,163.6816682,238.5243125,281.1037123,284.6379471,
1765.05005,373.7503854,163.7275521,238.5226531,281.0410948,284.5620431,
1770.022022,373.7379852,163.773436,238.5209938,280.9784774,284.4861421,
1774.993994,373.725585,163.8193199,238.5193344,280.9158635,284.4102388,
1779.965966,373.7131947,163.8652033,238.517675,280.8532525,284.3343372,
1784.937938,373.7007945,163.9110863,238.5160156,280.7906351,284.2584373,
1789.90991,373.6883943,163.9569703,238.5143563,280.7280177,284.1825373,
1794.881882,373.6759953,164.0028518,238.5126969,280.6654003,284.1066374,
1799.853854,373.6636039,164.0487298,238.5110375,280.6027867,284.0307374,
1804.825826,373.6512037,164.0946132,238.5093781,280.5401754,283.9548374,
1809.797798,373.6388035,164.1404971,238.5077188,280.477558,283.8789375,
1814.76977,373.6291453,164.186381,238.5060594,280.4149405,283.8030375,
1819.741742,373.6216574,164.2322649,238.5044,280.3523231,283.7271376,
1824.713714,373.6141723,164.2781488,238.5027407,280.2897088,283.6512376,
1829.685686,373.6066846,164.3240327,238.5010813,280.2270966,283.5753311,
1834.657658,373.5991969,164.3699113,238.4994199,280.1644808,283.4994293,
1839.62963,373.5917093,164.415791,238.4977592,280.1018634,283.4235283,
1844.601602,373.5842276,164.4616751,238.4960996,280.0412926,283.3476278,
1849.573574,373.5767396,164.5075586,238.49444,279.9982262,283.2739897,
1854.545546,373.5692562,164.5534421,238.4927804,279.9721437,283.2092747,
1859.517518,373.5617685,164.599326,238.4911207,279.9460589,283.1532356,
1864.489489,373.5542809,164.6452099,238.4894611,279.9199768,283.0971965,
1869.461461,373.5467978,164.6910938,238.4878015,279.8938946,283.0411591,
1874.433433,373.5393098,164.7369777,238.5076384,279.8678098,282.9851283,
1879.405405,373.5318219,164.7828579,238.5297762,279.8417274,282.9290892,
1884.377377,373.5243402,164.8287377,238.5521784,279.8156476,282.8730501,
1889.349349,373.5168525,164.8746218,238.5745806,279.7895624,282.817011,
1894.321321,373.5093648,164.9205046,238.5969827,279.763478,282.7609719,
1899.293293,373.5018801,164.9663871,238.6193849,279.7373983,282.7049328,
1904.265265,373.4943921,165.012271,238.6417871,279.711317,282.6488937,
1909.237237,373.4869118,165.0554422,238.6641892,279.6852318,282.5928587,
1914.209209,373.4794241,165.0936974,238.6865914,279.6591489,282.5368242,
1919.181181,373.4719364,165.1083091,238.7089935,279.633068,282.4807864,
1924.153153,373.4644487,165.1229168,238.7313957,279.6069826,282.4247473,
1929.125125,373.4569623,165.1375225,238.7537979,279.5808995,282.3687082,
1934.097097,373.4494744,165.1521342,238.7762,279.5548191,282.3126691,
1939.069069,373.4449345,165.1667442,238.7986022,279.5287333,282.25663,
1944.041041,373.4445267,165.181353,238.8210044,279.5026501,282.2005909,
1949.013013,373.4441188,165.195961,238.8434065,279.4765703,282.1445519,
1953.984985,373.4437014,165.2105693,238.8658087,279.4561695,282.088521,
1958.956957,373.4432934,165.2251777,238.8882109,279.4622073,282.0324837,
1963.928929,373.4428857,165.2397861,238.910613,279.4806368,281.9764446,
1968.900901,373.4424689,165.2543943,238.9330152,279.4990656,281.9204055,
1973.872873,373.4420602,165.2690024,238.9554173,279.5174945,281.8643664,
1978.844845,373.4416524,165.2836111,238.9778195,279.5359237,281.8083273,
1983.816817,373.4412447,165.2982213,239.0002217,279.5543528,281.753874,
1988.788789,373.4408269,165.312833,239.0226238,279.5727764,281.7173375,
1993.760761,373.4404191,165.3274385,239.034415,279.5912035,281.7175938,
1998.732733,373.4400114,165.3420464,239.0421359,279.6096329,281.7178497,
2003.704705,373.4395966,165.3566581,239.0497476,279.6280602,281.7181035,
2008.676677,373.4391859,165.3712657,239.0573593,279.6464886,281.71836,
2013.648649,373.4387781,165.3858738,239.0649709,279.6649178,281.7186166,
2018.620621,373.4383641,165.4004835,239.0725826,279.683347,281.7188668,
2023.592593,373.4379526,165.4150906,239.0801942,279.7017716,281.7191215,
2028.564565,373.4375448,165.4296985,239.0878059,279.7201996,281.7193778,
2033.536537,373.4371371,165.4443086,239.0954175,279.738629,281.7196334,
2038.508509,373.4367242,165.4589156,239.1030292,279.7570546,281.7198893,
2043.48048,373.4363116,165.4735232,239.1106408,279.7754828,281.7201421,
2048.452452,373.4277226,165.4881337,239.1182525,279.793912,281.7203929,
2053.424424,373.4107285,165.5027451,239.1258641,279.8123411,281.7206492,
2058.396396,373.3937343,165.5173551,239.1334758,279.8307703,281.7209055,
2063.368368,373.3767402,165.5319602,239.1410874,279.8503752,281.7211618,
2068.34034,373.359746,165.5465702,239.1486991,279.8850726,281.721418,
2073.312312,373.3427519,165.5609092,239.1563107,279.922707,281.7216743,
2078.284284,373.3257577,165.5743238,239.163922,279.9603466,281.7219231,
2083.256256,373.3087636,165.5845777,239.1715298,279.9979872,281.7221782,
2088.228228,373.2917695,165.5935333,239.1791417,280.0356278,281.7224336,
2093.2002,373.2747753,165.6024889,239.1867536,280.0732684,281.7226895,
2098.172172,373.2577812,165.6114444,239.1943655,280.1109074,281.7229457,
2103.144144,373.240787,165.6203999,239.2019774,280.1485404,281.7262635,
2108.116116,373.2237929,165.6293557,239.2095856,280.1861802,281.7469515,
2113.088088,373.2067987,165.6383114,239.2171939,280.2238207,281.7886541,
2118.06006,373.1898046,165.6472677,239.2248056,280.2614613,281.8303608,
2123.032032,373.1728105,165.6562291,239.2324172,280.2991016,281.8720617,
2128.004004,373.1558163,165.665187,239.2348259,280.3367425,281.91377,
2132.975976,373.1388219,165.6741425,239.2108831,280.3743738,281.9554697,
2137.947948,373.1218275,165.6830979,239.1813563,280.4120137,281.9971783,
2142.91992,373.1048331,165.6920541,239.1518207,280.4496543,282.0388789,
2147.891892,373.0878386,165.7010108,239.1222848,280.4872949,282.0805859,
2152.863864,373.0708442,165.7099664,239.0927488,280.5249355,282.1222882,
2157.835836,373.0436342,165.7189246,239.0632129,280.5625678,282.1639936,
2162.807808,372.9989859,165.7278851,239.033682,280.6002086,282.2056974,
2167.77978,372.9543276,165.7368406,239.0041511,280.6378557,282.2474013,
2172.751752,372.9096793,165.745796,238.9746151,280.6766143,282.2891067,
2177.723724,372.865031,165.7547514,238.9450792,280.7210057,282.3308089,
2182.695696,372.8203827,165.763709,238.9155433,280.7654016,282.372516,
2187.667668,372.7757243,165.7726658,238.8860077,280.8097999,282.4142166,
2192.63964,372.731076,165.7816214,238.8564808,280.8541922,282.4559252,
2197.611612,372.6864277,165.7905807,238.8269455,280.8985874,282.4976248,
2202.583584,372.6417694,165.7995387,238.7974095,280.9429856,282.5393331,
2207.555556,372.5971211,165.8084941,238.7678736,280.9873787,282.5810341,
2212.527528,372.5524728,165.8174495,238.7383377,281.0317732,282.6227408,
2217.499499,372.5078245,165.826405,238.7088065,281.0761714,282.6644434,
2222.471471,372.4631662,165.8353604,238.6792758,281.1205652,282.7025594,
2227.443443,372.4185179,165.8443187,238.6497399,281.164959,282.7278851,
2232.415415,372.3738696,165.8532765,238.620204,281.2093572,282.7432954,
2237.387387,372.3292174,165.8622321,238.590668,281.2537516,282.7587057,
2242.359359,372.284563,165.8723462,238.5611322,281.2981444,282.7741143,
2247.331331,372.2399146,165.8870746,238.5316053,281.3425401,282.7895177,
2252.303303,372.1952663,165.9123765,238.477686,281.3869379,282.8049283,
2257.275275,372.150608,165.9376734,238.4127246,281.4313302,282.8203389,
2262.247247,372.1059597,165.9629704,238.3457061,281.4757268,282.8357496,
2267.219219,372.0586162,165.9882724,238.2786862,281.5201243,282.8511602,
2272.191191,372.0079418,166.0135695,238.2116666,281.5645161,282.8665642,
2277.163163,371.9572674,166.0388663,238.1446493,281.6083654,282.8819729,
2282.135135,371.9065916,166.0641682,238.077632,281.6479492,282.8973828,
2287.107107,371.8559086,166.0894656,238.0106147,281.6797241,282.9127928,
2292.079079,371.8052342,166.1147621,237.9435971,281.711499,282.9282001,
2297.051051,371.7545598,166.1400641,237.8765768,281.7432761,282.9436065,
2302.023023,371.7038852,166.1653617,237.8095535,281.7750587,282.9590166,
2306.994995,371.6532011,166.190658,237.7425355,281.8068337,282.9744254,
2311.966967,371.6025266,166.2159599,237.6755182,281.8386086,282.9898361,
2316.938939,371.5518522,166.2412578,237.6085009,281.8703838,283.0052464,
2321.910911,371.5011778,166.2665538,237.5414836,281.9021618,283.0206513,
2326.882883,371.4504946,166.2918558,237.4744656,281.9339434,283.036062,
2331.854855,371.399819,166.3171539,237.4074445,281.9657183,283.0514694,
2336.826827,371.3491446,166.3424497,237.3404217,281.9974932,283.0668793,
2341.798799,371.2984702,166.3677516,237.2734044,282.0292711,283.0785522,
2346.770771,371.2477881,166.39305,237.2063871,282.061053,283.0604892,
2351.742743,371.1971115,166.4183455,237.1393698,282.0928279,283.0251489,
2356.714715,371.1464371,166.4436475,237.0723525,282.1246028,282.9898083,
2361.686687,371.0957627,166.4689462,237.0053352,282.1563788,282.9544679,
2366.658659,371.0450817,166.4942416,236.9383112,282.1881583,282.9191267,
2371.630631,370.9944039,166.5195434,236.8626736,282.2199375,282.8837835,
2376.602603,370.9475537,166.5448453,236.7805366,282.2517124,282.8484469,
2381.574575,370.9087226,166.5701472,236.6968389,282.2834873,282.8131021,
2386.546547,370.8699015,166.5954429,236.6131436,282.3138778,282.7777664,
2391.518519,370.8310804,166.6207411,236.5294447,282.3297713,282.7424221,
2396.49049,370.7922593,166.6460431,236.445751,282.3258388,282.707085,
2401.462462,370.7534328,166.6713391,236.362058,282.3219032,282.6717423,
2406.434434,370.7146071,166.6948623,236.2783562,282.3179677,282.6364036,
2411.406406,370.675786,166.7156418,236.194663,282.3140322,282.6010624,
2416.378378,370.6369649,166.7163784,236.1109628,282.3100967,282.5657221,
2421.35035,370.5981438,166.7142084,236.0272677,282.3061612,282.5303826,
2426.322322,370.5593159,166.7120349,235.9435694,282.3022256,282.4950407,
2431.294294,370.5204916,166.7098629,235.8598724,282.2982902,282.4597027,
2436.266266,370.4816705,166.7076921,235.7761759,282.2943546,282.4243593,
2441.238238,370.4428494,166.7055235,235.6924771,282.2904191,282.3890229,
2446.21021,370.4040283,166.7033509,235.6087834,282.2864836,282.353678,
2451.182182,370.3651972,166.7011781,235.5250859,282.282548,282.3183418,
2456.154154,370.3263761,166.6990069,235.4413891,282.2786126,282.2829981,
2461.126126,370.287555,166.6968372,235.3576965,282.2746769,282.245536,
2466.098098,370.2487339,166.694667,235.2739956,282.2707416,282.1990197,
2471.07007,370.2099035,166.6924935,235.1903012,282.2668058,282.1493132,
2476.042042,370.1710817,166.6903221,235.1066021,282.2628706,282.0996057,
2481.014014,370.1322606,166.6881516,235.0229059,282.2589347,282.0498982,
2485.985986,370.0931316,166.6859819,234.9392087,282.2549995,282.0001916,
2490.957958,370.0535447,166.6838095,234.8648143,282.2510637,281.9504812,
2495.92993,370.0139578,166.6816366,234.8057043,282.2444395,281.9007714,
2500.901902,369.9743709,166.6794665,234.7490968,282.2233369,281.8510677,
2505.873874,369.934784,166.6772963,234.6924869,282.1926403,281.8013562,
2510.845846,369.8951971,166.6751256,234.635877,282.1619429,281.7516504,
2515.817818,369.8556102,166.6729521,234.5792671,282.1312463,281.701942,
2520.78979,369.8160233,166.670781,234.5226638,282.1005474,281.6522354,
2525.761762,369.7764364,166.6686114,234.4660558,282.0698468,281.6025278,
2530.733734,369.7368495,166.6664405,234.4094461,282.0391502,281.5528206,
2535.705706,369.6972626,166.6642682,234.352837,282.0084528,281.5031134,
2540.677678,369.6576689,166.6620949,234.2962277,281.9777561,281.4534037,
2545.64965,369.6180823,166.6599259,234.2396178,281.9470564,281.403696,
2550.621622,369.5784957,166.6577557,234.183008,281.9163568,281.3539902,
2555.593594,369.5389091,166.6555842,234.1263981,281.8856599,281.3042809,
2560.565566,369.4993181,166.6534107,234.0697889,281.8549628,281.2545767,
2565.537538,369.4597312,166.6512397,234.0131879,281.8242658,281.2048652,
2570.50951,369.4201443,166.6490713,233.9565784,281.7935653,281.1551566,
2575.481481,369.3805574,166.6448041,233.8999685,281.7628701,281.1054509,
2580.453453,369.3409705,166.6172617,233.8433587,281.7321709,281.0652249,
2585.425425,369.3013836,166.5619837,233.7867488,281.701473,281.0504592,
2590.397397,369.2617967,166.5067066,233.7301398,281.6707754,281.0404892,
2595.369369,369.2179923,166.4514291,233.6735309,281.6400743,281.0305176,
2600.341341,369.1695519,166.3961509,233.6169213,281.6093794,281.0205469,
2605.313313,369.1211083,166.340878,233.5603133,281.5784916,281.0105798,
2610.285285,369.0726713,166.2856036,233.5142197,281.5444031,281.0006127,
2615.257257,369.0242343,166.2303256,233.534786,281.5092327,280.9906411,
2620.229229,368.975795,166.1750476,233.5805013,281.4740652,280.9806695,
2625.201201,368.9273503,166.1197696,233.6262166,281.4388944,280.970698,
2630.173173,368.8789133,166.0644916,233.6719318,281.4037273,280.9607272,
2635.145145,368.8304763,166.0092136,233.7176471,281.3685561,280.9507645,
2640.117117,368.7820381,165.9539355,233.7633591,281.3333895,280.9407931,
2645.089089,368.7335923,165.8986575,233.8090699,281.2982178,280.9308215,
2650.061061,368.6851553,165.8433795,233.8547828,281.2630516,280.9208499,
2655.033033,368.6367179,165.7881015,233.9004981,281.2278795,280.9108842,
2660.005005,368.5882713,165.7328235,233.9462133,281.1927136,280.9009162,
2664.976977,368.5398342,165.6775455,233.9919286,281.1575415,280.890945,
2669.948949,368.4913972,165.6222687,234.0376438,281.1223754,280.8809734,
2674.920921,368.4429602,165.5669962,234.0833555,281.0872036,280.8710045,
2679.892893,368.3945143,165.5117196,234.1290654,281.0520372,280.8610386,
2684.864865,368.3460762,165.4564417,234.1747796,281.0168656,280.8510686,
2689.836837,368.2976392,165.401165,234.2204949,280.981699,280.841097,
2694.808809,368.2492022,165.3458874,234.2662101,280.9465277,280.831194,
2699.780781,368.2007574,165.2906093,234.3119254,280.911354,280.8233898,
2704.752753,368.1523182,165.2353313,234.3576398,280.8761866,280.8287592,
2709.724725,368.1038812,165.1800533,234.4033537,280.8410159,280.834885,
2714.696697,368.0554372,165.1247753,234.4490678,280.8054958,280.8410066,
2719.668669,368.0033027,165.0694973,234.4947764,280.7676484,280.8471309,
2724.640641,367.9438579,165.0142193,234.5404917,280.7296108,280.8532543,
2729.612613,367.8844093,164.9589412,234.5862069,280.6915789,280.8593781,
2734.584585,367.8249584,164.9036632,234.6816332,280.6535473,280.8655039,
2739.556557,367.7655136,164.8460467,234.7932896,280.6155157,280.8716297,
2744.528529,367.7060641,164.7853728,234.9076543,280.5774793,280.8777545,
2749.500501,367.646614,164.6943708,235.0220193,280.5394473,280.8838762,
2754.472472,367.5871692,164.6033671,235.1363842,280.501411,280.8899971,
2759.444444,367.5277189,164.5123616,235.2507492,280.4633794,280.8961229,
2764.416416,367.4682697,164.4213566,235.365114,280.4253478,280.9022487,
2769.388388,367.4088249,164.3303515,235.479477,280.3873161,280.9083745,
2774.36036,367.3493737,164.2393464,235.5938341,280.349278,280.9144981,
2779.332332,367.2899253,164.148341,235.7081991,280.311246,280.9206183,
2784.304304,367.2304805,164.0573371,235.8225641,280.2732115,280.9267418,
2789.276276,367.1710357,163.9663352,235.9369291,280.2351799,280.9328676,
2794.248248,367.1115834,163.8753271,236.051294,280.1971479,280.9389934,
2799.22022,367.0521362,163.7843213,236.165659,280.1591087,280.9451192,
2804.192192,366.9926914,163.6933193,236.2800226,280.1210767,280.9512447,
2809.164164,366.9332382,163.6023154,236.3943833,280.0830436,280.9573679,
2814.136136,366.8737918,163.5113104,236.508744,280.045012,280.9634866,
2819.108108,366.814347,163.4203041,236.6231089,280.0069805,280.9696124,
2824.08008,366.754893,163.3293015,236.7374739,279.9689478,280.9757382,
2829.052052,366.6987514,163.2382973,236.8518389,279.9309075,280.981864,
2834.024024,366.6549381,163.1472888,236.9662039,279.8928757,280.9879897,
2838.995996,366.6111153,163.0562856,237.0805688,279.853648,280.993297,
2843.967968,366.5672925,162.9652833,237.1949303,279.8065636,280.9983961,
2848.93994,366.5234791,162.87428,237.3092906,279.759436,281.003491,
2853.911912,366.4796569,162.7832737,237.3958267,279.7123002,281.0085825,
2858.883884,366.435843,162.6922678,237.4629487,279.6651667,281.0136779,
2863.855856,366.3920199,162.6012658,237.5276796,279.6180378,281.0187749,
2868.827828,366.3481986,162.510259,237.5924105,279.5709035,281.0238687,
2873.7998,366.3043838,162.4192519,237.657142,279.5237756,281.0289673,
2878.771772,366.2605607,162.3282499,237.7218722,279.4766395,281.0340592,
2883.743744,366.2167476,162.2372477,237.7866046,279.4295055,281.0391568,
2888.715716,366.1729245,162.1462444,237.851334,279.3823773,281.0442506,
2893.687688,366.1291046,162.0552362,237.9160666,279.3352412,281.0493477,
2898.65966,366.0852884,161.9642321,237.9807963,279.2881075,281.0544424,
2903.631632,366.0414653,161.8722719,238.0455283,279.240979,281.0595386,
2908.603604,365.9976462,161.7743877,238.1102588,279.1938441,281.0646341,
2913.575576,365.9538292,161.6588578,238.1749899,279.1467128,281.0697297,
2918.547548,365.9100106,161.5325245,238.2397215,279.0995808,281.0748255,
2923.51952,365.866193,161.4061914,238.3044512,279.0524474,281.0799191,
2928.491491,365.82237,161.2798583,238.3691844,279.0053186,281.0850134,
2933.463463,365.7785523,161.1535252,238.4339124,278.9581825,281.0901115,
2938.435435,365.7442751,161.027192,238.4986473,278.9110494,281.0952042,
2943.407407,365.7334959,160.900856,238.5633743,278.8642356,281.1003039,
2948.379379,365.7227167,160.7745175,238.6281087,278.822382,281.105395,
2953.351351,365.7119376,160.6481846,238.6928374,278.7898147,281.1104894,
2958.323323,365.7011584,160.5218517,238.7575697,278.7572499,281.1155863,
2963.295295,365.6903792,160.3955188,238.8223003,278.7246877,281.1206808,
2968.267267,365.6796,160.2691858,238.887031,278.6921207,281.1257775,
2973.239239,365.6688209,160.1428529,238.9279403,278.6595537,281.1187734,
2978.211211,365.6580417,160.01652,238.9226166,278.6269868,281.1033588,
2983.183183,365.6472625,159.8901851,238.9034161,278.5944203,281.0865278,
2988.155155,365.6364833,159.7638509,238.8842155,278.561854,281.0696967,
2993.127127,365.6257041,159.6375178,238.865015,278.5292868,281.0528643,
2998.099099,365.614925,159.5111847,238.8458208,278.4967233,281.0360278,
3003.071071,365.6041458,159.3848516,238.8266211,278.4641619,281.0191969,
3008.043043,365.5933666,159.2585185,238.8074202,278.4315949,281.0023669,
3013.015015,365.5825874,159.132182,238.7882214,278.3990278,280.985537,
3017.986987,365.5718081,159.0058466,238.7690222,278.3664608,280.9686983,
3022.958959,365.5610191,158.8795136,238.7498216,278.3338941,280.9518671,
3027.930931,365.5502399,158.7531807,238.730621,278.3013271,280.9350369,
3032.902903,365.5394607,158.6268478,238.7114205,278.2687601,280.9182006,
3037.874875,365.5286815,158.5005148,238.6922199,278.2361932,280.9013673,
3042.846847,365.5179023,158.3741819,238.6730194,278.20363,280.8845373,
3047.818819,365.5123877,158.247849,238.6538188,278.171067,280.8677068,
3052.790791,365.5159794,158.1215161,238.6346183,278.1384998,280.8508732,
3057.762763,365.5195692,157.9951802,238.615421,278.1128564,280.8340375,
3062.734735,365.523169,157.8688442,238.5962213,278.0946487,280.8172072,
3067.706707,365.5267588,157.7425111,238.577024,278.0768309,280.8003753,
3072.678679,365.5303554,157.6164684,238.557826,278.0590132,280.783545,
3077.650651,365.5339485,157.4916133,238.5386255,278.0411954,280.7667083,
3082.622623,365.5375445,157.3709932,238.5194249,278.0233777,280.7498778,
3087.594595,365.5411381,157.2503715,238.5002243,278.005557,280.7330452,
3092.566567,365.5447279,157.1297488,238.472007,277.9877369,280.7129934,
3097.538539,365.5483231,157.0091242,238.3697895,277.9699195,280.6916868,
3102.510511,365.5519176,156.8885029,238.2533302,277.952102,280.6702738,
3107.482482,365.5555122,156.7678829,238.1368646,277.9342845,280.6488628,
3112.454454,365.5591072,156.6472599,238.0203984,277.916467,280.6274507,
3117.426426,365.562697,156.526636,237.903933,277.8986496,280.6060362,
3122.398398,365.5662968,156.406012,237.787472,277.8808281,280.5846257,
3127.37037,365.5698867,156.2853941,237.6710098,277.8630079,280.5632096,
3132.342342,365.5734799,156.1647723,237.5545436,277.8451901,280.5418006,
3137.314314,365.5770763,156.0441478,237.4380774,277.8273724,280.5203831,
3142.286286,365.5806661,155.9235232,237.3216129,277.8095546,280.4989747,
3147.258258,365.5842659,155.8029022,237.2051548,277.7917369,280.4775581,
3152.23023,365.5878558,155.6822841,237.0886887,277.7739191,280.4561481,
3157.202202,365.588406,155.5616596,236.9722225,277.7561013,280.4347331,
3162.174174,365.5794247,155.441035,236.8557563,277.7380619,280.4133215,
3167.146146,365.5704355,155.3204105,236.7392962,277.7106924,280.3919081,
3172.118118,365.5614462,155.1997923,236.6228334,277.6789374,280.3704949,
3177.09009,365.5524578,155.0791714,236.5063677,277.6471823,280.3490837,
3182.062062,365.5434777,154.9585468,236.3899015,277.6154273,280.3276696,
3187.034034,365.5344884,154.8379227,236.2734378,277.5836725,280.3062583,
3192.006006,365.5254991,154.717301,236.1569772,277.5519246,280.2848428,
3196.977978,365.5165099,154.5966826,236.0405128,277.5201723,280.2634331,
3201.94995,365.5075301,154.4760586,235.9240466,277.4884172,280.2420162,
3206.921922,365.4985413,154.3554366,235.8075804,277.4566622,280.2206069,
3211.893894,365.4895521,154.2348186,235.6911198,277.4249072,280.2244166,
3216.865866,365.4805628,154.114195,235.5614859,277.3931522,280.23767,
3221.837838,365.4715819,153.9935704,235.4252373,277.3613972,280.2524795,
3226.80981,365.4625942,153.8729459,235.2875437,277.3296441,280.267286,
3231.781782,365.453605,153.7523267,235.1498494,277.2978898,280.2820968,
3236.753754,365.4446157,153.6359873,235.0121555,277.2661351,280.2969084,
3241.725726,365.4356337,153.529453,234.8744625,277.2343803,280.3117183,
3246.697698,365.4266472,153.4867066,234.7367663,277.2026308,280.3265309,
3251.66967,365.4176579,153.46145,234.5990708,277.170877,280.3413399,
3256.641642,365.4086686,153.4361919,234.4613796,277.139122,280.3561531,
3261.613614,365.3996855,153.4109319,234.3236836,277.107367,280.3709617,
3266.585586,365.3828197,153.3856724,234.1859908,277.075612,280.3857748,
3271.557558,365.3491098,153.3604164,234.0482952,277.0438569,280.4005842,
3276.52953,365.3153998,153.3351584,233.9106035,277.0121019,280.4153963,
3281.501502,365.2816998,153.3098995,233.7729098,276.9803469,280.4302066,
3286.473473,365.2479898,153.2846395,233.6352139,276.948597,280.4450179,
3291.445445,365.2142799,153.2593822,233.4975188,276.9033614,280.4598267,
3296.417417,365.1805799,153.2341256,233.3598242,276.8545575,280.4746349,
3301.389389,365.1468699,153.2088664,233.2221295,276.8055365,280.4894457,
3306.361361,365.11316,153.183607,233.0844401,276.7565091,280.5042569,
3311.333333,365.07946,153.158348,232.9467441,276.7074846,280.5190677,
3316.305305,365.04575,153.1330919,232.8090481,276.6584634,280.5338787,
3321.277277,365.0120428,153.1078336,232.6713529,276.6094424,280.54869,
3326.249249,364.9783401,153.0825739,232.5336569,276.5604214,280.5635003,
3331.221221,364.9446301,153.057315,232.3959668,276.5114003,280.5852363,
3336.193193,364.9109302,153.0320577,232.2820427,276.462371,280.6079999,
3341.165165,364.8772202,153.0068015,232.1890944,276.4133483,280.6308728,
3346.137137,364.8435102,152.9815411,232.1010547,276.3643273,280.6537464,
3351.109109,364.8098102,152.9562818,232.0130126,276.3153063,280.6766201,
3356.081081,364.7761003,152.9310235,231.9249661,276.2662853,280.6994899,
3361.053053,364.7423903,152.9057674,231.8369265,276.2172642,280.7223597,
3366.025025,364.7086903,152.880509,231.7488858,276.1682427,280.7452331,
3370.996997,364.6749804,152.8552481,231.6608387,276.1192122,280.7681064,
3375.968969,364.6410669,152.8299902,231.5727982,276.0701912,280.7909798,
3380.940941,364.6063034,152.8047332,231.4847572,276.0211702,280.8138531,
3385.912913,364.5715487,152.7794772,231.3967169,275.9721491,280.8367255,
3390.884885,364.5367847,152.7542161,231.3086735,275.923128,280.8595991,
3395.856857,364.5020206,152.7289564,231.2206291,275.8741046,280.8824727,
3400.828829,364.4672565,152.7036992,231.1325878,275.8250761,280.9053387,
3405.800801,364.4325024,152.7043432,231.0445465,275.7760551,280.92821,
3410.772773,364.3977383,152.7452989,230.9565014,275.7269698,280.9510836,
3415.744745,364.3629742,152.8500156,230.8684586,275.6772167,280.9739572,
3420.716717,364.3282102,152.9547324,230.7804189,275.6272342,280.9968305,
3425.688689,364.2934492,153.059447,230.6923744,275.5772594,281.0197035,
3430.660661,364.258692,153.1641574,230.6043341,275.527277,281.0425769,
3435.632633,364.2239279,153.2688727,230.5162912,275.4773021,281.0654503,
3440.604605,364.1891638,153.3735893,230.4282472,275.4273192,281.0883224,
3445.576577,364.154404,153.478306,230.3402057,275.3773408,281.1097463,
3450.548549,364.1196456,153.5830227,230.2521639,275.3273619,281.1149062,
3455.520521,364.0848816,153.6877395,230.1871968,275.2773831,281.119323,
3460.492492,364.0501175,153.7924562,230.1697806,275.2274046,281.1237388,
3465.464464,364.0153534,153.8971729,230.159325,275.1774254,281.1281528,
3470.436436,363.9805993,154.0018896,230.1488723,275.1274466,281.1325709,
3475.408408,363.9458352,154.1066064,230.1384107,275.0774649,281.1369865,
3480.38038,363.9110711,154.2113231,230.1279575,275.0274893,281.141402,
3485.352352,363.87771,154.3160398,230.1174975,274.9775078,281.1458174,
3490.324324,363.848087,154.4207566,230.1070425,274.927532,281.150233,
3495.296296,363.818457,154.5254733,230.0965854,274.8775507,281.1546501,
3500.268268,363.7888311,154.63019,230.0861285,274.8275747,281.1590645,
3505.24024,363.7592082,154.7349067,230.075675,274.7775935,281.1634819,
3510.212212,363.7295852,154.8396235,230.0652196,274.7276174,281.1678958,
3515.184184,363.6999623,154.9443402,230.0547599,274.6776364,281.1723134,
3520.156156,363.6703309,155.0490569,230.0443065,274.6402357,281.176727,
3525.128128,363.6407064,155.1537736,230.0338449,274.6392286,281.1811454,
3530.1001,363.6110834,155.2584904,230.0233924,274.6455527,281.1855601,
3535.072072,363.5814605,155.3632071,230.0129317,274.6518726,281.1899738,
3540.044044,363.5518375,155.4679224,230.0024774,274.6581965,281.1943891,
3545.016016,363.5222145,155.5726367,229.9920249,274.6645165,281.1988039,
3549.987988,363.4925816,155.6773532,229.981567,274.6708403,281.2032204,
3554.95996,363.4629586,155.7820698,229.9711098,274.6771605,281.2076383,
3559.931932,363.4333357,155.8867863,229.9606538,274.683484,281.2120524,
3564.903904,363.4037127,155.9915029,229.9501948,274.6898044,281.2154582,
3569.875876,363.3740898,156.0962179,229.939742,274.6961278,281.2144524,
3574.847848,363.3444653,156.2009311,229.9346332,274.7024475,281.212511,
3579.81982,363.3148339,156.3056476,229.9913071,274.7087701,281.2105688,
3584.791792,363.2852109,156.4103644,230.0688345,274.7150912,281.2086276,
3589.763764,363.255588,156.5150811,230.1468483,274.7214136,281.2066866,
3594.735736,363.222858,156.6260766,230.2248668,274.7277323,281.2047455,
3599.707708,363.1843153,156.7671824,230.3028807,274.7340532,281.2028044,
3604.67968,363.1457825,156.9539652,230.3808968,274.7403761,281.2008579,
3609.651652,363.1072497,157.140748,230.4589126,274.7466972,281.1989123,
3614.623624,363.0687169,157.3275308,230.5369268,274.7530198,281.1969712,
3619.595596,363.0301841,157.5143136,230.6149457,274.7593411,281.1950302,
3624.567568,362.9916514,157.7010964,230.6929615,274.7656636,281.1930891,
3629.53954,362.9531186,157.8878792,230.7709768,274.7762454,281.191148,
3634.511512,362.9145858,158.074662,230.8489968,274.7938441,281.1892068,
3639.483483,362.876053,158.2614448,230.9270082,274.813647,281.1872638,
3644.455455,362.8375202,158.4482276,231.0050268,274.83345,281.1853225,
3649.427427,362.7989874,158.6350104,231.08304,274.8532529,281.1833811,
3654.399399,362.7604447,158.8217932,231.1610568,274.8730559,281.1814398,
3659.371371,362.7219119,159.0085761,231.2390736,274.8928588,281.1794985,
3664.343343,362.6833791,159.1953589,231.3170889,274.9126618,281.1775572,
3669.315315,362.6448463,159.3821417,231.3951068,274.9324647,281.1756158,
3674.287287,362.6063135,159.5689245,231.4731247,274.9522677,281.1736745,
3679.259259,362.5677807,159.7557073,231.5511368,274.9720706,281.1717312,
3684.231231,362.529248,159.9424901,231.6291565,274.9918736,281.1700055,
3689.203203,362.4907152,160.1292729,231.7071675,275.0116765,281.1688117,
3694.175175,362.4521824,160.3160557,231.7851868,275.0314795,281.1676671,
3699.147147,362.4136496,160.5028385,231.8776828,275.0512824,281.1665229,
3704.119119,362.3751168,160.6896213,231.975793,275.0710854,281.1653875,
3709.091091,362.336574,160.8764041,232.0748714,275.0908883,281.1642433,
3714.063063,362.2980413,161.0631869,232.1739498,275.1106913,281.1630987,
3719.035035,362.2555339,161.2499697,232.2730283,275.1304942,281.1619568,
3724.007007,362.1979188,161.4367521,232.3721067,275.1502972,281.1608173,
3728.978979,362.1402936,161.6235347,232.4711852,275.1701001,281.159675,
3733.950951,362.0826685,161.8103173,232.5702636,275.1899031,281.1585304,
3738.922923,362.0250533,161.9970999,232.669342,275.194421,281.1573898,
3743.894895,361.9674282,162.1838825,232.7684205,275.1856263,281.1562512,
3748.866867,361.909803,162.3706652,232.8674989,275.1743067,281.1551066,
3753.838839,361.8521879,162.5574478,232.9665774,275.1629865,281.1539637,
3758.810811,361.7945627,162.7442304,233.0656558,275.1516712,281.1528274,
3763.782783,361.7369375,162.931013,233.1647343,275.1403552,281.1516829,
3768.754755,361.6793224,163.0638289,233.2638162,275.1290358,281.1505383,
3773.726727,361.6216972,163.1941895,233.362899,275.1177156,281.1493945,
3778.698699,361.5640721,163.3232917,233.4619772,275.1063998,281.148257,
3783.670671,361.5064569,163.4523939,233.5610558,275.0950841,281.1471145,
3788.642643,361.4488318,163.5814961,233.6601365,275.083765,281.1459699,
3793.614615,361.3912066,163.7105982,233.7592149,275.0724487,281.1448307,
3798.586587,361.3335915,163.8397004,233.8582934,275.0611334,281.1436907,
3803.558559,361.2759663,163.9688026,233.9573718,275.0498144,281.1425461,
3808.530531,361.2183412,164.0979048,234.0564502,275.0384941,281.1414042,
3813.502503,361.160726,164.2270104,234.1555287,275.0271771,281.1402661,
3818.474474,361.1031008,164.3561151,234.2546071,275.0158624,281.136379,
3823.446446,361.0454757,164.4852171,234.3536856,275.0045435,281.1165188,
3828.418418,360.9828479,164.6143216,234.452764,274.9932259,281.0915852,
3833.39039,360.8656685,164.7434257,234.5461858,274.9819117,281.0666516,
3838.362362,360.7484891,164.8725278,234.6217862,274.9705929,281.0417179,
3843.334334,360.6313131,165.00163,234.6892358,274.9592727,281.0167843,
3848.306306,360.5141404,165.1307322,234.7566768,274.9102408,280.9918507,
3853.278278,360.396961,165.2598344,234.8241233,274.832144,280.966917,
3858.25025,360.2797816,165.3889366,234.891568,274.7497034,280.9419834,
3863.222222,360.1626022,165.5180387,234.9590099,274.6672629,280.9170498,
3868.194194,360.0454228,165.6471409,235.0264551,274.5848214,280.8921161,
3873.166166,359.9282451,165.7762449,235.0939005,274.5023809,280.8671825,
3878.138138,359.8110741,165.905349,235.161346,274.4199407,280.8422489,
3883.11011,359.6938947,166.034451,235.2287924,274.3375004,280.8173152,
3888.082082,359.5767153,166.163556,235.296235,274.2550512,280.7923816,
3893.054054,359.4595359,166.2926618,235.363677,274.1726099,280.767448,
3898.026026,359.3423568,166.421764,235.4311256,274.0901696,280.7425143,
3902.997998,359.2251872,166.5508662,235.498568,274.0077294,280.7175807,
3907.96997,359.1080075,166.6799683,235.5660167,273.9252891,280.6926471,
3912.941942,358.9908284,166.8090705,235.6334599,273.8428475,280.6677134,
3917.913914,358.873649,166.9381727,235.7009012,273.7604069,280.6427798,
3922.885886,358.7564697,167.0672749,235.7683477,273.6779663,280.6178462,
3927.857858,358.6392903,167.1963771,235.8357932,273.5955258,280.5929126,
3932.82983,358.5221192,167.3254798,235.9032344,273.5130852,280.5679789,
3937.801802,358.4049415,167.4545832,235.9706784,273.4306447,280.5430453,
3942.773774,358.2877622,167.5836909,236.0381265,273.3482042,280.5181117,
3947.745746,358.1705828,167.7127958,236.1055692,273.265757,280.493178,
3952.717718,358.0534034,167.8418979,236.1730183,273.1833167,280.4682444,
3957.68969,357.6910839,167.9129851,236.1532388,273.051005,280.3620388,
3962.661662,357.3140096,167.9538016,236.107913,272.8993784,280.215819,
3967.633634,356.9369289,167.9946223,236.0625853,272.7474608,280.0695991,
3972.605606,356.5598509,168.0354395,236.0172636,272.5955377,279.9233793,
3977.577578,356.1827765,168.076255,235.9719319,272.4436143,279.7771594,
3982.54955,355.8056922,168.1170746,235.9266102,272.291691,279.6309349,
3987.521522,355.4286178,168.1578936,235.8812844,272.1397766,279.4847097,
3992.493493,355.0515335,168.1987096,235.8359567,271.9878543,279.3384899,
3997.465465,354.6744591,168.2395254,235.790635,271.835931,279.19227,
4002.437437,354.2973847,168.28034,235.7453033,271.6840076,279.0460502,
4007.409409,353.9203004,168.3211585,235.6999806,271.53209,278.8998303,
4012.381381,353.543226,168.361977,235.654653,271.3801704,278.7536105,
4017.353353,353.1661417,168.4027941,235.6093281,271.2282476,278.6073905,
4022.325325,352.7890673,168.4436119,235.5639983,271.0763243,278.4611608,
4027.297297,352.41199,168.4844299,235.5186747,270.9244071,278.314941,
4032.269269,352.0349086,168.4175971,235.4733508,270.7734713,278.1687211,
4037.241241,351.6578343,168.2093793,235.4280213,270.6477989,278.0225013,
4042.213213,351.2807499,167.994915,235.3826996,270.5299622,277.8762814,
4047.185185,350.8105081,167.7804507,235.2794072,270.412125,277.7300616,
4052.157157,350.0425986,167.5659865,235.1098353,270.2942879,277.5838417,
4057.129129,349.274696,167.3515222,234.9332913,270.1764573,277.2259305,
4062.101101,348.5067849,167.1370602,234.7567492,270.0586233,276.6291343,
4067.073073,347.7388746,166.9226003,234.5802086,269.9407863,275.9847883,
4072.045045,346.9709728,166.7081394,234.403663,269.8229492,275.3404363,
4077.017017,346.2030617,166.4936751,234.2271177,269.7051125,274.6960919,
4081.988989,345.4351507,166.2792108,234.0505741,269.5872757,274.0517387,
4086.960961,344.6672396,166.0647466,233.8740359,269.4694441,273.4073944,
4091.932933,343.8993378,165.8502823,233.6974905,269.3516106,272.7630423,
4096.904905,343.1314274,165.6358275,233.5209452,269.2337734,272.1186964,
4101.876877,342.3635164,165.4213633,233.3443998,269.1159362,271.474346,
4106.848849,341.5956138,165.2068994,233.1678622,268.9981004,270.8299984,
4111.820821,340.8277042,164.9924352,232.9913173,268.8802644,270.1856496,
4116.792793,340.0597932,164.7779709,232.8147729,268.7624312,269.5413005,
4121.764765,339.2918821,164.4274558,232.6382333,268.6445976,268.8969532,
4126.736737,338.5239784,164.0039,232.4616887,268.5267604,268.2526025,
4131.708709,337.7560699,163.5803426,232.2851461,268.4089233,267.6082568,
4136.680681,336.9881589,163.156791,232.0629966,268.2910879,266.9639046,
4141.652653,336.2202543,162.7332377,231.735662,268.1732531,266.3195604,
4146.624625,335.4523467,162.3096789,231.385996,268.0554162,265.6752072,
4151.596597,334.6844357,161.8861243,231.0363317,267.9375814,265.0308626,
4156.568569,333.8121893,161.4625701,230.6866583,267.8197455,264.2890303,
4161.540541,332.1320705,161.0390157,230.3369944,267.6239938,263.0627097,
4166.512513,330.4519418,160.6154609,229.9873267,267.2967155,261.5841892,
4171.484484,328.771823,160.1919072,229.6376573,266.9548734,260.1056681,
4176.456456,327.0916942,159.7683532,229.2879928,266.6130313,258.6271478,
4181.428428,325.4115697,159.3447976,228.9383273,266.2711892,257.1486229,
4186.4004,323.7314467,158.9212437,228.5886568,265.9293471,255.6700998,
4191.372372,322.0513179,158.4976912,228.2389913,265.587505,254.1915775,
4196.344344,320.3711992,158.0942631,227.8893274,265.245663,252.7130566,
4201.316316,318.6910704,157.7626689,227.5417976,264.9038209,251.2345303,
4206.288288,317.0109516,157.4475486,227.2219755,264.5619788,249.7560098,
4211.26026,315.3308229,157.1324244,226.9021483,264.2201367,248.2774857,
4216.232232,313.6506964,156.8173032,226.5823221,263.8782946,246.7989646,
4221.204204,311.9705753,156.5021805,226.262499,263.5364525,245.3204398,
4226.176176,310.2904465,156.1870578,225.9426693,263.1946124,243.8419181,
4231.148148,308.6103278,155.8719368,225.6228471,262.8527784,242.3633945,
4236.12012,306.930199,155.5568124,225.30302,262.5109363,240.8848742,
4241.092092,305.2500802,155.2416914,224.9831938,262.1690942,239.4063517,
4246.064064,303.5699515,154.926567,224.6633707,261.8272521,237.9278298,
4251.036036,301.8898327,154.6114465,224.343541,261.48541,236.4493051,
4256.008008,300.2097039,154.2963216,224.0237188,261.1435679,234.970783,
4260.97998,298.5295752,153.9811956,223.7038917,260.8017259,232.9653329,
4265.951952,296.7658941,153.6660762,223.3840654,260.4598838,230.5338053,
4270.923924,294.6492863,153.3509518,223.0642424,260.1180417,228.0593571,
4275.895896,292.5326882,153.0358308,222.7444123,259.7761996,225.5849041,
4280.867868,290.41608,152.7207081,222.4245856,259.4343575,223.1104555,
4285.83984,288.2994802,152.4266458,222.1047606,259.084568,220.6360001,
4290.811812,286.1828736,152.1759403,221.7849351,258.2102477,218.1615481,
4295.783784,284.0662732,151.9272232,221.4651094,257.1635094,215.6870985,
4300.755756,281.9496672,151.6785027,221.1452841,256.1167711,213.2126477,
4305.727728,279.8330663,151.4297864,220.8254585,255.0700328,210.7381967,
4310.6997,277.7164608,151.1810718,220.5056304,254.0232945,208.263741,
4315.671672,275.5998527,150.9323513,220.1858054,252.9765562,205.7892921,
4320.643644,273.4832545,150.6836325,219.5274028,251.9298179,203.3148393,
4325.615616,271.3666463,150.4349201,218.5439708,250.8830796,200.8403915,
4330.587588,269.2500481,150.1862029,217.5370881,249.8363413,198.3659378,
4335.55956,267.1334399,149.9374882,216.5302043,248.789603,195.8914905,
4340.531532,265.016837,149.7348368,215.5233152,247.7428648,193.4170347,
4345.503504,262.9002335,149.6374668,214.5164302,246.6961265,190.9425821,
4350.475475,260.7836301,149.5514596,213.5095475,245.6493882,188.468133,
4355.447447,258.6670271,149.4654428,212.5026611,244.6026499,185.9936815,
4360.419419,256.550419,149.3794262,211.4957723,243.5559116,183.3803369,
4365.391391,254.4338208,149.2934157,210.4888896,242.5091733,180.4173187,
4370.363363,252.3172126,149.2074022,209.4820067,241.462435,177.2966666,
4375.335335,250.2006144,149.1213854,208.4751144,240.4156967,174.1760179,
4380.307307,248.0840062,149.0353712,207.4682317,239.3689584,171.0553656,
4385.279279,245.9674008,148.9493617,206.4613491,238.3222201,167.9347194,
4390.251251,243.8507998,148.8633448,205.4544603,237.2754818,164.8140668,
4395.223223,241.7341939,148.7773283,204.4475739,236.2287424,161.6934124,
4400.195195,239.6175935,148.6913184,203.4406912,234.8132719,158.5727681,
4405.167167,237.5009819,148.6053043,202.4338062,233.1568873,155.4521137,
4410.139139,234.2244875,148.5192874,201.1656391,231.4650253,152.3314615,
4415.111111,230.7146344,148.4332781,199.3993307,229.7731604,149.210815,
4420.083083,227.2047892,148.1584025,197.5450309,228.0812981,146.0901632,
4425.055055,223.694945,147.8166174,195.6907264,226.3894334,142.9695145,
4430.027027,220.1850908,147.4748394,193.8364293,224.6975709,139.8488619,
4434.998999,216.6752466,147.1330547,191.9821322,223.0057065,136.7282136,
4439.970971,213.1653925,146.7912716,190.127832,221.3138436,133.6075631,
4444.942943,209.6555477,146.4494869,188.2735285,219.6219844,130.4869088,
4449.914915,206.1456941,146.1077018,186.4192308,217.9301206,127.3662628,
4454.886887,202.6358488,145.7659167,184.5649337,216.2382578,124.24561,
4459.858859,199.1259958,145.4241364,182.7106366,214.5463941,121.1249648,
4464.830831,195.6161499,145.0823564,180.8563352,212.8545305,118.1693835,
4469.802803,192.1062974,144.7405713,179.0020327,211.1626672,115.3056425,
4474.774775,188.596451,144.3987862,177.1477352,209.4708033,112.441908,
4479.746747,185.0865991,144.0570022,175.2934381,207.7789403,109.5781685,
4484.718719,181.5767549,143.7152175,173.439141,206.087076,106.7144362,
4489.690691,178.0669007,143.3734409,171.5848368,204.3952133,103.8506995,
4494.662663,174.5570565,143.0316558,169.7305367,202.7033488,100.9869632,
4499.634635,171.0472024,142.6898707,167.8629555,201.0114886,98.12322889,
4504.606607,167.5373582,142.2568403,165.838508,199.3196252,95.25949302,
4509.578579,164.027504,141.3118171,163.7498874,197.627763,92.39575709,
4514.550551,160.5176598,140.2698492,161.6612739,195.935901,89.5320208,
4519.522523,157.1109544,139.2278763,159.5726562,194.2440357,86.66828542,
4524.494494,153.7145009,138.1859034,157.4840367,192.342324,83.80454916,
4529.466466,150.3180474,137.1439321,155.3954249,189.8918069,80.94081352,
4534.438438,146.9215939,136.1019576,153.3068043,187.2318412,78.0770776,
4539.41041,143.5251504,135.0599896,151.2181908,184.5718761,75.21334187,
4544.382382,140.1286969,134.0180176,149.129573,181.91191,72.34960584,
4549.354354,136.7322435,132.9760438,147.0409536,179.2519469,69.48586992,
4554.326326,133.33579,131.9340759,144.9523418,176.5919843,66.62213418,
4559.298298,129.9393365,130.8921064,142.8637212,173.932016,63.75839812,
4564.27027,126.542883,129.8501326,140.7751078,171.2720537,61.39693854,
4569.242242,123.1464395,128.8081622,138.6864899,168.6120851,59.62147283,
4574.214214,119.749986,127.7661943,136.5978705,165.9521233,57.9681845,
4579.186186,116.3535325,126.7242214,134.5092587,163.2921556,56.31489585,
4584.158158,112.957079,125.2626025,132.4206381,160.6321926,54.66160776,
4589.13013,109.5606255,123.4340576,130.3320247,157.9722243,53.00831972,
4594.102102,106.164172,121.5968963,128.2434068,155.312262,51.35503136,
4599.074074,102.7677285,119.7597256,126.1547875,152.6522929,49.70174269,
4604.046046,99.37127207,117.9225641,124.0661756,149.9923313,48.04845467,
4609.018018,95.97482053,116.0853938,121.9775549,147.3323616,46.39516659,
4613.98999,92.57836903,114.2482278,119.8889416,144.6724012,44.7418781,
4618.961962,89.18191654,112.4110621,117.5494728,142.0124398,43.0885896,
4623.933934,85.78546505,110.5738968,114.7983229,139.3524703,41.43530158,
4628.905906,83.1197744,108.7367303,112.0266212,136.6925086,39.78201352,
4633.877878,80.65353611,106.8995594,109.2549206,134.0325396,38.12872477,
4638.84985,78.18729768,105.0623966,106.4832208,131.361614,36.47543651,
4643.821822,75.72105937,103.2252281,103.7115256,128.6823012,34.82214848,
4648.793794,73.25482105,101.3880652,100.939822,126.0027355,33.16886046,
4653.765766,70.78858274,99.55089715,98.16812184,123.3231698,31.51557239,
4658.737738,68.32234369,97.67982521,95.39642224,120.6436014,29.86228352,
4663.70971,65.8561054,95.50154141,92.62472272,117.9640291,28.20899539,
4668.681682,63.3898668,93.24765646,89.85302227,115.2844627,26.55570737,
4673.653654,60.92362849,90.99377128,87.08132268,112.604897,24.90241906,
4678.625626,58.45739017,88.73988647,84.30962316,109.9253312,23.4275074,
4683.597598,55.99115186,86.48600115,81.53792309,107.2457655,22.37164633,
4688.56957,53.52491298,84.23211644,78.76622312,104.5661998,21.49298728,
4693.541542,51.05867469,81.97823102,75.9945236,101.8866302,20.61432852,
4698.513514,48.59243592,79.72434639,73.22282393,99.20706261,19.73567003,
4703.485485,46.12619761,77.47046097,70.45112356,96.52749584,18.85701071,
4708.457457,43.65995929,75.21657632,67.786503,93.84792832,17.97835207,
4713.429429,41.19372098,72.96269101,65.52130255,91.16836134,17.09969359,
4718.401401,38.72748267,70.7088062,63.41981631,88.48879431,16.22103411,
4723.373373,36.26124398,68.45492109,61.31832971,85.80922701,15.34237562,
4728.345345,33.79500504,66.20103608,59.21684322,83.12965986,14.46371701,
4733.317317,31.32876926,63.94715116,57.11535657,80.45009254,13.58505795,
4738.289289,29.90801936,61.88416666,55.01387032,77.77052558,12.70639918,
4743.261261,28.6536627,60.04099821,52.91238408,75.09095816,11.82774069,
4748.233233,27.39930652,58.20932082,50.81089774,72.76849718,10.94908166,
4753.205205,26.1449498,56.37764369,48.70941103,70.82507483,10.07042275,
4758.177177,24.89059368,54.54596653,46.60792475,68.98902132,9.191764064,
4763.149149,23.63623676,52.71428963,44.50643819,67.15296781,8.313105255,
4768.121121,22.38187996,50.88261215,42.40495184,65.31691377,7.434446446,
4773.093093,21.12752392,49.05093495,40.3034656,63.48085987,6.555787638,
4778.065065,19.87316706,47.21925795,38.20197935,61.64480634,5.681591523,
4783.037037,18.61881107,45.38758079,36.10049267,59.8087528,5.078371622,
4788.009009,17.36445415,43.55590374,33.99900607,57.97269928,4.775059434,
4792.980981,16.11009723,41.72422627,31.89751979,56.13664577,4.471747272,
4797.952953,14.85574126,39.89254938,29.85723873,54.30059226,4.168435158,
4802.924925,13.60138439,38.06087217,28.37825596,52.46453875,3.865122973,
4807.896897,12.34702837,36.22919483,27.3105939,50.62848524,3.561810786,
4812.868869,11.09267155,34.42271735,26.24293165,48.79243166,3.258498656,
4817.840841,9.838315048,33.10277755,25.17526903,46.95637806,2.955186512,
4822.812813,8.583958513,31.93563309,24.10760737,45.12032452,2.651874325,
4827.784785,7.329601978,30.76848864,23.03994475,43.28427099,2.348562138,
4832.756757,6.075245443,29.60134419,21.97228263,41.44821745,2.045249967,
4837.728729,4.820888908,28.43419957,20.90462046,39.61216392,1.741937861,
4842.700701,3.566539591,27.26705429,19.83695785,37.77611038,1.438625677,
4847.672673,3.055418283,26.09990984,18.76929606,35.94005685,1.135313495,
4852.644645,2.591900229,24.93276539,17.70163358,34.10400331,0.83200135,
4857.616617,2.128382114,23.76562093,16.63397137,32.42102883,0.528689188,
4862.588589,1.664864023,22.59847648,15.56630925,31.18569682,0.225377025,
4867.560561,1.201345969,21.43133203,14.49864668,30.2450411,-0.077935134,
4872.532533,0.73782787,20.26418733,13.43098476,29.30438517,-0.381247297,
4877.504505,0.274309782,19.09704284,12.36332241,28.36372964,-0.684559459,
4882.476476,-0.189208301,17.92989835,11.29565978,27.4230741,-0.907400703,
4887.448448,-0.652726389,16.76275386,10.22799784,26.48241843,-0.991931265,
4892.42042,-1.116244498,15.81351147,9.449279157,25.54176244,-1.03682136,
4897.392392,-1.579762552,15.1886215,9.076549741,24.60110688,-1.081711443,
4902.364364,-2.043280605,14.59173047,8.708069206,23.66045132,-1.126601624,
4907.336336,-2.506798759,13.99483943,8.339588591,22.7197957,-1.171491708,
4912.308308,-2.970316812,13.39794839,7.971108054,21.77913989,-1.216381791,
4917.28028,-3.433834865,12.80105736,7.602627459,20.83848435,-1.261271895,
4922.252252,-3.897353019,12.20416641,7.234146862,19.89782872,-1.306162056,
4927.224224,-4.360871072,11.60727607,6.865666327,18.9571725,-1.351052139,
4932.196196,-4.824389126,11.01038525,6.497185711,18.01651694,-1.39594223,
4937.168168,-5.287907279,10.41349422,6.128705159,17.07586138,-1.440832366,
4942.14014,-5.751425333,9.816603179,5.760224579,16.13520581,-1.485722487,
4947.112112,-6.214943386,9.219712277,5.391743964,15.19455025,-1.530612569,
4952.084084,-6.67846154,8.622821316,5.023263387,14.25389461,-1.575502659,
4957.056056,-6.873383238,8.025930396,4.654782832,13.31323907,-1.62039282,
4962.028028,-7.007646372,7.429039497,4.286302216,12.37258352,-1.665282917,
4967.0,-7.1419096,6.8321486,3.9178217,11.431927,-1.710173,
